source,band_index,band,wins,losses,games,record,avg pick prob %,realized pick win %,CI low %,CI high %,avg pick margin,avg pick spread
model,0,50-55%,84,43,127,84-43 (.661),52.663108003011395,66.14173228346456,57.54522310020593,73.79037658674379,2.8346456692913384,1.1220472440944882
model,1,55-60%,105,53,158,105-53 (.665),57.54456034810924,66.45569620253164,58.78039021402277,73.3497913956499,4.044303797468355,2.3132911392405062
model,2,60-65%,86,40,126,86-40 (.683),62.501194724122435,68.25396825396825,59.688918731596296,75.73886404372378,4.222222222222222,3.2261904761904763
model,3,65-70%,92,53,145,92-53 (.634),67.43394952105848,63.44827586206897,55.35665825588361,70.84569377473149,4.944827586206896,4.517241379310345
model,4,70-75%,86,35,121,86-35 (.711),72.49344153400237,71.07438016528926,62.44569751254295,78.40606984705512,6.363636363636363,6.074380165289257
model,5,75-80%,61,18,79,61-18 (.772),77.48989879019265,77.21518987341773,66.83294466956346,85.07334395837226,9.189873417721518,6.943037974683544
model,6,80%+,100,23,123,100-23 (.813),85.56588269092128,81.30081300813008,73.50138280136342,87.20425320448956,12.91869918699187,10.552845528455284
model,7,All picks,614,265,879,614-265 (.699),66.95260576586968,69.85210466439135,66.73734492609945,72.79409536851286,6.06712172923777,4.722411831626848
market,0,50-55%,61,48,109,61-48 (.560),52.50002039481239,55.96330275229358,46.598353421662544,64.92222055105674,0.3302752293577982,1.518348623853211
market,1,55-60%,129,76,205,129-76 (.629),57.691936538144795,62.926829268292686,56.13391322467205,69.24417236747051,3.3024390243902437,2.734146341463415
market,2,60-65%,103,47,150,103-47 (.687),62.313498723720215,68.66666666666667,60.855876156541086,75.54520131535207,5.6466666666666665,3.51
market,3,65-70%,81,44,125,81-44 (.648),67.51431744035679,64.8,56.10009206996934,72.61734080885242,5.392,5.064
market,4,70-75%,82,23,105,82-23 (.781),72.53609882609608,78.0952380952381,69.27024592140118,84.93696896702383,8.4,6.628571428571429
market,5,75-80%,60,32,92,60-32 (.652),77.27853092831988,65.21739130434783,55.052482981095196,74.16238822305831,7.293478260869565,8.08695652173913
market,6,80%+,80,9,89,80-9 (.899),85.11462381002188,89.88764044943821,81.88613249575371,94.58820659362001,15.02247191011236,12.393258426966293
market,7,All picks,596,279,875,596-279 (.681),65.87060622079352,68.11428571428571,64.95290092691964,71.11730785700684,5.856,5.061142857142857
