game_id,season,week,away,home,gameday,gametime,site,result,away_score,home_score,home won,ready,spread_line,home_moneyline,away_moneyline,market_wp,model_wp,model_spread,homefield_wp,composite_log_odds,recipe,away_qb_expected,away_qb_usual,home_qb_expected,home_qb_usual,away_injury_report,home_injury_report,home__avail__qb_delta,home__avail__OL_out,home__avail__WRTE_out,home__avail__RB_out,home__avail__DL_out,home__avail__LB_out,home__avail__DB_out,home__avail__OL_out_cs,home__avail__WRTE_out_cs,home__avail__RB_out_cs,home__avail__DL_out_cs,home__avail__LB_out_cs,home__avail__DB_out_cs,away__avail__qb_delta,away__avail__OL_out,away__avail__WRTE_out,away__avail__RB_out,away__avail__DL_out,away__avail__LB_out,away__avail__DB_out,away__avail__OL_out_cs,away__avail__WRTE_out_cs,away__avail__RB_out_cs,away__avail__DL_out_cs,away__avail__LB_out_cs,away__avail__DB_out_cs
2026_05_BAL_ATL,2026,5,BAL,ATL,2026-10-11,20:20,1,,,,,True,3.5,-180,150,0.616438,0.709701,6.83457,0.542471,0.893933,rates_core_avail_cs_peaks_nosacks_h8_r0.1_market_product_1sd_i0.1,T.Huntley,L.Jackson,M.Penix,M.Penix,final,final,0.51735,0.0408598,0,0,0.0516467,0.213397,0.0515933,0.0408598,0,0,0.0516467,0.213397,0.0515933,-1.27248,0.149102,0.174129,0,0,0.125259,0.0344003,0.149102,0.174129,0,0,0.125259,0.0344003
2026_05_BUF_LA,2026,5,BUF,LA,2026-10-12,20:15,1,,,,,True,3,-175,145,0.609236,0.650504,4.78325,0.542471,0.621255,rates_core_avail_cs_peaks_nosacks_h8_r0.1_market_product_1sd_i0.1,J.Allen,J.Allen,M.Stafford,M.Stafford,practice,practice,0.0141324,0,0.144198,0.0273973,0,0.0462428,0,0,0.144198,0.0273973,0,0.0462428,0,0.0530699,0,0,0,0,0,0.00940666,0,0,0,0,0,0.00940666
2026_05_CHI_GB,2026,5,CHI,GB,2026-10-11,13:00,1,,,,,True,-1.5,105,-125,0.467532,0.498569,-0.0443761,0.542471,-0.00572465,rates_core_avail_cs_peaks_nosacks_h8_r0.1_market_product_1sd_i0.1,C.Williams (Q) / T.Bagent,T.Bagent,J.Love,J.Love,final,final,0.0601103,0.237392,0.0406746,0.403162,0.0217298,0.412727,0,0.237392,0.0406746,0.403162,0.0217298,0.412727,0,-0.0712101,0.0916031,0,0.408228,0,0,0,0.0916031,0,0.408228,0,0,0
2026_05_CIN_MIA,2026,5,CIN,MIA,2026-10-11,13:00,1,,,,,True,-7,280,-355,0.252217,0.257985,-8.03518,0.542471,-1.05647,rates_core_avail_cs_peaks_nosacks_h8_r0.1_market_product_1sd_i0.1,J.Burrow,J.Burrow,M.Willis,M.Willis,final,final,0.0922322,0,0.122449,0.34727,0.103103,0.00361156,0.00266193,0,0.122449,0.34727,0.103103,0.00361156,0.00266193,0.178807,0,0.172062,0,0,0,0.159859,0,0.172062,0,0,0,0.159859
2026_05_CLE_NYJ,2026,5,CLE,NYJ,2026-10-11,13:00,1,,,,,True,2.5,-135,114,0.551441,0.543821,1.36149,0.542471,0.175733,rates_core_avail_cs_peaks_nosacks_h8_r0.1_market_product_1sd_i0.1,D.Watson,D.Watson,G.Smith,G.Smith,final,final,0.393127,0.149541,0.121951,0.476,0.136461,0.00954198,0,0.149541,0.121951,0.476,0.136461,0.00954198,0,0.308659,0,0.0483871,0,0.240775,0,0,0,0.0483871,0,0.240775,0,0
2026_05_DEN_LAC,2026,5,DEN,LAC,2026-10-11,16:05,1,,,,,True,-3.5,160,-192,0.36906,0.413441,-2.70536,0.542471,-0.34976,rates_core_avail_cs_peaks_nosacks_h8_r0.1_market_product_1sd_i0.1,B.Nix,B.Nix,J.Herbert,J.Herbert,final,final,0.0907472,0.539157,0.352799,0,0,0,0.244163,0.539157,0.352799,0,0,0,0.244163,0.00135901,0,0.150583,0.104089,0,0,0.371494,0,0.150583,0.104089,0,0,0.371494
2026_05_DET_ARI,2026,5,DET,ARI,2026-10-11,16:25,1,,,,,True,-5.5,205,-250,0.314607,0.342853,-5.00601,0.542471,-0.650607,rates_core_avail_cs_peaks_nosacks_h8_r0.1_market_product_1sd_i0.1,J.Goff,J.Goff,J.Brissett,J.Brissett,final,final,0.0204632,0.31392,0.083871,0,0.0598086,0,0.273224,0.31392,0.083871,0,0.0598086,0,0.273224,0.0059723,0.0925141,0,0,0.0332786,0,0.273196,0.0925141,0,0,0.0332786,0,0.273196
2026_05_HOU_TEN,2026,5,HOU,TEN,2026-10-11,13:00,1,,,,,True,-7,285,-360,0.249187,0.242192,-8.64994,0.542471,-1.1407,rates_core_avail_cs_peaks_nosacks_h8_r0.1_market_product_1sd_i0.1,C.Stroud,C.Stroud,C.Ward,C.Ward,final,final,0.0305286,0.143234,0.0557095,0,0,0,0.21119,0.143234,0.0557095,0,0,0,0.21119,0.137577,0.0783309,0,0,0.0511883,0.0994152,0.00526316,0.0783309,0,0,0.0511883,0.0994152,0.00526316
2026_05_IND_PIT,2026,5,IND,PIT,2026-10-11,13:00,1,,,,,True,3,-148,124,0.57206,0.540172,1.24773,0.542471,0.161035,rates_core_avail_cs_peaks_nosacks_h8_r0.1_market_product_1sd_i0.1,D.Jones,D.Jones,A.Rodgers,A.Rodgers,final,final,0.0283279,0,0.146341,0.0498252,0.167323,0,0.20353,0,0.146341,0.0498252,0.167323,0,0.20353,0.116197,0,0.110482,0,0.180172,0.305182,0.0436444,0,0.110482,0,0.180172,0.305182,0.0436444
2026_05_LV_NE,2026,5,LV,NE,2026-10-11,13:00,1,,,,,True,3.5,-192,160,0.63094,0.611193,3.49366,0.542471,0.452331,rates_core_avail_cs_peaks_nosacks_h8_r0.1_market_product_1sd_i0.1,K.Cousins,K.Cousins,D.Maye,D.Maye,final,final,0.059262,0.155395,0.205791,0.299242,0.0427273,0.106053,0.371633,0.155395,0.205791,0.299242,0.0427273,0.106053,0.371633,0.273707,0.00835073,0.223404,0.139175,0,0,0,0.00835073,0.223404,0.139175,0,0,0
2026_05_MIN_NO,2026,5,MIN,NO,2026-10-11,13:00,1,,,,,True,-2.5,120,-142,0.436508,0.482003,-0.558226,0.542471,-0.0720196,rates_core_avail_cs_peaks_nosacks_h8_r0.1_market_product_1sd_i0.1,K.Murray,K.Murray,T.Shough,T.Shough,final,final,0.0622772,0.0849118,0.00248963,0.419753,0.0508148,0.410822,0.0538209,0.0849118,0.00248963,0.419753,0.0508148,0.410822,0.0538209,-0.102223,0.363459,0.196182,0.0909091,0,0,0.00179211,0.363459,0.196182,0.0909091,0,0,0.00179211
2026_05_NYG_WAS,2026,5,NYG,WAS,2026-10-11,13:00,1,,,,,True,3.5,-170,142,0.603757,0.576515,2.38725,0.542471,0.308485,rates_core_avail_cs_peaks_nosacks_h8_r0.1_market_product_1sd_i0.1,J.Winston,J.Winston,J.Daniels,M.Mariota,final,final,-0.127474,0,0.218435,0,0.177706,0.0962733,0.129596,0,0.218435,0,0.177706,0.0962733,0.129596,-0.0534815,0,0.04814,0,0.264583,0.115653,0.0621225,0,0.04814,0,0.264583,0.115653,0.0621225
2026_05_PHI_JAX,2026,5,PHI,JAX,2026-10-11,09:30,1,,,,,True,7.5,-395,310,0.765902,0.795347,10.2067,0.542471,1.35746,rates_core_avail_cs_peaks_nosacks_h8_r0.1_market_product_1sd_i0.1,J.Hurts,J.Hurts,T.Lawrence,T.Lawrence,final,final,0.00585894,0,0,0,0,0,0.253104,0,0,0,0,0,0.253104,0.0346177,0.547776,0.193952,0.628571,0,0.00839383,0.0937008,0.547776,0.193952,0.628571,0,0.00839383,0.0937008
2026_05_SF_SEA,2026,5,SF,SEA,2026-10-11,16:25,1,,,,,True,3,-162,136,0.59337,0.939039,19.1334,0.542471,2.73462,rates_core_avail_cs_peaks_nosacks_h8_r0.1_market_product_1sd_i0.1,B.Purdy,B.Purdy,S.Darnold,S.Darnold,final,final,0.12724,0.0401606,0,0.27648,0,0.00197239,0.0015444,0.0401606,0,0.27648,0,0.00197239,0.0015444,0.20026,0,0.16368,0.324713,0.260436,0,0.216264,0,0.16368,0.324713,0.260436,0,0.216264
2026_05_TB_DAL,2026,5,TB,DAL,2026-10-08,20:15,1,-8,24,16,0,True,9.5,-535,400,0.808157,0.820122,11.3288,0.542471,1.51717,rates_core_avail_cs_peaks_nosacks_h8_r0.1_market_product_1sd_i0.1,J.Daniels,J.Daniels,D.Prescott,D.Prescott,final,final,0.0293291,0.0037594,0.0118243,0.0492958,0.100946,0.0502959,0.237302,0.0037594,0.0118243,0.0492958,0.100946,0.0502959,0.237302,-0.575269,0,0.009,0,0,0.0485537,0.306011,0,0.009,0,0,0.0485537,0.306011
