band,band_index,source,games,mean forecast %,realized home win %,realized CI low %,realized CI high %,realized minus forecast,forecast outside CI
0-20%,0,model,9,16.126984534152644,33.333333333333336,12.058159868274293,64.58026525009102,17.20634879918069,False
20-30%,1,model,45,25.375534683826118,28.88888888888889,17.729918031900162,43.368817472260226,3.5133542050627717,False
30-40%,2,model,130,35.76552951555003,36.92307692307692,29.113735563740544,45.48310129415715,1.1575474075268914,False
40-50%,3,model,154,45.09550661426157,31.818181818181817,24.980868330249216,39.540525269410175,-13.277324796079757,True
50-60%,4,model,175,55.09665617326274,62.857142857142854,55.49389456074979,69.66803644411709,7.760486683880117,True
60-70%,5,model,158,64.35393330668789,68.9873417721519,61.396087521608514,75.67719895109072,4.633408465464001,False
70-80%,6,model,98,74.4133860890425,72.44897959183673,62.88377565601042,80.32057305807105,-1.964406497205772,False
80-100%,7,model,46,83.73882892179144,84.78260869565217,71.7755825936849,92.42781376598252,1.0437797738607344,False
0-20%,0,market,13,15.887183777219407,7.6923076923076925,1.3710066379696322,33.31453392824736,-8.194876084911716,False
20-30%,1,market,60,26.998145888058584,26.666666666666668,17.132496487078853,39.00895360189135,-0.3314792213919162,False
30-40%,2,market,100,35.81216561558595,30.0,21.89475386622812,39.585038432811956,-5.812165615585947,False
40-50%,3,market,157,42.59730013511209,38.853503184713375,31.582204192470915,46.657256245624716,-3.7437969503987176,False
50-60%,4,market,165,57.67280058937483,59.39393939393939,51.769428511693306,66.59097555934133,1.7211388045645606,False
60-70%,5,market,147,64.20706574672947,67.34693877551021,59.408421755184484,74.40187991226004,3.139873028780741,False
70-80%,6,market,118,73.27444224384585,73.72881355932203,65.130146012051,80.83116769361276,0.45437131547618037,False
80-100%,7,market,55,85.74289262174969,90.9090909090909,80.42226375086602,96.05424266636261,5.166198287341217,False
