key,log loss,bets,wins,losses,pushes,units,roi,roi_se,win_pct,mean_q,excess_pp,null_roi
rates_core_avail_cs_h4_r0.01,0.6453144427202414,1350,865,485,0,-0.1272524767561709,-9.426109389345993e-05,0.022313247327091047,0.6407407407407407,0.6212783972848516,1.9462343455889153,-0.03549494864891619
rates_core_avail_cs_h4_r0.1,0.6404960335005382,1350,862,488,0,-6.045318251185123,-0.004478013519396387,0.022360039295385256,0.6385185185185185,0.62178689382094,1.6731624697578495,-0.03549494864891619
rates_core_avail_cs_h4_r1,0.6572955234032168,1350,857,493,0,-25.25476807361533,-0.01870723561008543,0.022121167453435252,0.6348148148148148,0.6254852042469725,0.9329610567842317,-0.03549494864891619
rates_core_avail_cs_h4_r10,0.6859542970318251,1350,839,511,0,-50.352202492684945,-0.03729792777235922,0.022328224770945714,0.6214814814814815,0.6210721079747792,0.04093735067023374,-0.03549494864891619
rates_core_avail_cs_h8_r0.01,0.6426641873651198,1350,877,473,0,6.8641845433019535,0.005084581143186632,0.02192781007020561,0.6496296296296297,0.6283147261463631,2.131490348326659,-0.03549494864891619
rates_core_avail_cs_h8_r0.1,0.6378922089485236,1350,873,477,0,-0.8791168432507339,-0.0006511976616672103,0.021933553474413604,0.6466666666666666,0.6282449352712496,1.842173139541703,-0.03549494864891619
rates_core_avail_cs_h8_r1,0.6549755527384484,1350,870,480,0,-21.09138983079135,-0.01562325172651211,0.02148183785164948,0.6444444444444445,0.6330452669557501,1.1399177488694345,-0.03549494864891619
rates_core_avail_cs_h8_r10,0.6853009988063397,1348,843,505,0,-52.70430787342548,-0.03909815124141356,0.021982467067310045,0.6253709198813057,0.6256625388992226,-0.029161901791696643,-0.03551035221269691
rates_core_avail_cs_h16_r0.01,0.6429173482687074,1350,882,468,0,9.408491643986775,0.006969253069619833,0.02167661165487389,0.6533333333333333,0.6304265772818135,2.2906756051519817,-0.03549494864891619
rates_core_avail_cs_h16_r0.1,0.6383401651074097,1350,881,469,0,1.611534372296953,0.0011937291646644096,0.021528644581176305,0.6525925925925926,0.6328706256625005,1.9721966930092094,-0.03549494864891619
rates_core_avail_cs_h16_r1,0.6550682699011207,1350,870,480,0,-21.196474158316555,-0.015701091969123376,0.02147412511278143,0.6444444444444445,0.6329879180466403,1.1456526397804145,-0.03549494864891619
rates_core_avail_cs_h16_r10,0.6851833080922128,1349,844,505,0,-56.22593610315371,-0.04167971542116657,0.021852140922681045,0.625648628613788,0.6269668117416366,-0.13181831278485934,-0.035502990323081095
rates_core_adj_avail_cs_h4_r0.01,0.6454538503824342,1350,865,485,0,-5.203740632534688,-0.003854622690766436,0.022179573263327257,0.6407407407407407,0.6232123755053789,1.7528365235361831,-0.03549494864891619
rates_core_adj_avail_cs_h4_r0.1,0.6405483507166114,1350,867,483,0,-1.0883948833908699,-0.0008062184321413851,0.022199405891182553,0.6422222222222222,0.623444323268146,1.8777898954076222,-0.03549494864891619
rates_core_adj_avail_cs_h4_r1,0.6572776860160422,1350,855,495,0,-28.995665087559082,-0.02147827043522895,0.02208268299164668,0.6333333333333333,0.6250780709728482,0.8255262360485127,-0.03549494864891619
rates_core_adj_avail_cs_h4_r10,0.685969682949695,1350,837,513,0,-56.704164303743575,-0.04200308466943969,0.02221940462942084,0.62,0.6215790872565966,-0.1579087256596612,-0.03549494864891619
rates_core_adj_avail_cs_h8_r0.01,0.643206093499796,1350,879,471,0,9.582366119477436,0.007098048977390694,0.0218225595346702,0.6511111111111111,0.6280311150019042,2.3079996109206857,-0.03549494864891619
rates_core_adj_avail_cs_h8_r0.1,0.6381371480240324,1350,877,473,0,1.0483504930374679,0.0007765559207684947,0.021720954795708954,0.6496296296296297,0.6300183402076677,1.9611289421961997,-0.03549494864891619
rates_core_adj_avail_cs_h8_r1,0.6549738879666398,1350,871,479,0,-16.619115836899322,-0.01231045617548098,0.02155184110811045,0.6451851851851852,0.6321782762931716,1.3006908892013613,-0.03549494864891619
rates_core_adj_avail_cs_h8_r10,0.6853161973672715,1350,845,505,0,-56.51720554699756,-0.04186459670147967,0.021775991464700547,0.6259259259259259,0.6271151876796972,-0.11892617537713202,-0.03549494864891619
rates_core_adj_avail_cs_h16_r0.01,0.6437785975350979,1350,880,470,0,4.432943363667621,0.0032836617508649048,0.021622742293039288,0.6518518518518519,0.6306676730743044,2.1184178777547524,-0.03549494864891619
rates_core_adj_avail_cs_h16_r0.1,0.638744037937012,1350,885,465,0,10.724540219518051,0.007944103866309667,0.021535677408084382,0.6555555555555556,0.6321228517312292,2.3432703824326384,-0.03549494864891619
rates_core_adj_avail_cs_h16_r1,0.6550763717857241,1349,873,476,0,-14.049070373794928,-0.010414433190359472,0.02149718624968441,0.6471460340993328,0.6332294204221632,1.3916613677169565,-0.03550295395352254
rates_core_adj_avail_cs_h16_r10,0.6851985083150521,1350,842,508,0,-62.13985335486698,-0.04602952100360517,0.021816138008283237,0.6237037037037036,0.627241513635576,-0.353780993187236,-0.03549494864891619
