game_id,game,feature,home-minus-away input,log-odds contribution,direction
2026_05_BAL_ATL,BAL@ATL,site,1.0,0.1851636780855399,home
2026_05_BAL_ATL,BAL@ATL,d__for__rates_core__plays_per_game,1.7054925742145954,0.013375010752536472,home
2026_05_BAL_ATL,BAL@ATL,d__for__rates_core__net_pass_yards_per_pass_play,-0.6594772170394707,-0.1050711493639362,away
2026_05_BAL_ATL,BAL@ATL,d__for__rates_core__rush_yards_per_attempt,-0.10871174027285768,-0.00010464902572508808,away
2026_05_BAL_ATL,BAL@ATL,d__for__rates_core__first_down_rate,-0.9496045187234223,-0.07339085977796199,away
2026_05_BAL_ATL,BAL@ATL,d__for__rates_core__fumbles_lost_per_game,0.043112343363012395,0.004446493148900314,home
2026_05_BAL_ATL,BAL@ATL,d__for__rates_core__interception_pct,1.0993349666942573,0.10877003397819819,home
2026_05_BAL_ATL,BAL@ATL,d__for__rates_core__sacks_taken_pct,-1.0350171149471707,0.05327522509811085,home
2026_05_BAL_ATL,BAL@ATL,d__for__rates_core__penalty_yards_per_game,-2.71514218373666,-0.017621009150033805,away
2026_05_BAL_ATL,BAL@ATL,d__allowed__rates_core__plays_per_game,0.6561274542506581,-0.012480584392365499,away
2026_05_BAL_ATL,BAL@ATL,d__allowed__rates_core__net_pass_yards_per_pass_play,-0.2879892336254972,0.044209962627648064,home
2026_05_BAL_ATL,BAL@ATL,d__allowed__rates_core__rush_yards_per_attempt,-0.023181270615637573,0.004281380853003501,home
2026_05_BAL_ATL,BAL@ATL,d__allowed__rates_core__first_down_rate,-1.371123722746212,-0.01018630814483387,away
2026_05_BAL_ATL,BAL@ATL,d__allowed__rates_core__fumbles_lost_per_game,-0.13301039944715737,-0.029297821208754706,away
2026_05_BAL_ATL,BAL@ATL,d__allowed__rates_core__interception_pct,-0.07196180101973604,-0.009770853594239765,away
2026_05_BAL_ATL,BAL@ATL,d__allowed__rates_core__sacks_taken_pct,0.7065877555427864,0.004136729803949608,home
2026_05_BAL_ATL,BAL@ATL,d__allowed__rates_core__penalty_yards_per_game,0.15869509397392534,-0.002219895529345874,away
2026_05_BAL_ATL,BAL@ATL,d__avail__qb_delta,0.24476847568176563,0.10778890840877206,home
2026_05_BAL_ATL,BAL@ATL,d__avail__OL_out_cs,-0.14207650273224043,0.030479237659016722,home
2026_05_BAL_ATL,BAL@ATL,d__avail__WRTE_out_cs,-0.026865671641791045,0.008642741197083347,home
2026_05_BAL_ATL,BAL@ATL,d__avail__RB_out_cs,0.0,-0.0,neutral
2026_05_BAL_ATL,BAL@ATL,d__avail__DL_out_cs,0.006986027944111776,-0.0032227841849395383,away
2026_05_BAL_ATL,BAL@ATL,d__avail__LB_out_cs,0.0,-0.0,neutral
2026_05_BAL_ATL,BAL@ATL,d__avail__DB_out_cs,0.051593323216995446,-0.02436684224488124,away
2026_05_BAL_ATL,BAL@ATL,d__max_lead,-1.45084482880588,-0.05974815129457664,away
2026_05_BAL_ATL,BAL@ATL,d__max_deficit,2.2832055608838315,-0.10586154116630332,away
2026_05_BUF_LA,BUF@LA,site,1.0,0.1851636780855399,home
2026_05_BUF_LA,BUF@LA,d__for__rates_core__plays_per_game,3.569449163916154,0.02799274630087235,home
2026_05_BUF_LA,BUF@LA,d__for__rates_core__net_pass_yards_per_pass_play,-0.06885540983250227,-0.01097038209068696,away
2026_05_BUF_LA,BUF@LA,d__for__rates_core__rush_yards_per_attempt,-0.16546405330947955,-0.00015928042295984025,away
2026_05_BUF_LA,BUF@LA,d__for__rates_core__first_down_rate,-1.439196590597831,-0.11122933083288111,away
2026_05_BUF_LA,BUF@LA,d__for__rates_core__fumbles_lost_per_game,-0.25720915903576685,-0.02652787286130568,away
2026_05_BUF_LA,BUF@LA,d__for__rates_core__interception_pct,0.31609585432390563,0.03127505069593672,home
2026_05_BUF_LA,BUF@LA,d__for__rates_core__sacks_taken_pct,-2.3223734296112744,0.11953905441527649,home
2026_05_BUF_LA,BUF@LA,d__for__rates_core__penalty_yards_per_game,-0.845654271220944,-0.00548821411276585,away
2026_05_BUF_LA,BUF@LA,d__allowed__rates_core__plays_per_game,-0.8366129508005429,0.015913704675163922,home
2026_05_BUF_LA,BUF@LA,d__allowed__rates_core__net_pass_yards_per_pass_play,-0.514590715450848,0.07899613472426174,home
2026_05_BUF_LA,BUF@LA,d__allowed__rates_core__rush_yards_per_attempt,-0.12459501285947994,0.023011624827694147,home
2026_05_BUF_LA,BUF@LA,d__allowed__rates_core__first_down_rate,-2.854225368645224,-0.021204519065274572,away
2026_05_BUF_LA,BUF@LA,d__allowed__rates_core__fumbles_lost_per_game,-0.19179251071236147,-0.04224558915230765,away
2026_05_BUF_LA,BUF@LA,d__allowed__rates_core__interception_pct,0.2577592319077824,0.03499811958352615,home
2026_05_BUF_LA,BUF@LA,d__allowed__rates_core__sacks_taken_pct,0.09890272339512851,0.0005790276442678006,home
2026_05_BUF_LA,BUF@LA,d__allowed__rates_core__penalty_yards_per_game,-5.553951742381479,0.07769107622911858,home
2026_05_BUF_LA,BUF@LA,d__avail__qb_delta,-0.038937518464527976,-0.017146949172060152,away
2026_05_BUF_LA,BUF@LA,d__avail__OL_out_cs,0.0,-0.0,neutral
2026_05_BUF_LA,BUF@LA,d__avail__WRTE_out_cs,0.14419795221843004,-0.04638877444756103,away
2026_05_BUF_LA,BUF@LA,d__avail__RB_out_cs,0.0273972602739726,-0.0038072018094287715,away
2026_05_BUF_LA,BUF@LA,d__avail__DL_out_cs,0.0,-0.0,neutral
2026_05_BUF_LA,BUF@LA,d__avail__LB_out_cs,0.046242774566473986,-0.00805834412049864,away
2026_05_BUF_LA,BUF@LA,d__avail__DB_out_cs,-0.009406657018813314,0.004442639344341057,home
2026_05_BUF_LA,BUF@LA,d__max_lead,0.5383694541676753,0.02217093031683041,home
2026_05_BUF_LA,BUF@LA,d__max_deficit,0.34756953865396056,-0.01611517055438767,away
2026_05_CHI_GB,CHI@GB,site,1.0,0.1851636780855399,home
2026_05_CHI_GB,CHI@GB,d__for__rates_core__plays_per_game,-7.105420049521882,-0.05572294538274872,away
2026_05_CHI_GB,CHI@GB,d__for__rates_core__net_pass_yards_per_pass_play,-0.000587034927303165,-9.35292879493464e-05,away
2026_05_CHI_GB,CHI@GB,d__for__rates_core__rush_yards_per_attempt,-0.6337986278777583,-0.0006101126589164255,away
2026_05_CHI_GB,CHI@GB,d__for__rates_core__first_down_rate,-1.5693772516409972,-0.12129043569500328,away
2026_05_CHI_GB,CHI@GB,d__for__rates_core__fumbles_lost_per_game,0.05648931461119605,0.005826158608215514,home
2026_05_CHI_GB,CHI@GB,d__for__rates_core__interception_pct,0.30959854554461796,0.03063219613558822,home
2026_05_CHI_GB,CHI@GB,d__for__rates_core__sacks_taken_pct,0.4453922270014834,-0.022925583362613338,away
2026_05_CHI_GB,CHI@GB,d__for__rates_core__penalty_yards_per_game,9.912862377616356,0.06433351435710495,home
2026_05_CHI_GB,CHI@GB,d__allowed__rates_core__plays_per_game,5.973672280775986,-0.11362871733161348,away
2026_05_CHI_GB,CHI@GB,d__allowed__rates_core__net_pass_yards_per_pass_play,-0.44062098602264843,0.0676408526797582,home
2026_05_CHI_GB,CHI@GB,d__allowed__rates_core__rush_yards_per_attempt,-0.3632211006948882,0.06708380622039428,home
2026_05_CHI_GB,CHI@GB,d__allowed__rates_core__first_down_rate,0.45108988972748776,0.0033512224619527066,home
2026_05_CHI_GB,CHI@GB,d__allowed__rates_core__fumbles_lost_per_game,-0.23529776573618694,-0.051828367556305266,away
2026_05_CHI_GB,CHI@GB,d__allowed__rates_core__interception_pct,-0.6320011336797098,-0.08581206224791967,away
2026_05_CHI_GB,CHI@GB,d__allowed__rates_core__sacks_taken_pct,-0.5225875756318654,-0.0030594976806942453,away
2026_05_CHI_GB,CHI@GB,d__allowed__rates_core__penalty_yards_per_game,4.736351020056766,-0.06625412412915763,away
2026_05_CHI_GB,CHI@GB,d__avail__qb_delta,-0.08798778623545989,-0.038747258629641956,away
2026_05_CHI_GB,CHI@GB,d__avail__OL_out_cs,-0.035653486847250046,0.007648633504429341,home
2026_05_CHI_GB,CHI@GB,d__avail__WRTE_out_cs,0.040674603174603176,-0.013085102550919287,away
2026_05_CHI_GB,CHI@GB,d__avail__RB_out_cs,0.0,-0.0,neutral
2026_05_CHI_GB,CHI@GB,d__avail__DL_out_cs,0.0,-0.0,neutral
2026_05_CHI_GB,CHI@GB,d__avail__LB_out_cs,0.0,-0.0,neutral
2026_05_CHI_GB,CHI@GB,d__avail__DB_out_cs,0.0,-0.0,neutral
2026_05_CHI_GB,CHI@GB,d__max_lead,-2.032316899496564,-0.08369411750916633,away
2026_05_CHI_GB,CHI@GB,d__max_deficit,2.23689235676901,-0.10371421494743817,away
2026_05_CIN_MIA,CIN@MIA,site,1.0,0.1851636780855399,home
2026_05_CIN_MIA,CIN@MIA,d__for__rates_core__plays_per_game,-5.715209517124656,-0.04482047585562972,away
2026_05_CIN_MIA,CIN@MIA,d__for__rates_core__net_pass_yards_per_pass_play,-0.3859512232579938,-0.061491644560796754,away
2026_05_CIN_MIA,CIN@MIA,d__for__rates_core__rush_yards_per_attempt,0.36630081854048413,0.00035261162857250884,home
2026_05_CIN_MIA,CIN@MIA,d__for__rates_core__first_down_rate,-3.493180803742767,-0.26997295978666513,away
2026_05_CIN_MIA,CIN@MIA,d__for__rates_core__fumbles_lost_per_game,0.07350397868200509,0.007581006090864771,home
2026_05_CIN_MIA,CIN@MIA,d__for__rates_core__interception_pct,0.33386675222819084,0.033033332955150776,home
2026_05_CIN_MIA,CIN@MIA,d__for__rates_core__sacks_taken_pct,1.9638792495783983,-0.10108635652091465,away
2026_05_CIN_MIA,CIN@MIA,d__for__rates_core__penalty_yards_per_game,-0.6809033374314026,-0.004418996548701923,away
2026_05_CIN_MIA,CIN@MIA,d__allowed__rates_core__plays_per_game,-0.14519781857612912,0.002761892703295515,home
2026_05_CIN_MIA,CIN@MIA,d__allowed__rates_core__net_pass_yards_per_pass_play,0.29452012730185473,-0.04521253679239053,away
2026_05_CIN_MIA,CIN@MIA,d__allowed__rates_core__rush_yards_per_attempt,-0.47048127821264885,0.08689383639210178,home
2026_05_CIN_MIA,CIN@MIA,d__allowed__rates_core__first_down_rate,0.5156971026126875,0.0038312002844568677,home
2026_05_CIN_MIA,CIN@MIA,d__allowed__rates_core__fumbles_lost_per_game,-0.2862381305885944,-0.06304885638994331,away
2026_05_CIN_MIA,CIN@MIA,d__allowed__rates_core__interception_pct,0.47563065556314554,0.06458033893794869,home
2026_05_CIN_MIA,CIN@MIA,d__allowed__rates_core__sacks_taken_pct,-1.7326090380410282,-0.010143588521076169,away
2026_05_CIN_MIA,CIN@MIA,d__allowed__rates_core__penalty_yards_per_game,-3.629963674690117,0.05077749999288899,home
2026_05_CIN_MIA,CIN@MIA,d__avail__qb_delta,-0.08657488227897314,-0.038125056874567305,away
2026_05_CIN_MIA,CIN@MIA,d__avail__OL_out_cs,0.0,-0.0,neutral
2026_05_CIN_MIA,CIN@MIA,d__avail__WRTE_out_cs,-0.07071713147410359,0.02274984499475735,home
2026_05_CIN_MIA,CIN@MIA,d__avail__RB_out_cs,0.3310580204778157,-0.04600477135250023,away
2026_05_CIN_MIA,CIN@MIA,d__avail__DL_out_cs,0.04004004004004004,-0.018471212660142528,away
2026_05_CIN_MIA,CIN@MIA,d__avail__LB_out_cs,0.0,-0.0,neutral
2026_05_CIN_MIA,CIN@MIA,d__avail__DB_out_cs,-0.0939602180569622,0.044376164742465106,home
2026_05_CIN_MIA,CIN@MIA,d__max_lead,-3.1871256290072,-0.13125102043715758,away
2026_05_CIN_MIA,CIN@MIA,d__max_deficit,3.823484411598362,-0.17727705265418853,away
2026_05_CLE_NYJ,CLE@NYJ,site,1.0,0.1851636780855399,home
2026_05_CLE_NYJ,CLE@NYJ,d__for__rates_core__plays_per_game,-0.738369054114969,-0.005790523035654844,away
2026_05_CLE_NYJ,CLE@NYJ,d__for__rates_core__net_pass_yards_per_pass_play,-0.1494800882326368,-0.0238159018565242,away
2026_05_CLE_NYJ,CLE@NYJ,d__for__rates_core__rush_yards_per_attempt,0.05827870893130083,5.6100749513061785e-05,home
2026_05_CLE_NYJ,CLE@NYJ,d__for__rates_core__first_down_rate,0.28149242929401197,0.021755342355201823,home
2026_05_CLE_NYJ,CLE@NYJ,d__for__rates_core__fumbles_lost_per_game,-0.16476729244739025,-0.016993663064456155,away
2026_05_CLE_NYJ,CLE@NYJ,d__for__rates_core__interception_pct,-0.7620075680710199,-0.07539429890050996,away
2026_05_CLE_NYJ,CLE@NYJ,d__for__rates_core__sacks_taken_pct,0.6291235586378345,-0.032382748765140884,away
2026_05_CLE_NYJ,CLE@NYJ,d__for__rates_core__penalty_yards_per_game,2.4803991417822857,0.01609754959975267,home
2026_05_CLE_NYJ,CLE@NYJ,d__allowed__rates_core__plays_per_game,1.1840109324427885,-0.022521765044433463,away
2026_05_CLE_NYJ,CLE@NYJ,d__allowed__rates_core__net_pass_yards_per_pass_play,0.49702057996609916,-0.07629889836106636,away
2026_05_CLE_NYJ,CLE@NYJ,d__allowed__rates_core__rush_yards_per_attempt,-0.1300145013817513,0.024012557640094547,home
2026_05_CLE_NYJ,CLE@NYJ,d__allowed__rates_core__first_down_rate,2.0002924282065173,0.014860508001917915,home
2026_05_CLE_NYJ,CLE@NYJ,d__allowed__rates_core__fumbles_lost_per_game,0.20472686982363358,0.0450946035321376,home
2026_05_CLE_NYJ,CLE@NYJ,d__allowed__rates_core__interception_pct,-1.206979715727608,-0.16388169732379562,away
2026_05_CLE_NYJ,CLE@NYJ,d__allowed__rates_core__sacks_taken_pct,-1.7923709624521562,-0.010493465704644099,away
2026_05_CLE_NYJ,CLE@NYJ,d__allowed__rates_core__penalty_yards_per_game,-0.3541446001608364,0.004953927654299097,home
2026_05_CLE_NYJ,CLE@NYJ,d__avail__qb_delta,0.08446808023369368,0.03719728260926816,home
2026_05_CLE_NYJ,CLE@NYJ,d__avail__OL_out_cs,0.0,-0.0,neutral
2026_05_CLE_NYJ,CLE@NYJ,d__avail__WRTE_out_cs,0.008483563096500531,-0.0027291794990200744,away
2026_05_CLE_NYJ,CLE@NYJ,d__avail__RB_out_cs,0.0,-0.0,neutral
2026_05_CLE_NYJ,CLE@NYJ,d__avail__DL_out_cs,0.04113110539845758,-0.018974541334172115,away
2026_05_CLE_NYJ,CLE@NYJ,d__avail__LB_out_cs,0.009541984732824428,-0.0016628024008185412,away
2026_05_CLE_NYJ,CLE@NYJ,d__avail__DB_out_cs,0.0,-0.0,neutral
2026_05_CLE_NYJ,CLE@NYJ,d__max_lead,-1.0332295095471156,-0.04255007278018296,away
2026_05_CLE_NYJ,CLE@NYJ,d__max_deficit,1.7980322332785637,-0.08336632782546184,away
2026_05_DEN_LAC,DEN@LAC,site,1.0,0.1851636780855399,home
2026_05_DEN_LAC,DEN@LAC,d__for__rates_core__plays_per_game,1.0770805832427968,0.008446805691226666,home
2026_05_DEN_LAC,DEN@LAC,d__for__rates_core__net_pass_yards_per_pass_play,-0.19731643939396992,-0.031437424280698116,away
2026_05_DEN_LAC,DEN@LAC,d__for__rates_core__rush_yards_per_attempt,0.23490832399943695,0.0002261294610826139,home
2026_05_DEN_LAC,DEN@LAC,d__for__rates_core__first_down_rate,0.14816024547891615,0.011450669816977316,home
2026_05_DEN_LAC,DEN@LAC,d__for__rates_core__fumbles_lost_per_game,0.18924494198529684,0.019518223143574053,home
2026_05_DEN_LAC,DEN@LAC,d__for__rates_core__interception_pct,1.0950148519298466,0.10834259462263246,home
2026_05_DEN_LAC,DEN@LAC,d__for__rates_core__sacks_taken_pct,3.7210325203764265,-0.19153194885145775,away
2026_05_DEN_LAC,DEN@LAC,d__for__rates_core__penalty_yards_per_game,3.506522882365921,0.022756993046285947,home
2026_05_DEN_LAC,DEN@LAC,d__allowed__rates_core__plays_per_game,-3.0843644556295047,0.05866950184131529,home
2026_05_DEN_LAC,DEN@LAC,d__allowed__rates_core__net_pass_yards_per_pass_play,0.4759242462583142,-0.07306034630458771,away
2026_05_DEN_LAC,DEN@LAC,d__allowed__rates_core__rush_yards_per_attempt,-0.2595156791131137,0.047930308826970504,home
2026_05_DEN_LAC,DEN@LAC,d__allowed__rates_core__first_down_rate,0.04137505719590351,0.0003073822406510933,home
2026_05_DEN_LAC,DEN@LAC,d__allowed__rates_core__fumbles_lost_per_game,0.25440436978189274,0.05603692471848377,home
2026_05_DEN_LAC,DEN@LAC,d__allowed__rates_core__interception_pct,0.9077012983226411,0.1232461718235691,home
2026_05_DEN_LAC,DEN@LAC,d__allowed__rates_core__sacks_taken_pct,0.42100626343334824,0.00246478819358586,home
2026_05_DEN_LAC,DEN@LAC,d__allowed__rates_core__penalty_yards_per_game,19.171561277883548,-0.26818008109530383,away
2026_05_DEN_LAC,DEN@LAC,d__avail__qb_delta,0.08938815725461069,0.039363941244104916,home
2026_05_DEN_LAC,DEN@LAC,d__avail__OL_out_cs,0.015060240963855422,-0.0032308274395273754,away
2026_05_DEN_LAC,DEN@LAC,d__avail__WRTE_out_cs,0.04413347685683531,-0.014197829247929648,away
2026_05_DEN_LAC,DEN@LAC,d__avail__RB_out_cs,-0.10408921933085502,0.014464536242513773,home
2026_05_DEN_LAC,DEN@LAC,d__avail__DL_out_cs,0.0,-0.0,neutral
2026_05_DEN_LAC,DEN@LAC,d__avail__LB_out_cs,0.0,-0.0,neutral
2026_05_DEN_LAC,DEN@LAC,d__avail__DB_out_cs,0.0,-0.0,neutral
2026_05_DEN_LAC,DEN@LAC,d__max_lead,0.10089360550160453,0.004154962878509015,home
2026_05_DEN_LAC,DEN@LAC,d__max_deficit,1.026129895719314,-0.047576834104947945,away
2026_05_DET_ARI,DET@ARI,site,1.0,0.1851636780855399,home
2026_05_DET_ARI,DET@ARI,d__for__rates_core__plays_per_game,-0.7365980085303434,-0.005776633937516432,away
2026_05_DET_ARI,DET@ARI,d__for__rates_core__net_pass_yards_per_pass_play,-1.09123574812142,-0.17386103919837154,away
2026_05_DET_ARI,DET@ARI,d__for__rates_core__rush_yards_per_attempt,-0.09553836929427817,-9.19679626222128e-05,away
2026_05_DET_ARI,DET@ARI,d__for__rates_core__first_down_rate,-2.6693269393399746,-0.2063008286544335,away
2026_05_DET_ARI,DET@ARI,d__for__rates_core__fumbles_lost_per_game,-0.04547504590293994,-0.004690176044265506,away
2026_05_DET_ARI,DET@ARI,d__for__rates_core__interception_pct,1.071889172477588,0.10605450135170255,home
2026_05_DET_ARI,DET@ARI,d__for__rates_core__sacks_taken_pct,0.5801238171166929,-0.029860595052328794,away
2026_05_DET_ARI,DET@ARI,d__for__rates_core__penalty_yards_per_game,6.9298304219017695,0.044973926597266234,home
2026_05_DET_ARI,DET@ARI,d__allowed__rates_core__plays_per_game,-3.5725264239703876,0.06795511640225414,home
2026_05_DET_ARI,DET@ARI,d__allowed__rates_core__net_pass_yards_per_pass_play,0.46835681842182186,-0.07189865113415711,away
2026_05_DET_ARI,DET@ARI,d__allowed__rates_core__rush_yards_per_attempt,-0.11031042888043441,0.020373385304285518,home
2026_05_DET_ARI,DET@ARI,d__allowed__rates_core__first_down_rate,-0.3697149297531297,-0.002746674233502457,away
2026_05_DET_ARI,DET@ARI,d__allowed__rates_core__fumbles_lost_per_game,0.20734552299267295,0.04567140679468802,home
2026_05_DET_ARI,DET@ARI,d__allowed__rates_core__interception_pct,0.3965866025050624,0.053847868947181875,home
2026_05_DET_ARI,DET@ARI,d__allowed__rates_core__sacks_taken_pct,-1.3846484278093731,-0.008106447322896122,away
2026_05_DET_ARI,DET@ARI,d__allowed__rates_core__penalty_yards_per_game,1.0385826391888813,-0.01452814261523707,away
2026_05_DET_ARI,DET@ARI,d__avail__qb_delta,0.014490871849098141,0.006381357951243936,home
2026_05_DET_ARI,DET@ARI,d__avail__OL_out_cs,0.0,-0.0,neutral
2026_05_DET_ARI,DET@ARI,d__avail__WRTE_out_cs,0.0,-0.0,neutral
2026_05_DET_ARI,DET@ARI,d__avail__RB_out_cs,0.0,-0.0,neutral
2026_05_DET_ARI,DET@ARI,d__avail__DL_out_cs,0.0,-0.0,neutral
2026_05_DET_ARI,DET@ARI,d__avail__LB_out_cs,0.0,-0.0,neutral
2026_05_DET_ARI,DET@ARI,d__avail__DB_out_cs,-0.039070904120760475,0.018452669797433006,home
2026_05_DET_ARI,DET@ARI,d__max_lead,-2.7986544107288585,-0.1152531434330494,away
2026_05_DET_ARI,DET@ARI,d__max_deficit,3.9391002036855163,-0.18263761507712306,away
2026_05_HOU_TEN,HOU@TEN,site,1.0,0.1851636780855399,home
2026_05_HOU_TEN,HOU@TEN,d__for__rates_core__plays_per_game,-4.033498401013112,-0.0316319667992298,away
2026_05_HOU_TEN,HOU@TEN,d__for__rates_core__net_pass_yards_per_pass_play,-0.7799234566884268,-0.12426123585895225,away
2026_05_HOU_TEN,HOU@TEN,d__for__rates_core__rush_yards_per_attempt,0.2532576670970048,0.00024379306276018983,home
2026_05_HOU_TEN,HOU@TEN,d__for__rates_core__first_down_rate,-1.1709927828068452,-0.0905010090300689,away
2026_05_HOU_TEN,HOU@TEN,d__for__rates_core__fumbles_lost_per_game,0.24240388445291627,0.02500089597104663,home
2026_05_HOU_TEN,HOU@TEN,d__for__rates_core__interception_pct,0.6156285625444475,0.06091131610892538,home
2026_05_HOU_TEN,HOU@TEN,d__for__rates_core__sacks_taken_pct,0.24160252792075276,-0.012435957699025776,away
2026_05_HOU_TEN,HOU@TEN,d__for__rates_core__penalty_yards_per_game,-9.916415319050323,-0.06435657260204419,away
2026_05_HOU_TEN,HOU@TEN,d__allowed__rates_core__plays_per_game,-0.5140920000589801,0.009778844873217153,home
2026_05_HOU_TEN,HOU@TEN,d__allowed__rates_core__net_pass_yards_per_pass_play,0.5903305233135736,-0.0906231460291034,away
2026_05_HOU_TEN,HOU@TEN,d__allowed__rates_core__rush_yards_per_attempt,0.13038524238839155,-0.02408103030811914,away
2026_05_HOU_TEN,HOU@TEN,d__allowed__rates_core__first_down_rate,1.262263297789655,0.009377565786293042,home
2026_05_HOU_TEN,HOU@TEN,d__allowed__rates_core__fumbles_lost_per_game,-0.2336456940675159,-0.051464470443192675,away
2026_05_HOU_TEN,HOU@TEN,d__allowed__rates_core__interception_pct,-0.4574421802254669,-0.06211073802317784,away
2026_05_HOU_TEN,HOU@TEN,d__allowed__rates_core__sacks_taken_pct,-0.8098182769852871,-0.004741094614093269,away
2026_05_HOU_TEN,HOU@TEN,d__allowed__rates_core__penalty_yards_per_game,4.475174388931556,-0.06260067258704674,away
2026_05_HOU_TEN,HOU@TEN,d__avail__qb_delta,-0.10704862079300614,-0.04714109506873192,away
2026_05_HOU_TEN,HOU@TEN,d__avail__OL_out_cs,0.14323374340949033,-0.03072749696264735,away
2026_05_HOU_TEN,HOU@TEN,d__avail__WRTE_out_cs,0.0,-0.0,neutral
2026_05_HOU_TEN,HOU@TEN,d__avail__RB_out_cs,0.0,-0.0,neutral
2026_05_HOU_TEN,HOU@TEN,d__avail__DL_out_cs,-0.051188299817184646,0.02361411154156795,home
2026_05_HOU_TEN,HOU@TEN,d__avail__LB_out_cs,-0.09941520467836257,0.017324261738586626,home
2026_05_HOU_TEN,HOU@TEN,d__avail__DB_out_cs,0.0,-0.0,neutral
2026_05_HOU_TEN,HOU@TEN,d__max_lead,-2.3999449707910374,-0.09883363979833767,away
2026_05_HOU_TEN,HOU@TEN,d__max_deficit,5.4610234159668485,-0.2532020616381702,away
2026_05_IND_PIT,IND@PIT,site,1.0,0.1851636780855399,home
2026_05_IND_PIT,IND@PIT,d__for__rates_core__plays_per_game,-0.019704453961615798,-0.0001545285435973467,away
2026_05_IND_PIT,IND@PIT,d__for__rates_core__net_pass_yards_per_pass_play,-0.05873175230196814,-0.009357431248692332,away
2026_05_IND_PIT,IND@PIT,d__for__rates_core__rush_yards_per_attempt,0.26630498405979,0.00025635278266767053,home
2026_05_IND_PIT,IND@PIT,d__for__rates_core__first_down_rate,-0.36902453458235485,-0.02852032329055226,away
2026_05_IND_PIT,IND@PIT,d__for__rates_core__fumbles_lost_per_game,-0.25278589415977115,-0.026071669012647337,away
2026_05_IND_PIT,IND@PIT,d__for__rates_core__interception_pct,-0.6347424267783306,-0.06280247369524851,away
2026_05_IND_PIT,IND@PIT,d__for__rates_core__sacks_taken_pct,0.806383414176719,-0.0415068091969094,away
2026_05_IND_PIT,IND@PIT,d__for__rates_core__penalty_yards_per_game,7.136819270445216,0.04631726412705977,home
2026_05_IND_PIT,IND@PIT,d__allowed__rates_core__plays_per_game,-2.771799825694032,0.05272402704567006,home
2026_05_IND_PIT,IND@PIT,d__allowed__rates_core__net_pass_yards_per_pass_play,-0.13924292778055225,0.021375537397164336,home
2026_05_IND_PIT,IND@PIT,d__allowed__rates_core__rush_yards_per_attempt,0.01280229334269567,-0.0023644732206774205,away
2026_05_IND_PIT,IND@PIT,d__allowed__rates_core__first_down_rate,-0.7419679827329908,-0.005512204610231189,away
2026_05_IND_PIT,IND@PIT,d__allowed__rates_core__fumbles_lost_per_game,0.3227438483504595,0.07108986669086564,home
2026_05_IND_PIT,IND@PIT,d__allowed__rates_core__interception_pct,0.9405103746069228,0.12770093360542112,home
2026_05_IND_PIT,IND@PIT,d__allowed__rates_core__sacks_taken_pct,1.0740299562247415,0.006287926298463211,home
2026_05_IND_PIT,IND@PIT,d__allowed__rates_core__penalty_yards_per_game,-1.5296827511602302,0.021397863132278268,home
2026_05_IND_PIT,IND@PIT,d__avail__qb_delta,-0.08786929290755019,-0.038695077618858056,away
2026_05_IND_PIT,IND@PIT,d__avail__OL_out_cs,0.0,-0.0,neutral
2026_05_IND_PIT,IND@PIT,d__avail__WRTE_out_cs,-0.04822834645669291,0.015515157124904106,home
2026_05_IND_PIT,IND@PIT,d__avail__RB_out_cs,0.0,-0.0,neutral
2026_05_IND_PIT,IND@PIT,d__avail__DL_out_cs,-0.032758620689655175,0.01511215894405885,home
2026_05_IND_PIT,IND@PIT,d__avail__LB_out_cs,0.0,-0.0,neutral
2026_05_IND_PIT,IND@PIT,d__avail__DB_out_cs,0.0,-0.0,neutral
2026_05_IND_PIT,IND@PIT,d__max_lead,-1.4163514082027024,-0.0583276560962291,away
2026_05_IND_PIT,IND@PIT,d__max_deficit,0.4713192939184303,-0.021852866728436258,away
2026_05_LV_NE,LV@NE,site,1.0,0.1851636780855399,home
2026_05_LV_NE,LV@NE,d__for__rates_core__plays_per_game,0.5850202342492352,0.004587913217469325,home
2026_05_LV_NE,LV@NE,d__for__rates_core__net_pass_yards_per_pass_play,0.8289286121661261,0.13206897792760977,home
2026_05_LV_NE,LV@NE,d__for__rates_core__rush_yards_per_attempt,0.6325947319563849,0.0006089537543222214,home
2026_05_LV_NE,LV@NE,d__for__rates_core__first_down_rate,1.8209758170453334,0.1407354095444844,home
2026_05_LV_NE,LV@NE,d__for__rates_core__fumbles_lost_per_game,0.11002518479004436,0.011347706763607468,home
2026_05_LV_NE,LV@NE,d__for__rates_core__interception_pct,0.3679497641426659,0.03640556296359353,home
2026_05_LV_NE,LV@NE,d__for__rates_core__sacks_taken_pct,0.36911974271209846,-0.018999625317449503,away
2026_05_LV_NE,LV@NE,d__for__rates_core__penalty_yards_per_game,3.7152321237718553,0.02411149575871822,home
2026_05_LV_NE,LV@NE,d__allowed__rates_core__plays_per_game,-2.7261121559176615,0.0518549751341238,home
2026_05_LV_NE,LV@NE,d__allowed__rates_core__net_pass_yards_per_pass_play,-0.15392139776971625,0.023628866806332013,home
2026_05_LV_NE,LV@NE,d__allowed__rates_core__rush_yards_per_attempt,-0.11452165903416844,0.02115116321157699,home
2026_05_LV_NE,LV@NE,d__allowed__rates_core__first_down_rate,-0.18003105824039523,-0.001337480932212443,away
2026_05_LV_NE,LV@NE,d__allowed__rates_core__fumbles_lost_per_game,-0.19507496563135418,-0.04296860613249987,away
2026_05_LV_NE,LV@NE,d__allowed__rates_core__interception_pct,-0.05453725365981654,-0.007404977549072726,away
2026_05_LV_NE,LV@NE,d__allowed__rates_core__sacks_taken_pct,-1.2302395470372405,-0.0072024579541673794,away
2026_05_LV_NE,LV@NE,d__allowed__rates_core__penalty_yards_per_game,0.8645778801018409,-0.012094088876652727,away
2026_05_LV_NE,LV@NE,d__avail__qb_delta,-0.2144452010283997,-0.09443542134242598,away
2026_05_LV_NE,LV@NE,d__avail__OL_out_cs,0.11086474501108648,-0.023783474721132784,away
2026_05_LV_NE,LV@NE,d__avail__WRTE_out_cs,-0.044537833615701114,0.014327911639494812,home
2026_05_LV_NE,LV@NE,d__avail__RB_out_cs,0.0,-0.0,neutral
2026_05_LV_NE,LV@NE,d__avail__DL_out_cs,0.0,-0.0,neutral
2026_05_LV_NE,LV@NE,d__avail__LB_out_cs,0.016842105263157894,-0.0029349337533605578,away
2026_05_LV_NE,LV@NE,d__avail__DB_out_cs,0.01737619461337967,-0.008206546245912372,away
2026_05_LV_NE,LV@NE,d__max_lead,3.9304317342176036,0.16186157557753492,home
2026_05_LV_NE,LV@NE,d__max_deficit,-2.4199676571286544,0.11220255860671585,home
2026_05_MIN_NO,MIN@NO,site,1.0,0.1851636780855399,home
2026_05_MIN_NO,MIN@NO,d__for__rates_core__plays_per_game,5.810618275603346,0.0455687014356363,home
2026_05_MIN_NO,MIN@NO,d__for__rates_core__net_pass_yards_per_pass_play,0.43145171010290895,0.06874100560904622,home
2026_05_MIN_NO,MIN@NO,d__for__rates_core__rush_yards_per_attempt,-0.23237723147165434,-0.00022369295913362772,away
2026_05_MIN_NO,MIN@NO,d__for__rates_core__first_down_rate,2.375029020971457,0.18355580497977178,home
2026_05_MIN_NO,MIN@NO,d__for__rates_core__fumbles_lost_per_game,0.46878561298023663,0.04834930912635061,home
2026_05_MIN_NO,MIN@NO,d__for__rates_core__interception_pct,-0.6895194497116264,-0.06822220364670759,away
2026_05_MIN_NO,MIN@NO,d__for__rates_core__sacks_taken_pct,-2.246409512522293,0.11562897918675598,home
2026_05_MIN_NO,MIN@NO,d__for__rates_core__penalty_yards_per_game,-2.2882586834959824,-0.014850576681047127,away
2026_05_MIN_NO,MIN@NO,d__allowed__rates_core__plays_per_game,1.8246511984106561,-0.034707758562554,away
2026_05_MIN_NO,MIN@NO,d__allowed__rates_core__net_pass_yards_per_pass_play,0.5144634198824614,-0.07897659325651243,away
2026_05_MIN_NO,MIN@NO,d__allowed__rates_core__rush_yards_per_attempt,0.308457787804544,-0.05696949440620079,away
2026_05_MIN_NO,MIN@NO,d__allowed__rates_core__first_down_rate,4.52130876921759,0.03358956130446484,home
2026_05_MIN_NO,MIN@NO,d__allowed__rates_core__fumbles_lost_per_game,-0.17139322520910788,-0.03775229673348364,away
2026_05_MIN_NO,MIN@NO,d__allowed__rates_core__interception_pct,-0.7930733588592132,-0.10768218095014222,away
2026_05_MIN_NO,MIN@NO,d__allowed__rates_core__sacks_taken_pct,-1.9901003243576545,-0.011651075552952436,away
2026_05_MIN_NO,MIN@NO,d__allowed__rates_core__penalty_yards_per_game,-7.401713696529569,0.10353836866011648,home
2026_05_MIN_NO,MIN@NO,d__avail__qb_delta,0.16450014311723038,0.0724410723656517,home
2026_05_MIN_NO,MIN@NO,d__avail__OL_out_cs,0.08491182233834095,-0.018215873584585436,away
2026_05_MIN_NO,MIN@NO,d__avail__WRTE_out_cs,-0.10286320254506894,0.0330913014256184,home
2026_05_MIN_NO,MIN@NO,d__avail__RB_out_cs,0.27328843995510665,-0.03797694487289626,away
2026_05_MIN_NO,MIN@NO,d__avail__DL_out_cs,0.0,-0.0,neutral
2026_05_MIN_NO,MIN@NO,d__avail__LB_out_cs,0.0,-0.0,neutral
2026_05_MIN_NO,MIN@NO,d__avail__DB_out_cs,0.0,-0.0,neutral
2026_05_MIN_NO,MIN@NO,d__max_lead,-3.5656927283193607,-0.1468410297033231,away
2026_05_MIN_NO,MIN@NO,d__max_deficit,5.81949177311804,-0.26982255932681826,away
2026_05_NYG_WAS,NYG@WAS,site,1.0,0.1851636780855399,home
2026_05_NYG_WAS,NYG@WAS,d__for__rates_core__plays_per_game,-0.18271750554523436,-0.001432928315427923,away
2026_05_NYG_WAS,NYG@WAS,d__for__rates_core__net_pass_yards_per_pass_play,-0.01552457138935548,-0.0024734509655766185,away
2026_05_NYG_WAS,NYG@WAS,d__for__rates_core__rush_yards_per_attempt,0.2401999694939505,0.00023122335015194064,home
2026_05_NYG_WAS,NYG@WAS,d__for__rates_core__first_down_rate,-0.18225686973513788,-0.014085851643043436,away
2026_05_NYG_WAS,NYG@WAS,d__for__rates_core__fumbles_lost_per_game,-0.009177930250850952,-0.0009465874688803324,away
2026_05_NYG_WAS,NYG@WAS,d__for__rates_core__interception_pct,-0.3799249951575896,-0.03759041228054633,away
2026_05_NYG_WAS,NYG@WAS,d__for__rates_core__sacks_taken_pct,-2.1654090142250952,0.11145965703978586,home
2026_05_NYG_WAS,NYG@WAS,d__for__rates_core__penalty_yards_per_game,-5.3885296074689535,-0.034971033961751365,away
2026_05_NYG_WAS,NYG@WAS,d__allowed__rates_core__plays_per_game,1.8084863184744293,-0.034400276918660676,away
2026_05_NYG_WAS,NYG@WAS,d__allowed__rates_core__net_pass_yards_per_pass_play,0.4387342219042676,-0.06735121070213734,away
2026_05_NYG_WAS,NYG@WAS,d__allowed__rates_core__rush_yards_per_attempt,-0.24990960733432122,0.04615615017672999,home
2026_05_NYG_WAS,NYG@WAS,d__allowed__rates_core__first_down_rate,-0.29004442499507377,-0.0021547886887796457,away
2026_05_NYG_WAS,NYG@WAS,d__allowed__rates_core__fumbles_lost_per_game,-0.08237484700510866,-0.018144472535119322,away
2026_05_NYG_WAS,NYG@WAS,d__allowed__rates_core__interception_pct,-0.8956680687926131,-0.12161231994190844,away
2026_05_NYG_WAS,NYG@WAS,d__allowed__rates_core__sacks_taken_pct,0.8565319362689392,0.005014580511767488,home
2026_05_NYG_WAS,NYG@WAS,d__allowed__rates_core__penalty_yards_per_game,-9.87969364458369,0.1382014226383188,home
2026_05_NYG_WAS,NYG@WAS,d__avail__qb_delta,-0.07399239133997071,-0.03258409429921646,away
2026_05_NYG_WAS,NYG@WAS,d__avail__OL_out_cs,0.0,-0.0,neutral
2026_05_NYG_WAS,NYG@WAS,d__avail__WRTE_out_cs,-0.02188183807439825,0.007039431804091712,home
2026_05_NYG_WAS,NYG@WAS,d__avail__RB_out_cs,0.0,-0.0,neutral
2026_05_NYG_WAS,NYG@WAS,d__avail__DL_out_cs,0.0,-0.0,neutral
2026_05_NYG_WAS,NYG@WAS,d__avail__LB_out_cs,-0.01937974895190206,0.0033771478352538553,home
2026_05_NYG_WAS,NYG@WAS,d__avail__DB_out_cs,-0.008628127696289905,0.00407495027137409,home
2026_05_NYG_WAS,NYG@WAS,d__max_lead,-2.011560528305237,-0.08283933636259361,away
2026_05_NYG_WAS,NYG@WAS,d__max_deficit,2.1208164797782016,-0.09833232054379956,away
2026_05_PHI_JAX,PHI@JAX,site,1.0,0.1851636780855399,home
2026_05_PHI_JAX,PHI@JAX,d__for__rates_core__plays_per_game,0.5771529343744746,0.004526215370167463,home
2026_05_PHI_JAX,PHI@JAX,d__for__rates_core__net_pass_yards_per_pass_play,0.7557431524346718,0.12040871101917504,home
2026_05_PHI_JAX,PHI@JAX,d__for__rates_core__rush_yards_per_attempt,-0.20751544023313429,-0.00019976028889615895,away
2026_05_PHI_JAX,PHI@JAX,d__for__rates_core__first_down_rate,4.256978401422998,0.3290035996844736,home
2026_05_PHI_JAX,PHI@JAX,d__for__rates_core__fumbles_lost_per_game,-0.10442060665684422,-0.010769665387802057,away
2026_05_PHI_JAX,PHI@JAX,d__for__rates_core__interception_pct,-0.3651308497882133,-0.036126654878792554,away
2026_05_PHI_JAX,PHI@JAX,d__for__rates_core__sacks_taken_pct,-0.48167341282421994,0.024793077449057826,home
2026_05_PHI_JAX,PHI@JAX,d__for__rates_core__penalty_yards_per_game,1.5730637223635,0.010209030824015926,home
2026_05_PHI_JAX,PHI@JAX,d__allowed__rates_core__plays_per_game,-2.500696045507482,0.04756720334352553,home
2026_05_PHI_JAX,PHI@JAX,d__allowed__rates_core__net_pass_yards_per_pass_play,0.45758455289901523,-0.07024497314702205,away
2026_05_PHI_JAX,PHI@JAX,d__allowed__rates_core__rush_yards_per_attempt,-0.27130172773028205,0.0501070904071861,home
2026_05_PHI_JAX,PHI@JAX,d__allowed__rates_core__first_down_rate,0.17828881505618455,0.0013245375153324102,home
2026_05_PHI_JAX,PHI@JAX,d__allowed__rates_core__fumbles_lost_per_game,0.09381562544804906,0.02066450016230803,home
2026_05_PHI_JAX,PHI@JAX,d__allowed__rates_core__interception_pct,1.1654016615576386,0.15823629831666508,home
2026_05_PHI_JAX,PHI@JAX,d__allowed__rates_core__sacks_taken_pct,0.3140276169439531,0.0018384799228192395,home
2026_05_PHI_JAX,PHI@JAX,d__allowed__rates_core__penalty_yards_per_game,8.489960527991954,-0.11876123545135513,away
2026_05_PHI_JAX,PHI@JAX,d__avail__qb_delta,-0.028758776672480835,-0.012664527717730512,away
2026_05_PHI_JAX,PHI@JAX,d__avail__OL_out_cs,-0.39373970345963755,0.08446777452112625,home
2026_05_PHI_JAX,PHI@JAX,d__avail__WRTE_out_cs,0.0,-0.0,neutral
2026_05_PHI_JAX,PHI@JAX,d__avail__RB_out_cs,0.0,-0.0,neutral
2026_05_PHI_JAX,PHI@JAX,d__avail__DL_out_cs,0.0,-0.0,neutral
2026_05_PHI_JAX,PHI@JAX,d__avail__LB_out_cs,0.0,-0.0,neutral
2026_05_PHI_JAX,PHI@JAX,d__avail__DB_out_cs,0.0,-0.0,neutral
2026_05_PHI_JAX,PHI@JAX,d__max_lead,4.945340318641464,0.2036571628439074,home
2026_05_PHI_JAX,PHI@JAX,d__max_deficit,-1.4987248398268247,0.06948884675406639,home
2026_05_SF_SEA,SF@SEA,site,1.0,0.1851636780855399,home
2026_05_SF_SEA,SF@SEA,d__for__rates_core__plays_per_game,0.2739652069971399,0.0021485215736545115,home
2026_05_SF_SEA,SF@SEA,d__for__rates_core__net_pass_yards_per_pass_play,-0.3335586733912699,-0.05314420618026125,away
2026_05_SF_SEA,SF@SEA,d__for__rates_core__rush_yards_per_attempt,-0.1842498544751665,-0.00017736417163795057,away
2026_05_SF_SEA,SF@SEA,d__for__rates_core__first_down_rate,-2.2587727128086286,-0.17457085362112443,away
2026_05_SF_SEA,SF@SEA,d__for__rates_core__fumbles_lost_per_game,0.1822076334338466,0.01879241373912477,home
2026_05_SF_SEA,SF@SEA,d__for__rates_core__interception_pct,0.6003297753051005,0.05939762859941873,home
2026_05_SF_SEA,SF@SEA,d__for__rates_core__sacks_taken_pct,1.8351782760220452,-0.09446175752874174,away
2026_05_SF_SEA,SF@SEA,d__for__rates_core__penalty_yards_per_game,15.903092864472576,0.10320952860488863,home
2026_05_SF_SEA,SF@SEA,d__allowed__rates_core__plays_per_game,-0.651263786770464,0.012388069726122351,home
2026_05_SF_SEA,SF@SEA,d__allowed__rates_core__net_pass_yards_per_pass_play,-0.8169209658988148,0.1254076234637794,home
2026_05_SF_SEA,SF@SEA,d__allowed__rates_core__rush_yards_per_attempt,-0.20746772836903782,0.03831750099393331,home
2026_05_SF_SEA,SF@SEA,d__allowed__rates_core__first_down_rate,-2.467377969480637,-0.018330564842510822,away
2026_05_SF_SEA,SF@SEA,d__allowed__rates_core__fumbles_lost_per_game,0.006310889305680745,0.001390081582451996,home
2026_05_SF_SEA,SF@SEA,d__allowed__rates_core__interception_pct,1.8564126583400142,0.25206062158115033,home
2026_05_SF_SEA,SF@SEA,d__allowed__rates_core__sacks_taken_pct,2.511743660860529,0.014705045169911765,home
2026_05_SF_SEA,SF@SEA,d__allowed__rates_core__penalty_yards_per_game,8.240959920649154,-0.11527810738984422,away
2026_05_SF_SEA,SF@SEA,d__avail__qb_delta,-0.0730194496807881,-0.0321556391270518,away
2026_05_SF_SEA,SF@SEA,d__avail__OL_out_cs,0.040160642570281124,-0.008615539838739668,away
2026_05_SF_SEA,SF@SEA,d__avail__WRTE_out_cs,-0.16367980884109917,0.052656127338396426,home
2026_05_SF_SEA,SF@SEA,d__avail__RB_out_cs,0.2087227414330218,-0.029004710358124804,away
2026_05_SF_SEA,SF@SEA,d__avail__DL_out_cs,-0.056261343012704176,0.025954400402538744,home
2026_05_SF_SEA,SF@SEA,d__avail__LB_out_cs,0.0,-0.0,neutral
2026_05_SF_SEA,SF@SEA,d__avail__DB_out_cs,0.0,-0.0,neutral
2026_05_SF_SEA,SF@SEA,d__max_lead,-0.7360435004918564,-0.030311469258206453,away
2026_05_SF_SEA,SF@SEA,d__max_deficit,1.0267078306962607,-0.04760363024122305,away
2026_05_TB_DAL,TB@DAL,site,1.0,0.1851636780855399,home
2026_05_TB_DAL,TB@DAL,d__for__rates_core__plays_per_game,1.97008656452779,0.015450040288871597,home
2026_05_TB_DAL,TB@DAL,d__for__rates_core__net_pass_yards_per_pass_play,0.8626511755118553,0.1374418223545035,home
2026_05_TB_DAL,TB@DAL,d__for__rates_core__rush_yards_per_attempt,-0.0624928462450951,-6.015739843665939e-05,away
2026_05_TB_DAL,TB@DAL,d__for__rates_core__first_down_rate,4.072115204798422,0.3147163162163843,home
2026_05_TB_DAL,TB@DAL,d__for__rates_core__fumbles_lost_per_game,-0.09869256448885716,-0.01017889025776313,away
2026_05_TB_DAL,TB@DAL,d__for__rates_core__interception_pct,-1.3893979926993238,-0.13746935324870466,away
2026_05_TB_DAL,TB@DAL,d__for__rates_core__sacks_taken_pct,-2.814426943269339,0.14486642467986172,home
2026_05_TB_DAL,TB@DAL,d__for__rates_core__penalty_yards_per_game,12.367487188236304,0.08026379105013177,home
2026_05_TB_DAL,TB@DAL,d__allowed__rates_core__plays_per_game,1.8146112505775562,-0.03451678283761797,away
2026_05_TB_DAL,TB@DAL,d__allowed__rates_core__net_pass_yards_per_pass_play,0.7002225489875968,-0.10749295149704981,away
2026_05_TB_DAL,TB@DAL,d__allowed__rates_core__rush_yards_per_attempt,0.6550465456911772,-0.12098145028583689,away
2026_05_TB_DAL,TB@DAL,d__allowed__rates_core__first_down_rate,3.9722178185448627,0.02951027252088987,home
2026_05_TB_DAL,TB@DAL,d__allowed__rates_core__fumbles_lost_per_game,-0.028877689618900138,-0.006360806304566959,away
2026_05_TB_DAL,TB@DAL,d__allowed__rates_core__interception_pct,-1.0196193151286388,-0.13844221390802386,away
2026_05_TB_DAL,TB@DAL,d__allowed__rates_core__sacks_taken_pct,-0.06351555968204625,-0.0003718529038893748,away
2026_05_TB_DAL,TB@DAL,d__allowed__rates_core__penalty_yards_per_game,5.327770988444257,-0.07452716213501424,away
2026_05_TB_DAL,TB@DAL,d__avail__qb_delta,0.6045984212184203,0.26624753725855455,home
2026_05_TB_DAL,TB@DAL,d__avail__OL_out_cs,0.0037593984962406013,-0.0008064922631000665,away
2026_05_TB_DAL,TB@DAL,d__avail__WRTE_out_cs,0.0028243243243243257,-0.0009085908782489352,away
2026_05_TB_DAL,TB@DAL,d__avail__RB_out_cs,0.0,-0.0,neutral
2026_05_TB_DAL,TB@DAL,d__avail__DL_out_cs,0.10094637223974763,-0.04656843267503441,away
2026_05_TB_DAL,TB@DAL,d__avail__LB_out_cs,0.00174213897990122,-0.00030358808564996,away
2026_05_TB_DAL,TB@DAL,d__avail__DB_out_cs,-0.06870868083518744,0.03245019863759041,home
2026_05_TB_DAL,TB@DAL,d__max_lead,1.4301137648779618,0.05889441234229857,home
2026_05_TB_DAL,TB@DAL,d__max_deficit,0.8898873900753692,-0.0412599076455346,away
