season,week,target,arm,training_max_season,training_max_week,dispersion_source,dispersion_games,dispersion_max_season,dispersion_max_week
2020,1,margin,market_relationships,2019,17,prior_market_residual_fallback,256,2019,17
2020,1,margin,resid_h4_k4,2019,17,prior_market_residual_fallback,256,2019,17
2020,1,margin,resid_h4_k12,2019,17,prior_market_residual_fallback,256,2019,17
2020,1,margin,resid_h16_k4,2019,17,prior_market_residual_fallback,256,2019,17
2020,1,margin,resid_h16_k12,2019,17,prior_market_residual_fallback,256,2019,17
2020,1,total,market_relationships,2019,17,prior_market_residual_fallback,256,2019,17
2020,1,total,resid_h4_k4,2019,17,prior_market_residual_fallback,256,2019,17
2020,1,total,resid_h4_k12,2019,17,prior_market_residual_fallback,256,2019,17
2020,1,total,resid_h16_k4,2019,17,prior_market_residual_fallback,256,2019,17
2020,1,total,resid_h16_k12,2019,17,prior_market_residual_fallback,256,2019,17
2020,2,margin,market_relationships,2020,1,prior_market_residual_fallback,272,2020,1
2020,2,margin,resid_h4_k4,2020,1,prior_market_residual_fallback,272,2020,1
2020,2,margin,resid_h4_k12,2020,1,prior_market_residual_fallback,272,2020,1
2020,2,margin,resid_h16_k4,2020,1,prior_market_residual_fallback,272,2020,1
2020,2,margin,resid_h16_k12,2020,1,prior_market_residual_fallback,272,2020,1
2020,2,total,market_relationships,2020,1,prior_market_residual_fallback,272,2020,1
2020,2,total,resid_h4_k4,2020,1,prior_market_residual_fallback,272,2020,1
2020,2,total,resid_h4_k12,2020,1,prior_market_residual_fallback,272,2020,1
2020,2,total,resid_h16_k4,2020,1,prior_market_residual_fallback,272,2020,1
2020,2,total,resid_h16_k12,2020,1,prior_market_residual_fallback,272,2020,1
2020,3,margin,market_relationships,2020,2,prior_market_residual_fallback,288,2020,2
2020,3,margin,resid_h4_k4,2020,2,prior_market_residual_fallback,288,2020,2
2020,3,margin,resid_h4_k12,2020,2,prior_market_residual_fallback,288,2020,2
2020,3,margin,resid_h16_k4,2020,2,prior_market_residual_fallback,288,2020,2
2020,3,margin,resid_h16_k12,2020,2,prior_market_residual_fallback,288,2020,2
2020,3,total,market_relationships,2020,2,prior_market_residual_fallback,288,2020,2
2020,3,total,resid_h4_k4,2020,2,prior_market_residual_fallback,288,2020,2
2020,3,total,resid_h4_k12,2020,2,prior_market_residual_fallback,288,2020,2
2020,3,total,resid_h16_k4,2020,2,prior_market_residual_fallback,288,2020,2
2020,3,total,resid_h16_k12,2020,2,prior_market_residual_fallback,288,2020,2
2020,4,margin,market_relationships,2020,3,prior_market_residual_fallback,304,2020,3
2020,4,margin,resid_h4_k4,2020,3,prior_market_residual_fallback,304,2020,3
2020,4,margin,resid_h4_k12,2020,3,prior_market_residual_fallback,304,2020,3
2020,4,margin,resid_h16_k4,2020,3,prior_market_residual_fallback,304,2020,3
2020,4,margin,resid_h16_k12,2020,3,prior_market_residual_fallback,304,2020,3
2020,4,total,market_relationships,2020,3,prior_market_residual_fallback,304,2020,3
2020,4,total,resid_h4_k4,2020,3,prior_market_residual_fallback,304,2020,3
2020,4,total,resid_h4_k12,2020,3,prior_market_residual_fallback,304,2020,3
2020,4,total,resid_h16_k4,2020,3,prior_market_residual_fallback,304,2020,3
2020,4,total,resid_h16_k12,2020,3,prior_market_residual_fallback,304,2020,3
2020,5,margin,market_relationships,2020,4,prior_market_residual_fallback,319,2020,4
2020,5,margin,resid_h4_k4,2020,4,prior_market_residual_fallback,319,2020,4
2020,5,margin,resid_h4_k12,2020,4,prior_market_residual_fallback,319,2020,4
2020,5,margin,resid_h16_k4,2020,4,prior_market_residual_fallback,319,2020,4
2020,5,margin,resid_h16_k12,2020,4,prior_market_residual_fallback,319,2020,4
2020,5,total,market_relationships,2020,4,prior_market_residual_fallback,319,2020,4
2020,5,total,resid_h4_k4,2020,4,prior_market_residual_fallback,319,2020,4
2020,5,total,resid_h4_k12,2020,4,prior_market_residual_fallback,319,2020,4
2020,5,total,resid_h16_k4,2020,4,prior_market_residual_fallback,319,2020,4
2020,5,total,resid_h16_k12,2020,4,prior_market_residual_fallback,319,2020,4
2020,6,margin,market_relationships,2020,5,prior_market_residual_fallback,333,2020,5
2020,6,margin,resid_h4_k4,2020,5,prior_market_residual_fallback,333,2020,5
2020,6,margin,resid_h4_k12,2020,5,prior_market_residual_fallback,333,2020,5
2020,6,margin,resid_h16_k4,2020,5,prior_market_residual_fallback,333,2020,5
2020,6,margin,resid_h16_k12,2020,5,prior_market_residual_fallback,333,2020,5
2020,6,total,market_relationships,2020,5,prior_market_residual_fallback,333,2020,5
2020,6,total,resid_h4_k4,2020,5,prior_market_residual_fallback,333,2020,5
2020,6,total,resid_h4_k12,2020,5,prior_market_residual_fallback,333,2020,5
2020,6,total,resid_h16_k4,2020,5,prior_market_residual_fallback,333,2020,5
2020,6,total,resid_h16_k12,2020,5,prior_market_residual_fallback,333,2020,5
2020,7,margin,market_relationships,2020,6,prior_weekly_forecast_errors,91,2020,6
2020,7,margin,resid_h4_k4,2020,6,prior_weekly_forecast_errors,91,2020,6
2020,7,margin,resid_h4_k12,2020,6,prior_weekly_forecast_errors,91,2020,6
2020,7,margin,resid_h16_k4,2020,6,prior_weekly_forecast_errors,91,2020,6
2020,7,margin,resid_h16_k12,2020,6,prior_weekly_forecast_errors,91,2020,6
2020,7,total,market_relationships,2020,6,prior_weekly_forecast_errors,91,2020,6
2020,7,total,resid_h4_k4,2020,6,prior_weekly_forecast_errors,91,2020,6
2020,7,total,resid_h4_k12,2020,6,prior_weekly_forecast_errors,91,2020,6
2020,7,total,resid_h16_k4,2020,6,prior_weekly_forecast_errors,91,2020,6
2020,7,total,resid_h16_k12,2020,6,prior_weekly_forecast_errors,91,2020,6
2020,8,margin,market_relationships,2020,7,prior_weekly_forecast_errors,105,2020,7
2020,8,margin,resid_h4_k4,2020,7,prior_weekly_forecast_errors,105,2020,7
2020,8,margin,resid_h4_k12,2020,7,prior_weekly_forecast_errors,105,2020,7
2020,8,margin,resid_h16_k4,2020,7,prior_weekly_forecast_errors,105,2020,7
2020,8,margin,resid_h16_k12,2020,7,prior_weekly_forecast_errors,105,2020,7
2020,8,total,market_relationships,2020,7,prior_weekly_forecast_errors,105,2020,7
2020,8,total,resid_h4_k4,2020,7,prior_weekly_forecast_errors,105,2020,7
2020,8,total,resid_h4_k12,2020,7,prior_weekly_forecast_errors,105,2020,7
2020,8,total,resid_h16_k4,2020,7,prior_weekly_forecast_errors,105,2020,7
2020,8,total,resid_h16_k12,2020,7,prior_weekly_forecast_errors,105,2020,7
2020,9,margin,market_relationships,2020,8,prior_weekly_forecast_errors,119,2020,8
2020,9,margin,resid_h4_k4,2020,8,prior_weekly_forecast_errors,119,2020,8
2020,9,margin,resid_h4_k12,2020,8,prior_weekly_forecast_errors,119,2020,8
2020,9,margin,resid_h16_k4,2020,8,prior_weekly_forecast_errors,119,2020,8
2020,9,margin,resid_h16_k12,2020,8,prior_weekly_forecast_errors,119,2020,8
2020,9,total,market_relationships,2020,8,prior_weekly_forecast_errors,119,2020,8
2020,9,total,resid_h4_k4,2020,8,prior_weekly_forecast_errors,119,2020,8
2020,9,total,resid_h4_k12,2020,8,prior_weekly_forecast_errors,119,2020,8
2020,9,total,resid_h16_k4,2020,8,prior_weekly_forecast_errors,119,2020,8
2020,9,total,resid_h16_k12,2020,8,prior_weekly_forecast_errors,119,2020,8
2020,10,margin,market_relationships,2020,9,prior_weekly_forecast_errors,133,2020,9
2020,10,margin,resid_h4_k4,2020,9,prior_weekly_forecast_errors,133,2020,9
2020,10,margin,resid_h4_k12,2020,9,prior_weekly_forecast_errors,133,2020,9
2020,10,margin,resid_h16_k4,2020,9,prior_weekly_forecast_errors,133,2020,9
2020,10,margin,resid_h16_k12,2020,9,prior_weekly_forecast_errors,133,2020,9
2020,10,total,market_relationships,2020,9,prior_weekly_forecast_errors,133,2020,9
2020,10,total,resid_h4_k4,2020,9,prior_weekly_forecast_errors,133,2020,9
2020,10,total,resid_h4_k12,2020,9,prior_weekly_forecast_errors,133,2020,9
2020,10,total,resid_h16_k4,2020,9,prior_weekly_forecast_errors,133,2020,9
2020,10,total,resid_h16_k12,2020,9,prior_weekly_forecast_errors,133,2020,9
2020,11,margin,market_relationships,2020,10,prior_weekly_forecast_errors,147,2020,10
2020,11,margin,resid_h4_k4,2020,10,prior_weekly_forecast_errors,147,2020,10
2020,11,margin,resid_h4_k12,2020,10,prior_weekly_forecast_errors,147,2020,10
2020,11,margin,resid_h16_k4,2020,10,prior_weekly_forecast_errors,147,2020,10
2020,11,margin,resid_h16_k12,2020,10,prior_weekly_forecast_errors,147,2020,10
2020,11,total,market_relationships,2020,10,prior_weekly_forecast_errors,147,2020,10
2020,11,total,resid_h4_k4,2020,10,prior_weekly_forecast_errors,147,2020,10
2020,11,total,resid_h4_k12,2020,10,prior_weekly_forecast_errors,147,2020,10
2020,11,total,resid_h16_k4,2020,10,prior_weekly_forecast_errors,147,2020,10
2020,11,total,resid_h16_k12,2020,10,prior_weekly_forecast_errors,147,2020,10
2020,12,margin,market_relationships,2020,11,prior_weekly_forecast_errors,161,2020,11
2020,12,margin,resid_h4_k4,2020,11,prior_weekly_forecast_errors,161,2020,11
2020,12,margin,resid_h4_k12,2020,11,prior_weekly_forecast_errors,161,2020,11
2020,12,margin,resid_h16_k4,2020,11,prior_weekly_forecast_errors,161,2020,11
2020,12,margin,resid_h16_k12,2020,11,prior_weekly_forecast_errors,161,2020,11
2020,12,total,market_relationships,2020,11,prior_weekly_forecast_errors,161,2020,11
2020,12,total,resid_h4_k4,2020,11,prior_weekly_forecast_errors,161,2020,11
2020,12,total,resid_h4_k12,2020,11,prior_weekly_forecast_errors,161,2020,11
2020,12,total,resid_h16_k4,2020,11,prior_weekly_forecast_errors,161,2020,11
2020,12,total,resid_h16_k12,2020,11,prior_weekly_forecast_errors,161,2020,11
2020,13,margin,market_relationships,2020,12,prior_weekly_forecast_errors,177,2020,12
2020,13,margin,resid_h4_k4,2020,12,prior_weekly_forecast_errors,177,2020,12
2020,13,margin,resid_h4_k12,2020,12,prior_weekly_forecast_errors,177,2020,12
2020,13,margin,resid_h16_k4,2020,12,prior_weekly_forecast_errors,177,2020,12
2020,13,margin,resid_h16_k12,2020,12,prior_weekly_forecast_errors,177,2020,12
2020,13,total,market_relationships,2020,12,prior_weekly_forecast_errors,177,2020,12
2020,13,total,resid_h4_k4,2020,12,prior_weekly_forecast_errors,177,2020,12
2020,13,total,resid_h4_k12,2020,12,prior_weekly_forecast_errors,177,2020,12
2020,13,total,resid_h16_k4,2020,12,prior_weekly_forecast_errors,177,2020,12
2020,13,total,resid_h16_k12,2020,12,prior_weekly_forecast_errors,177,2020,12
2020,14,margin,market_relationships,2020,13,prior_weekly_forecast_errors,192,2020,13
2020,14,margin,resid_h4_k4,2020,13,prior_weekly_forecast_errors,192,2020,13
2020,14,margin,resid_h4_k12,2020,13,prior_weekly_forecast_errors,192,2020,13
2020,14,margin,resid_h16_k4,2020,13,prior_weekly_forecast_errors,192,2020,13
2020,14,margin,resid_h16_k12,2020,13,prior_weekly_forecast_errors,192,2020,13
2020,14,total,market_relationships,2020,13,prior_weekly_forecast_errors,192,2020,13
2020,14,total,resid_h4_k4,2020,13,prior_weekly_forecast_errors,192,2020,13
2020,14,total,resid_h4_k12,2020,13,prior_weekly_forecast_errors,192,2020,13
2020,14,total,resid_h16_k4,2020,13,prior_weekly_forecast_errors,192,2020,13
2020,14,total,resid_h16_k12,2020,13,prior_weekly_forecast_errors,192,2020,13
2020,15,margin,market_relationships,2020,14,prior_weekly_forecast_errors,208,2020,14
2020,15,margin,resid_h4_k4,2020,14,prior_weekly_forecast_errors,208,2020,14
2020,15,margin,resid_h4_k12,2020,14,prior_weekly_forecast_errors,208,2020,14
2020,15,margin,resid_h16_k4,2020,14,prior_weekly_forecast_errors,208,2020,14
2020,15,margin,resid_h16_k12,2020,14,prior_weekly_forecast_errors,208,2020,14
2020,15,total,market_relationships,2020,14,prior_weekly_forecast_errors,208,2020,14
2020,15,total,resid_h4_k4,2020,14,prior_weekly_forecast_errors,208,2020,14
2020,15,total,resid_h4_k12,2020,14,prior_weekly_forecast_errors,208,2020,14
2020,15,total,resid_h16_k4,2020,14,prior_weekly_forecast_errors,208,2020,14
2020,15,total,resid_h16_k12,2020,14,prior_weekly_forecast_errors,208,2020,14
2020,16,margin,market_relationships,2020,15,prior_weekly_forecast_errors,224,2020,15
2020,16,margin,resid_h4_k4,2020,15,prior_weekly_forecast_errors,224,2020,15
2020,16,margin,resid_h4_k12,2020,15,prior_weekly_forecast_errors,224,2020,15
2020,16,margin,resid_h16_k4,2020,15,prior_weekly_forecast_errors,224,2020,15
2020,16,margin,resid_h16_k12,2020,15,prior_weekly_forecast_errors,224,2020,15
2020,16,total,market_relationships,2020,15,prior_weekly_forecast_errors,224,2020,15
2020,16,total,resid_h4_k4,2020,15,prior_weekly_forecast_errors,224,2020,15
2020,16,total,resid_h4_k12,2020,15,prior_weekly_forecast_errors,224,2020,15
2020,16,total,resid_h16_k4,2020,15,prior_weekly_forecast_errors,224,2020,15
2020,16,total,resid_h16_k12,2020,15,prior_weekly_forecast_errors,224,2020,15
2020,17,margin,market_relationships,2020,16,prior_weekly_forecast_errors,240,2020,16
2020,17,margin,resid_h4_k4,2020,16,prior_weekly_forecast_errors,240,2020,16
2020,17,margin,resid_h4_k12,2020,16,prior_weekly_forecast_errors,240,2020,16
2020,17,margin,resid_h16_k4,2020,16,prior_weekly_forecast_errors,240,2020,16
2020,17,margin,resid_h16_k12,2020,16,prior_weekly_forecast_errors,240,2020,16
2020,17,total,market_relationships,2020,16,prior_weekly_forecast_errors,240,2020,16
2020,17,total,resid_h4_k4,2020,16,prior_weekly_forecast_errors,240,2020,16
2020,17,total,resid_h4_k12,2020,16,prior_weekly_forecast_errors,240,2020,16
2020,17,total,resid_h16_k4,2020,16,prior_weekly_forecast_errors,240,2020,16
2020,17,total,resid_h16_k12,2020,16,prior_weekly_forecast_errors,240,2020,16
2021,1,margin,market_relationships,2020,17,prior_weekly_forecast_errors,256,2020,17
2021,1,margin,resid_h4_k4,2020,17,prior_weekly_forecast_errors,256,2020,17
2021,1,margin,resid_h4_k12,2020,17,prior_weekly_forecast_errors,256,2020,17
2021,1,margin,resid_h16_k4,2020,17,prior_weekly_forecast_errors,256,2020,17
2021,1,margin,resid_h16_k12,2020,17,prior_weekly_forecast_errors,256,2020,17
2021,1,total,market_relationships,2020,17,prior_weekly_forecast_errors,256,2020,17
2021,1,total,resid_h4_k4,2020,17,prior_weekly_forecast_errors,256,2020,17
2021,1,total,resid_h4_k12,2020,17,prior_weekly_forecast_errors,256,2020,17
2021,1,total,resid_h16_k4,2020,17,prior_weekly_forecast_errors,256,2020,17
2021,1,total,resid_h16_k12,2020,17,prior_weekly_forecast_errors,256,2020,17
2021,2,margin,market_relationships,2021,1,prior_weekly_forecast_errors,272,2021,1
2021,2,margin,resid_h4_k4,2021,1,prior_weekly_forecast_errors,272,2021,1
2021,2,margin,resid_h4_k12,2021,1,prior_weekly_forecast_errors,272,2021,1
2021,2,margin,resid_h16_k4,2021,1,prior_weekly_forecast_errors,272,2021,1
2021,2,margin,resid_h16_k12,2021,1,prior_weekly_forecast_errors,272,2021,1
2021,2,total,market_relationships,2021,1,prior_weekly_forecast_errors,272,2021,1
2021,2,total,resid_h4_k4,2021,1,prior_weekly_forecast_errors,272,2021,1
2021,2,total,resid_h4_k12,2021,1,prior_weekly_forecast_errors,272,2021,1
2021,2,total,resid_h16_k4,2021,1,prior_weekly_forecast_errors,272,2021,1
2021,2,total,resid_h16_k12,2021,1,prior_weekly_forecast_errors,272,2021,1
2021,3,margin,market_relationships,2021,2,prior_weekly_forecast_errors,288,2021,2
2021,3,margin,resid_h4_k4,2021,2,prior_weekly_forecast_errors,288,2021,2
2021,3,margin,resid_h4_k12,2021,2,prior_weekly_forecast_errors,288,2021,2
2021,3,margin,resid_h16_k4,2021,2,prior_weekly_forecast_errors,288,2021,2
2021,3,margin,resid_h16_k12,2021,2,prior_weekly_forecast_errors,288,2021,2
2021,3,total,market_relationships,2021,2,prior_weekly_forecast_errors,288,2021,2
2021,3,total,resid_h4_k4,2021,2,prior_weekly_forecast_errors,288,2021,2
2021,3,total,resid_h4_k12,2021,2,prior_weekly_forecast_errors,288,2021,2
2021,3,total,resid_h16_k4,2021,2,prior_weekly_forecast_errors,288,2021,2
2021,3,total,resid_h16_k12,2021,2,prior_weekly_forecast_errors,288,2021,2
2021,4,margin,market_relationships,2021,3,prior_weekly_forecast_errors,304,2021,3
2021,4,margin,resid_h4_k4,2021,3,prior_weekly_forecast_errors,304,2021,3
2021,4,margin,resid_h4_k12,2021,3,prior_weekly_forecast_errors,304,2021,3
2021,4,margin,resid_h16_k4,2021,3,prior_weekly_forecast_errors,304,2021,3
2021,4,margin,resid_h16_k12,2021,3,prior_weekly_forecast_errors,304,2021,3
2021,4,total,market_relationships,2021,3,prior_weekly_forecast_errors,304,2021,3
2021,4,total,resid_h4_k4,2021,3,prior_weekly_forecast_errors,304,2021,3
2021,4,total,resid_h4_k12,2021,3,prior_weekly_forecast_errors,304,2021,3
2021,4,total,resid_h16_k4,2021,3,prior_weekly_forecast_errors,304,2021,3
2021,4,total,resid_h16_k12,2021,3,prior_weekly_forecast_errors,304,2021,3
2021,5,margin,market_relationships,2021,4,prior_weekly_forecast_errors,320,2021,4
2021,5,margin,resid_h4_k4,2021,4,prior_weekly_forecast_errors,320,2021,4
2021,5,margin,resid_h4_k12,2021,4,prior_weekly_forecast_errors,320,2021,4
2021,5,margin,resid_h16_k4,2021,4,prior_weekly_forecast_errors,320,2021,4
2021,5,margin,resid_h16_k12,2021,4,prior_weekly_forecast_errors,320,2021,4
2021,5,total,market_relationships,2021,4,prior_weekly_forecast_errors,320,2021,4
2021,5,total,resid_h4_k4,2021,4,prior_weekly_forecast_errors,320,2021,4
2021,5,total,resid_h4_k12,2021,4,prior_weekly_forecast_errors,320,2021,4
2021,5,total,resid_h16_k4,2021,4,prior_weekly_forecast_errors,320,2021,4
2021,5,total,resid_h16_k12,2021,4,prior_weekly_forecast_errors,320,2021,4
2021,6,margin,market_relationships,2021,5,prior_weekly_forecast_errors,336,2021,5
2021,6,margin,resid_h4_k4,2021,5,prior_weekly_forecast_errors,336,2021,5
2021,6,margin,resid_h4_k12,2021,5,prior_weekly_forecast_errors,336,2021,5
2021,6,margin,resid_h16_k4,2021,5,prior_weekly_forecast_errors,336,2021,5
2021,6,margin,resid_h16_k12,2021,5,prior_weekly_forecast_errors,336,2021,5
2021,6,total,market_relationships,2021,5,prior_weekly_forecast_errors,336,2021,5
2021,6,total,resid_h4_k4,2021,5,prior_weekly_forecast_errors,336,2021,5
2021,6,total,resid_h4_k12,2021,5,prior_weekly_forecast_errors,336,2021,5
2021,6,total,resid_h16_k4,2021,5,prior_weekly_forecast_errors,336,2021,5
2021,6,total,resid_h16_k12,2021,5,prior_weekly_forecast_errors,336,2021,5
2021,7,margin,market_relationships,2021,6,prior_weekly_forecast_errors,350,2021,6
2021,7,margin,resid_h4_k4,2021,6,prior_weekly_forecast_errors,350,2021,6
2021,7,margin,resid_h4_k12,2021,6,prior_weekly_forecast_errors,350,2021,6
2021,7,margin,resid_h16_k4,2021,6,prior_weekly_forecast_errors,350,2021,6
2021,7,margin,resid_h16_k12,2021,6,prior_weekly_forecast_errors,350,2021,6
2021,7,total,market_relationships,2021,6,prior_weekly_forecast_errors,350,2021,6
2021,7,total,resid_h4_k4,2021,6,prior_weekly_forecast_errors,350,2021,6
2021,7,total,resid_h4_k12,2021,6,prior_weekly_forecast_errors,350,2021,6
2021,7,total,resid_h16_k4,2021,6,prior_weekly_forecast_errors,350,2021,6
2021,7,total,resid_h16_k12,2021,6,prior_weekly_forecast_errors,350,2021,6
2021,8,margin,market_relationships,2021,7,prior_weekly_forecast_errors,363,2021,7
2021,8,margin,resid_h4_k4,2021,7,prior_weekly_forecast_errors,363,2021,7
2021,8,margin,resid_h4_k12,2021,7,prior_weekly_forecast_errors,363,2021,7
2021,8,margin,resid_h16_k4,2021,7,prior_weekly_forecast_errors,363,2021,7
2021,8,margin,resid_h16_k12,2021,7,prior_weekly_forecast_errors,363,2021,7
2021,8,total,market_relationships,2021,7,prior_weekly_forecast_errors,363,2021,7
2021,8,total,resid_h4_k4,2021,7,prior_weekly_forecast_errors,363,2021,7
2021,8,total,resid_h4_k12,2021,7,prior_weekly_forecast_errors,363,2021,7
2021,8,total,resid_h16_k4,2021,7,prior_weekly_forecast_errors,363,2021,7
2021,8,total,resid_h16_k12,2021,7,prior_weekly_forecast_errors,363,2021,7
2021,9,margin,market_relationships,2021,8,prior_weekly_forecast_errors,378,2021,8
2021,9,margin,resid_h4_k4,2021,8,prior_weekly_forecast_errors,378,2021,8
2021,9,margin,resid_h4_k12,2021,8,prior_weekly_forecast_errors,378,2021,8
2021,9,margin,resid_h16_k4,2021,8,prior_weekly_forecast_errors,378,2021,8
2021,9,margin,resid_h16_k12,2021,8,prior_weekly_forecast_errors,378,2021,8
2021,9,total,market_relationships,2021,8,prior_weekly_forecast_errors,378,2021,8
2021,9,total,resid_h4_k4,2021,8,prior_weekly_forecast_errors,378,2021,8
2021,9,total,resid_h4_k12,2021,8,prior_weekly_forecast_errors,378,2021,8
2021,9,total,resid_h16_k4,2021,8,prior_weekly_forecast_errors,378,2021,8
2021,9,total,resid_h16_k12,2021,8,prior_weekly_forecast_errors,378,2021,8
2021,10,margin,market_relationships,2021,9,prior_weekly_forecast_errors,392,2021,9
2021,10,margin,resid_h4_k4,2021,9,prior_weekly_forecast_errors,392,2021,9
2021,10,margin,resid_h4_k12,2021,9,prior_weekly_forecast_errors,392,2021,9
2021,10,margin,resid_h16_k4,2021,9,prior_weekly_forecast_errors,392,2021,9
2021,10,margin,resid_h16_k12,2021,9,prior_weekly_forecast_errors,392,2021,9
2021,10,total,market_relationships,2021,9,prior_weekly_forecast_errors,392,2021,9
2021,10,total,resid_h4_k4,2021,9,prior_weekly_forecast_errors,392,2021,9
2021,10,total,resid_h4_k12,2021,9,prior_weekly_forecast_errors,392,2021,9
2021,10,total,resid_h16_k4,2021,9,prior_weekly_forecast_errors,392,2021,9
2021,10,total,resid_h16_k12,2021,9,prior_weekly_forecast_errors,392,2021,9
2021,11,margin,market_relationships,2021,10,prior_weekly_forecast_errors,406,2021,10
2021,11,margin,resid_h4_k4,2021,10,prior_weekly_forecast_errors,406,2021,10
2021,11,margin,resid_h4_k12,2021,10,prior_weekly_forecast_errors,406,2021,10
2021,11,margin,resid_h16_k4,2021,10,prior_weekly_forecast_errors,406,2021,10
2021,11,margin,resid_h16_k12,2021,10,prior_weekly_forecast_errors,406,2021,10
2021,11,total,market_relationships,2021,10,prior_weekly_forecast_errors,406,2021,10
2021,11,total,resid_h4_k4,2021,10,prior_weekly_forecast_errors,406,2021,10
2021,11,total,resid_h4_k12,2021,10,prior_weekly_forecast_errors,406,2021,10
2021,11,total,resid_h16_k4,2021,10,prior_weekly_forecast_errors,406,2021,10
2021,11,total,resid_h16_k12,2021,10,prior_weekly_forecast_errors,406,2021,10
2021,12,margin,market_relationships,2021,11,prior_weekly_forecast_errors,421,2021,11
2021,12,margin,resid_h4_k4,2021,11,prior_weekly_forecast_errors,421,2021,11
2021,12,margin,resid_h4_k12,2021,11,prior_weekly_forecast_errors,421,2021,11
2021,12,margin,resid_h16_k4,2021,11,prior_weekly_forecast_errors,421,2021,11
2021,12,margin,resid_h16_k12,2021,11,prior_weekly_forecast_errors,421,2021,11
2021,12,total,market_relationships,2021,11,prior_weekly_forecast_errors,421,2021,11
2021,12,total,resid_h4_k4,2021,11,prior_weekly_forecast_errors,421,2021,11
2021,12,total,resid_h4_k12,2021,11,prior_weekly_forecast_errors,421,2021,11
2021,12,total,resid_h16_k4,2021,11,prior_weekly_forecast_errors,421,2021,11
2021,12,total,resid_h16_k12,2021,11,prior_weekly_forecast_errors,421,2021,11
2021,13,margin,market_relationships,2021,12,prior_weekly_forecast_errors,436,2021,12
2021,13,margin,resid_h4_k4,2021,12,prior_weekly_forecast_errors,436,2021,12
2021,13,margin,resid_h4_k12,2021,12,prior_weekly_forecast_errors,436,2021,12
2021,13,margin,resid_h16_k4,2021,12,prior_weekly_forecast_errors,436,2021,12
2021,13,margin,resid_h16_k12,2021,12,prior_weekly_forecast_errors,436,2021,12
2021,13,total,market_relationships,2021,12,prior_weekly_forecast_errors,436,2021,12
2021,13,total,resid_h4_k4,2021,12,prior_weekly_forecast_errors,436,2021,12
2021,13,total,resid_h4_k12,2021,12,prior_weekly_forecast_errors,436,2021,12
2021,13,total,resid_h16_k4,2021,12,prior_weekly_forecast_errors,436,2021,12
2021,13,total,resid_h16_k12,2021,12,prior_weekly_forecast_errors,436,2021,12
2021,14,margin,market_relationships,2021,13,prior_weekly_forecast_errors,450,2021,13
2021,14,margin,resid_h4_k4,2021,13,prior_weekly_forecast_errors,450,2021,13
2021,14,margin,resid_h4_k12,2021,13,prior_weekly_forecast_errors,450,2021,13
2021,14,margin,resid_h16_k4,2021,13,prior_weekly_forecast_errors,450,2021,13
2021,14,margin,resid_h16_k12,2021,13,prior_weekly_forecast_errors,450,2021,13
2021,14,total,market_relationships,2021,13,prior_weekly_forecast_errors,450,2021,13
2021,14,total,resid_h4_k4,2021,13,prior_weekly_forecast_errors,450,2021,13
2021,14,total,resid_h4_k12,2021,13,prior_weekly_forecast_errors,450,2021,13
2021,14,total,resid_h16_k4,2021,13,prior_weekly_forecast_errors,450,2021,13
2021,14,total,resid_h16_k12,2021,13,prior_weekly_forecast_errors,450,2021,13
2021,15,margin,market_relationships,2021,14,prior_weekly_forecast_errors,464,2021,14
2021,15,margin,resid_h4_k4,2021,14,prior_weekly_forecast_errors,464,2021,14
2021,15,margin,resid_h4_k12,2021,14,prior_weekly_forecast_errors,464,2021,14
2021,15,margin,resid_h16_k4,2021,14,prior_weekly_forecast_errors,464,2021,14
2021,15,margin,resid_h16_k12,2021,14,prior_weekly_forecast_errors,464,2021,14
2021,15,total,market_relationships,2021,14,prior_weekly_forecast_errors,464,2021,14
2021,15,total,resid_h4_k4,2021,14,prior_weekly_forecast_errors,464,2021,14
2021,15,total,resid_h4_k12,2021,14,prior_weekly_forecast_errors,464,2021,14
2021,15,total,resid_h16_k4,2021,14,prior_weekly_forecast_errors,464,2021,14
2021,15,total,resid_h16_k12,2021,14,prior_weekly_forecast_errors,464,2021,14
2021,16,margin,market_relationships,2021,15,prior_weekly_forecast_errors,480,2021,15
2021,16,margin,resid_h4_k4,2021,15,prior_weekly_forecast_errors,480,2021,15
2021,16,margin,resid_h4_k12,2021,15,prior_weekly_forecast_errors,480,2021,15
2021,16,margin,resid_h16_k4,2021,15,prior_weekly_forecast_errors,480,2021,15
2021,16,margin,resid_h16_k12,2021,15,prior_weekly_forecast_errors,480,2021,15
2021,16,total,market_relationships,2021,15,prior_weekly_forecast_errors,480,2021,15
2021,16,total,resid_h4_k4,2021,15,prior_weekly_forecast_errors,480,2021,15
2021,16,total,resid_h4_k12,2021,15,prior_weekly_forecast_errors,480,2021,15
2021,16,total,resid_h16_k4,2021,15,prior_weekly_forecast_errors,480,2021,15
2021,16,total,resid_h16_k12,2021,15,prior_weekly_forecast_errors,480,2021,15
2021,17,margin,market_relationships,2021,16,prior_weekly_forecast_errors,496,2021,16
2021,17,margin,resid_h4_k4,2021,16,prior_weekly_forecast_errors,496,2021,16
2021,17,margin,resid_h4_k12,2021,16,prior_weekly_forecast_errors,496,2021,16
2021,17,margin,resid_h16_k4,2021,16,prior_weekly_forecast_errors,496,2021,16
2021,17,margin,resid_h16_k12,2021,16,prior_weekly_forecast_errors,496,2021,16
2021,17,total,market_relationships,2021,16,prior_weekly_forecast_errors,496,2021,16
2021,17,total,resid_h4_k4,2021,16,prior_weekly_forecast_errors,496,2021,16
2021,17,total,resid_h4_k12,2021,16,prior_weekly_forecast_errors,496,2021,16
2021,17,total,resid_h16_k4,2021,16,prior_weekly_forecast_errors,496,2021,16
2021,17,total,resid_h16_k12,2021,16,prior_weekly_forecast_errors,496,2021,16
2021,18,margin,market_relationships,2021,17,prior_weekly_forecast_errors,512,2021,17
2021,18,margin,resid_h4_k4,2021,17,prior_weekly_forecast_errors,512,2021,17
2021,18,margin,resid_h4_k12,2021,17,prior_weekly_forecast_errors,512,2021,17
2021,18,margin,resid_h16_k4,2021,17,prior_weekly_forecast_errors,512,2021,17
2021,18,margin,resid_h16_k12,2021,17,prior_weekly_forecast_errors,512,2021,17
2021,18,total,market_relationships,2021,17,prior_weekly_forecast_errors,512,2021,17
2021,18,total,resid_h4_k4,2021,17,prior_weekly_forecast_errors,512,2021,17
2021,18,total,resid_h4_k12,2021,17,prior_weekly_forecast_errors,512,2021,17
2021,18,total,resid_h16_k4,2021,17,prior_weekly_forecast_errors,512,2021,17
2021,18,total,resid_h16_k12,2021,17,prior_weekly_forecast_errors,512,2021,17
2022,1,margin,market_relationships,2021,18,prior_weekly_forecast_errors,528,2021,18
2022,1,margin,resid_h4_k4,2021,18,prior_weekly_forecast_errors,528,2021,18
2022,1,margin,resid_h4_k12,2021,18,prior_weekly_forecast_errors,528,2021,18
2022,1,margin,resid_h16_k4,2021,18,prior_weekly_forecast_errors,528,2021,18
2022,1,margin,resid_h16_k12,2021,18,prior_weekly_forecast_errors,528,2021,18
2022,1,total,market_relationships,2021,18,prior_weekly_forecast_errors,528,2021,18
2022,1,total,resid_h4_k4,2021,18,prior_weekly_forecast_errors,528,2021,18
2022,1,total,resid_h4_k12,2021,18,prior_weekly_forecast_errors,528,2021,18
2022,1,total,resid_h16_k4,2021,18,prior_weekly_forecast_errors,528,2021,18
2022,1,total,resid_h16_k12,2021,18,prior_weekly_forecast_errors,528,2021,18
2022,2,margin,market_relationships,2022,1,prior_weekly_forecast_errors,544,2022,1
2022,2,margin,resid_h4_k4,2022,1,prior_weekly_forecast_errors,544,2022,1
2022,2,margin,resid_h4_k12,2022,1,prior_weekly_forecast_errors,544,2022,1
2022,2,margin,resid_h16_k4,2022,1,prior_weekly_forecast_errors,544,2022,1
2022,2,margin,resid_h16_k12,2022,1,prior_weekly_forecast_errors,544,2022,1
2022,2,total,market_relationships,2022,1,prior_weekly_forecast_errors,544,2022,1
2022,2,total,resid_h4_k4,2022,1,prior_weekly_forecast_errors,544,2022,1
2022,2,total,resid_h4_k12,2022,1,prior_weekly_forecast_errors,544,2022,1
2022,2,total,resid_h16_k4,2022,1,prior_weekly_forecast_errors,544,2022,1
2022,2,total,resid_h16_k12,2022,1,prior_weekly_forecast_errors,544,2022,1
2022,3,margin,market_relationships,2022,2,prior_weekly_forecast_errors,560,2022,2
2022,3,margin,resid_h4_k4,2022,2,prior_weekly_forecast_errors,560,2022,2
2022,3,margin,resid_h4_k12,2022,2,prior_weekly_forecast_errors,560,2022,2
2022,3,margin,resid_h16_k4,2022,2,prior_weekly_forecast_errors,560,2022,2
2022,3,margin,resid_h16_k12,2022,2,prior_weekly_forecast_errors,560,2022,2
2022,3,total,market_relationships,2022,2,prior_weekly_forecast_errors,560,2022,2
2022,3,total,resid_h4_k4,2022,2,prior_weekly_forecast_errors,560,2022,2
2022,3,total,resid_h4_k12,2022,2,prior_weekly_forecast_errors,560,2022,2
2022,3,total,resid_h16_k4,2022,2,prior_weekly_forecast_errors,560,2022,2
2022,3,total,resid_h16_k12,2022,2,prior_weekly_forecast_errors,560,2022,2
2022,4,margin,market_relationships,2022,3,prior_weekly_forecast_errors,576,2022,3
2022,4,margin,resid_h4_k4,2022,3,prior_weekly_forecast_errors,576,2022,3
2022,4,margin,resid_h4_k12,2022,3,prior_weekly_forecast_errors,576,2022,3
2022,4,margin,resid_h16_k4,2022,3,prior_weekly_forecast_errors,576,2022,3
2022,4,margin,resid_h16_k12,2022,3,prior_weekly_forecast_errors,576,2022,3
2022,4,total,market_relationships,2022,3,prior_weekly_forecast_errors,576,2022,3
2022,4,total,resid_h4_k4,2022,3,prior_weekly_forecast_errors,576,2022,3
2022,4,total,resid_h4_k12,2022,3,prior_weekly_forecast_errors,576,2022,3
2022,4,total,resid_h16_k4,2022,3,prior_weekly_forecast_errors,576,2022,3
2022,4,total,resid_h16_k12,2022,3,prior_weekly_forecast_errors,576,2022,3
2022,5,margin,market_relationships,2022,4,prior_weekly_forecast_errors,592,2022,4
2022,5,margin,resid_h4_k4,2022,4,prior_weekly_forecast_errors,592,2022,4
2022,5,margin,resid_h4_k12,2022,4,prior_weekly_forecast_errors,592,2022,4
2022,5,margin,resid_h16_k4,2022,4,prior_weekly_forecast_errors,592,2022,4
2022,5,margin,resid_h16_k12,2022,4,prior_weekly_forecast_errors,592,2022,4
2022,5,total,market_relationships,2022,4,prior_weekly_forecast_errors,592,2022,4
2022,5,total,resid_h4_k4,2022,4,prior_weekly_forecast_errors,592,2022,4
2022,5,total,resid_h4_k12,2022,4,prior_weekly_forecast_errors,592,2022,4
2022,5,total,resid_h16_k4,2022,4,prior_weekly_forecast_errors,592,2022,4
2022,5,total,resid_h16_k12,2022,4,prior_weekly_forecast_errors,592,2022,4
2022,6,margin,market_relationships,2022,5,prior_weekly_forecast_errors,608,2022,5
2022,6,margin,resid_h4_k4,2022,5,prior_weekly_forecast_errors,608,2022,5
2022,6,margin,resid_h4_k12,2022,5,prior_weekly_forecast_errors,608,2022,5
2022,6,margin,resid_h16_k4,2022,5,prior_weekly_forecast_errors,608,2022,5
2022,6,margin,resid_h16_k12,2022,5,prior_weekly_forecast_errors,608,2022,5
2022,6,total,market_relationships,2022,5,prior_weekly_forecast_errors,608,2022,5
2022,6,total,resid_h4_k4,2022,5,prior_weekly_forecast_errors,608,2022,5
2022,6,total,resid_h4_k12,2022,5,prior_weekly_forecast_errors,608,2022,5
2022,6,total,resid_h16_k4,2022,5,prior_weekly_forecast_errors,608,2022,5
2022,6,total,resid_h16_k12,2022,5,prior_weekly_forecast_errors,608,2022,5
2022,7,margin,market_relationships,2022,6,prior_weekly_forecast_errors,622,2022,6
2022,7,margin,resid_h4_k4,2022,6,prior_weekly_forecast_errors,622,2022,6
2022,7,margin,resid_h4_k12,2022,6,prior_weekly_forecast_errors,622,2022,6
2022,7,margin,resid_h16_k4,2022,6,prior_weekly_forecast_errors,622,2022,6
2022,7,margin,resid_h16_k12,2022,6,prior_weekly_forecast_errors,622,2022,6
2022,7,total,market_relationships,2022,6,prior_weekly_forecast_errors,622,2022,6
2022,7,total,resid_h4_k4,2022,6,prior_weekly_forecast_errors,622,2022,6
2022,7,total,resid_h4_k12,2022,6,prior_weekly_forecast_errors,622,2022,6
2022,7,total,resid_h16_k4,2022,6,prior_weekly_forecast_errors,622,2022,6
2022,7,total,resid_h16_k12,2022,6,prior_weekly_forecast_errors,622,2022,6
2022,8,margin,market_relationships,2022,7,prior_weekly_forecast_errors,636,2022,7
2022,8,margin,resid_h4_k4,2022,7,prior_weekly_forecast_errors,636,2022,7
2022,8,margin,resid_h4_k12,2022,7,prior_weekly_forecast_errors,636,2022,7
2022,8,margin,resid_h16_k4,2022,7,prior_weekly_forecast_errors,636,2022,7
2022,8,margin,resid_h16_k12,2022,7,prior_weekly_forecast_errors,636,2022,7
2022,8,total,market_relationships,2022,7,prior_weekly_forecast_errors,636,2022,7
2022,8,total,resid_h4_k4,2022,7,prior_weekly_forecast_errors,636,2022,7
2022,8,total,resid_h4_k12,2022,7,prior_weekly_forecast_errors,636,2022,7
2022,8,total,resid_h16_k4,2022,7,prior_weekly_forecast_errors,636,2022,7
2022,8,total,resid_h16_k12,2022,7,prior_weekly_forecast_errors,636,2022,7
2022,9,margin,market_relationships,2022,8,prior_weekly_forecast_errors,651,2022,8
2022,9,margin,resid_h4_k4,2022,8,prior_weekly_forecast_errors,651,2022,8
2022,9,margin,resid_h4_k12,2022,8,prior_weekly_forecast_errors,651,2022,8
2022,9,margin,resid_h16_k4,2022,8,prior_weekly_forecast_errors,651,2022,8
2022,9,margin,resid_h16_k12,2022,8,prior_weekly_forecast_errors,651,2022,8
2022,9,total,market_relationships,2022,8,prior_weekly_forecast_errors,651,2022,8
2022,9,total,resid_h4_k4,2022,8,prior_weekly_forecast_errors,651,2022,8
2022,9,total,resid_h4_k12,2022,8,prior_weekly_forecast_errors,651,2022,8
2022,9,total,resid_h16_k4,2022,8,prior_weekly_forecast_errors,651,2022,8
2022,9,total,resid_h16_k12,2022,8,prior_weekly_forecast_errors,651,2022,8
2022,10,margin,market_relationships,2022,9,prior_weekly_forecast_errors,664,2022,9
2022,10,margin,resid_h4_k4,2022,9,prior_weekly_forecast_errors,664,2022,9
2022,10,margin,resid_h4_k12,2022,9,prior_weekly_forecast_errors,664,2022,9
2022,10,margin,resid_h16_k4,2022,9,prior_weekly_forecast_errors,664,2022,9
2022,10,margin,resid_h16_k12,2022,9,prior_weekly_forecast_errors,664,2022,9
2022,10,total,market_relationships,2022,9,prior_weekly_forecast_errors,664,2022,9
2022,10,total,resid_h4_k4,2022,9,prior_weekly_forecast_errors,664,2022,9
2022,10,total,resid_h4_k12,2022,9,prior_weekly_forecast_errors,664,2022,9
2022,10,total,resid_h16_k4,2022,9,prior_weekly_forecast_errors,664,2022,9
2022,10,total,resid_h16_k12,2022,9,prior_weekly_forecast_errors,664,2022,9
2022,11,margin,market_relationships,2022,10,prior_weekly_forecast_errors,678,2022,10
2022,11,margin,resid_h4_k4,2022,10,prior_weekly_forecast_errors,678,2022,10
2022,11,margin,resid_h4_k12,2022,10,prior_weekly_forecast_errors,678,2022,10
2022,11,margin,resid_h16_k4,2022,10,prior_weekly_forecast_errors,678,2022,10
2022,11,margin,resid_h16_k12,2022,10,prior_weekly_forecast_errors,678,2022,10
2022,11,total,market_relationships,2022,10,prior_weekly_forecast_errors,678,2022,10
2022,11,total,resid_h4_k4,2022,10,prior_weekly_forecast_errors,678,2022,10
2022,11,total,resid_h4_k12,2022,10,prior_weekly_forecast_errors,678,2022,10
2022,11,total,resid_h16_k4,2022,10,prior_weekly_forecast_errors,678,2022,10
2022,11,total,resid_h16_k12,2022,10,prior_weekly_forecast_errors,678,2022,10
2022,12,margin,market_relationships,2022,11,prior_weekly_forecast_errors,692,2022,11
2022,12,margin,resid_h4_k4,2022,11,prior_weekly_forecast_errors,692,2022,11
2022,12,margin,resid_h4_k12,2022,11,prior_weekly_forecast_errors,692,2022,11
2022,12,margin,resid_h16_k4,2022,11,prior_weekly_forecast_errors,692,2022,11
2022,12,margin,resid_h16_k12,2022,11,prior_weekly_forecast_errors,692,2022,11
2022,12,total,market_relationships,2022,11,prior_weekly_forecast_errors,692,2022,11
2022,12,total,resid_h4_k4,2022,11,prior_weekly_forecast_errors,692,2022,11
2022,12,total,resid_h4_k12,2022,11,prior_weekly_forecast_errors,692,2022,11
2022,12,total,resid_h16_k4,2022,11,prior_weekly_forecast_errors,692,2022,11
2022,12,total,resid_h16_k12,2022,11,prior_weekly_forecast_errors,692,2022,11
2022,13,margin,market_relationships,2022,12,prior_weekly_forecast_errors,708,2022,12
2022,13,margin,resid_h4_k4,2022,12,prior_weekly_forecast_errors,708,2022,12
2022,13,margin,resid_h4_k12,2022,12,prior_weekly_forecast_errors,708,2022,12
2022,13,margin,resid_h16_k4,2022,12,prior_weekly_forecast_errors,708,2022,12
2022,13,margin,resid_h16_k12,2022,12,prior_weekly_forecast_errors,708,2022,12
2022,13,total,market_relationships,2022,12,prior_weekly_forecast_errors,708,2022,12
2022,13,total,resid_h4_k4,2022,12,prior_weekly_forecast_errors,708,2022,12
2022,13,total,resid_h4_k12,2022,12,prior_weekly_forecast_errors,708,2022,12
2022,13,total,resid_h16_k4,2022,12,prior_weekly_forecast_errors,708,2022,12
2022,13,total,resid_h16_k12,2022,12,prior_weekly_forecast_errors,708,2022,12
2022,14,margin,market_relationships,2022,13,prior_weekly_forecast_errors,723,2022,13
2022,14,margin,resid_h4_k4,2022,13,prior_weekly_forecast_errors,723,2022,13
2022,14,margin,resid_h4_k12,2022,13,prior_weekly_forecast_errors,723,2022,13
2022,14,margin,resid_h16_k4,2022,13,prior_weekly_forecast_errors,723,2022,13
2022,14,margin,resid_h16_k12,2022,13,prior_weekly_forecast_errors,723,2022,13
2022,14,total,market_relationships,2022,13,prior_weekly_forecast_errors,723,2022,13
2022,14,total,resid_h4_k4,2022,13,prior_weekly_forecast_errors,723,2022,13
2022,14,total,resid_h4_k12,2022,13,prior_weekly_forecast_errors,723,2022,13
2022,14,total,resid_h16_k4,2022,13,prior_weekly_forecast_errors,723,2022,13
2022,14,total,resid_h16_k12,2022,13,prior_weekly_forecast_errors,723,2022,13
2022,15,margin,market_relationships,2022,14,prior_weekly_forecast_errors,736,2022,14
2022,15,margin,resid_h4_k4,2022,14,prior_weekly_forecast_errors,736,2022,14
2022,15,margin,resid_h4_k12,2022,14,prior_weekly_forecast_errors,736,2022,14
2022,15,margin,resid_h16_k4,2022,14,prior_weekly_forecast_errors,736,2022,14
2022,15,margin,resid_h16_k12,2022,14,prior_weekly_forecast_errors,736,2022,14
2022,15,total,market_relationships,2022,14,prior_weekly_forecast_errors,736,2022,14
2022,15,total,resid_h4_k4,2022,14,prior_weekly_forecast_errors,736,2022,14
2022,15,total,resid_h4_k12,2022,14,prior_weekly_forecast_errors,736,2022,14
2022,15,total,resid_h16_k4,2022,14,prior_weekly_forecast_errors,736,2022,14
2022,15,total,resid_h16_k12,2022,14,prior_weekly_forecast_errors,736,2022,14
2022,16,margin,market_relationships,2022,15,prior_weekly_forecast_errors,752,2022,15
2022,16,margin,resid_h4_k4,2022,15,prior_weekly_forecast_errors,752,2022,15
2022,16,margin,resid_h4_k12,2022,15,prior_weekly_forecast_errors,752,2022,15
2022,16,margin,resid_h16_k4,2022,15,prior_weekly_forecast_errors,752,2022,15
2022,16,margin,resid_h16_k12,2022,15,prior_weekly_forecast_errors,752,2022,15
2022,16,total,market_relationships,2022,15,prior_weekly_forecast_errors,752,2022,15
2022,16,total,resid_h4_k4,2022,15,prior_weekly_forecast_errors,752,2022,15
2022,16,total,resid_h4_k12,2022,15,prior_weekly_forecast_errors,752,2022,15
2022,16,total,resid_h16_k4,2022,15,prior_weekly_forecast_errors,752,2022,15
2022,16,total,resid_h16_k12,2022,15,prior_weekly_forecast_errors,752,2022,15
2022,17,margin,market_relationships,2022,16,prior_weekly_forecast_errors,768,2022,16
2022,17,margin,resid_h4_k4,2022,16,prior_weekly_forecast_errors,768,2022,16
2022,17,margin,resid_h4_k12,2022,16,prior_weekly_forecast_errors,768,2022,16
2022,17,margin,resid_h16_k4,2022,16,prior_weekly_forecast_errors,768,2022,16
2022,17,margin,resid_h16_k12,2022,16,prior_weekly_forecast_errors,768,2022,16
2022,17,total,market_relationships,2022,16,prior_weekly_forecast_errors,768,2022,16
2022,17,total,resid_h4_k4,2022,16,prior_weekly_forecast_errors,768,2022,16
2022,17,total,resid_h4_k12,2022,16,prior_weekly_forecast_errors,768,2022,16
2022,17,total,resid_h16_k4,2022,16,prior_weekly_forecast_errors,768,2022,16
2022,17,total,resid_h16_k12,2022,16,prior_weekly_forecast_errors,768,2022,16
2022,18,margin,market_relationships,2022,17,prior_weekly_forecast_errors,783,2022,17
2022,18,margin,resid_h4_k4,2022,17,prior_weekly_forecast_errors,783,2022,17
2022,18,margin,resid_h4_k12,2022,17,prior_weekly_forecast_errors,783,2022,17
2022,18,margin,resid_h16_k4,2022,17,prior_weekly_forecast_errors,783,2022,17
2022,18,margin,resid_h16_k12,2022,17,prior_weekly_forecast_errors,783,2022,17
2022,18,total,market_relationships,2022,17,prior_weekly_forecast_errors,783,2022,17
2022,18,total,resid_h4_k4,2022,17,prior_weekly_forecast_errors,783,2022,17
2022,18,total,resid_h4_k12,2022,17,prior_weekly_forecast_errors,783,2022,17
2022,18,total,resid_h16_k4,2022,17,prior_weekly_forecast_errors,783,2022,17
2022,18,total,resid_h16_k12,2022,17,prior_weekly_forecast_errors,783,2022,17
2023,1,margin,market_relationships,2022,18,prior_weekly_forecast_errors,799,2022,18
2023,1,margin,resid_h4_k4,2022,18,prior_weekly_forecast_errors,799,2022,18
2023,1,margin,resid_h4_k12,2022,18,prior_weekly_forecast_errors,799,2022,18
2023,1,margin,resid_h16_k4,2022,18,prior_weekly_forecast_errors,799,2022,18
2023,1,margin,resid_h16_k12,2022,18,prior_weekly_forecast_errors,799,2022,18
2023,1,total,market_relationships,2022,18,prior_weekly_forecast_errors,799,2022,18
2023,1,total,resid_h4_k4,2022,18,prior_weekly_forecast_errors,799,2022,18
2023,1,total,resid_h4_k12,2022,18,prior_weekly_forecast_errors,799,2022,18
2023,1,total,resid_h16_k4,2022,18,prior_weekly_forecast_errors,799,2022,18
2023,1,total,resid_h16_k12,2022,18,prior_weekly_forecast_errors,799,2022,18
2023,2,margin,market_relationships,2023,1,prior_weekly_forecast_errors,815,2023,1
2023,2,margin,resid_h4_k4,2023,1,prior_weekly_forecast_errors,815,2023,1
2023,2,margin,resid_h4_k12,2023,1,prior_weekly_forecast_errors,815,2023,1
2023,2,margin,resid_h16_k4,2023,1,prior_weekly_forecast_errors,815,2023,1
2023,2,margin,resid_h16_k12,2023,1,prior_weekly_forecast_errors,815,2023,1
2023,2,total,market_relationships,2023,1,prior_weekly_forecast_errors,815,2023,1
2023,2,total,resid_h4_k4,2023,1,prior_weekly_forecast_errors,815,2023,1
2023,2,total,resid_h4_k12,2023,1,prior_weekly_forecast_errors,815,2023,1
2023,2,total,resid_h16_k4,2023,1,prior_weekly_forecast_errors,815,2023,1
2023,2,total,resid_h16_k12,2023,1,prior_weekly_forecast_errors,815,2023,1
2023,3,margin,market_relationships,2023,2,prior_weekly_forecast_errors,831,2023,2
2023,3,margin,resid_h4_k4,2023,2,prior_weekly_forecast_errors,831,2023,2
2023,3,margin,resid_h4_k12,2023,2,prior_weekly_forecast_errors,831,2023,2
2023,3,margin,resid_h16_k4,2023,2,prior_weekly_forecast_errors,831,2023,2
2023,3,margin,resid_h16_k12,2023,2,prior_weekly_forecast_errors,831,2023,2
2023,3,total,market_relationships,2023,2,prior_weekly_forecast_errors,831,2023,2
2023,3,total,resid_h4_k4,2023,2,prior_weekly_forecast_errors,831,2023,2
2023,3,total,resid_h4_k12,2023,2,prior_weekly_forecast_errors,831,2023,2
2023,3,total,resid_h16_k4,2023,2,prior_weekly_forecast_errors,831,2023,2
2023,3,total,resid_h16_k12,2023,2,prior_weekly_forecast_errors,831,2023,2
2023,4,margin,market_relationships,2023,3,prior_weekly_forecast_errors,847,2023,3
2023,4,margin,resid_h4_k4,2023,3,prior_weekly_forecast_errors,847,2023,3
2023,4,margin,resid_h4_k12,2023,3,prior_weekly_forecast_errors,847,2023,3
2023,4,margin,resid_h16_k4,2023,3,prior_weekly_forecast_errors,847,2023,3
2023,4,margin,resid_h16_k12,2023,3,prior_weekly_forecast_errors,847,2023,3
2023,4,total,market_relationships,2023,3,prior_weekly_forecast_errors,847,2023,3
2023,4,total,resid_h4_k4,2023,3,prior_weekly_forecast_errors,847,2023,3
2023,4,total,resid_h4_k12,2023,3,prior_weekly_forecast_errors,847,2023,3
2023,4,total,resid_h16_k4,2023,3,prior_weekly_forecast_errors,847,2023,3
2023,4,total,resid_h16_k12,2023,3,prior_weekly_forecast_errors,847,2023,3
2023,5,margin,market_relationships,2023,4,prior_weekly_forecast_errors,863,2023,4
2023,5,margin,resid_h4_k4,2023,4,prior_weekly_forecast_errors,863,2023,4
2023,5,margin,resid_h4_k12,2023,4,prior_weekly_forecast_errors,863,2023,4
2023,5,margin,resid_h16_k4,2023,4,prior_weekly_forecast_errors,863,2023,4
2023,5,margin,resid_h16_k12,2023,4,prior_weekly_forecast_errors,863,2023,4
2023,5,total,market_relationships,2023,4,prior_weekly_forecast_errors,863,2023,4
2023,5,total,resid_h4_k4,2023,4,prior_weekly_forecast_errors,863,2023,4
2023,5,total,resid_h4_k12,2023,4,prior_weekly_forecast_errors,863,2023,4
2023,5,total,resid_h16_k4,2023,4,prior_weekly_forecast_errors,863,2023,4
2023,5,total,resid_h16_k12,2023,4,prior_weekly_forecast_errors,863,2023,4
2023,6,margin,market_relationships,2023,5,prior_weekly_forecast_errors,877,2023,5
2023,6,margin,resid_h4_k4,2023,5,prior_weekly_forecast_errors,877,2023,5
2023,6,margin,resid_h4_k12,2023,5,prior_weekly_forecast_errors,877,2023,5
2023,6,margin,resid_h16_k4,2023,5,prior_weekly_forecast_errors,877,2023,5
2023,6,margin,resid_h16_k12,2023,5,prior_weekly_forecast_errors,877,2023,5
2023,6,total,market_relationships,2023,5,prior_weekly_forecast_errors,877,2023,5
2023,6,total,resid_h4_k4,2023,5,prior_weekly_forecast_errors,877,2023,5
2023,6,total,resid_h4_k12,2023,5,prior_weekly_forecast_errors,877,2023,5
2023,6,total,resid_h16_k4,2023,5,prior_weekly_forecast_errors,877,2023,5
2023,6,total,resid_h16_k12,2023,5,prior_weekly_forecast_errors,877,2023,5
2023,7,margin,market_relationships,2023,6,prior_weekly_forecast_errors,892,2023,6
2023,7,margin,resid_h4_k4,2023,6,prior_weekly_forecast_errors,892,2023,6
2023,7,margin,resid_h4_k12,2023,6,prior_weekly_forecast_errors,892,2023,6
2023,7,margin,resid_h16_k4,2023,6,prior_weekly_forecast_errors,892,2023,6
2023,7,margin,resid_h16_k12,2023,6,prior_weekly_forecast_errors,892,2023,6
2023,7,total,market_relationships,2023,6,prior_weekly_forecast_errors,892,2023,6
2023,7,total,resid_h4_k4,2023,6,prior_weekly_forecast_errors,892,2023,6
2023,7,total,resid_h4_k12,2023,6,prior_weekly_forecast_errors,892,2023,6
2023,7,total,resid_h16_k4,2023,6,prior_weekly_forecast_errors,892,2023,6
2023,7,total,resid_h16_k12,2023,6,prior_weekly_forecast_errors,892,2023,6
2023,8,margin,market_relationships,2023,7,prior_weekly_forecast_errors,905,2023,7
2023,8,margin,resid_h4_k4,2023,7,prior_weekly_forecast_errors,905,2023,7
2023,8,margin,resid_h4_k12,2023,7,prior_weekly_forecast_errors,905,2023,7
2023,8,margin,resid_h16_k4,2023,7,prior_weekly_forecast_errors,905,2023,7
2023,8,margin,resid_h16_k12,2023,7,prior_weekly_forecast_errors,905,2023,7
2023,8,total,market_relationships,2023,7,prior_weekly_forecast_errors,905,2023,7
2023,8,total,resid_h4_k4,2023,7,prior_weekly_forecast_errors,905,2023,7
2023,8,total,resid_h4_k12,2023,7,prior_weekly_forecast_errors,905,2023,7
2023,8,total,resid_h16_k4,2023,7,prior_weekly_forecast_errors,905,2023,7
2023,8,total,resid_h16_k12,2023,7,prior_weekly_forecast_errors,905,2023,7
2023,9,margin,market_relationships,2023,8,prior_weekly_forecast_errors,921,2023,8
2023,9,margin,resid_h4_k4,2023,8,prior_weekly_forecast_errors,921,2023,8
2023,9,margin,resid_h4_k12,2023,8,prior_weekly_forecast_errors,921,2023,8
2023,9,margin,resid_h16_k4,2023,8,prior_weekly_forecast_errors,921,2023,8
2023,9,margin,resid_h16_k12,2023,8,prior_weekly_forecast_errors,921,2023,8
2023,9,total,market_relationships,2023,8,prior_weekly_forecast_errors,921,2023,8
2023,9,total,resid_h4_k4,2023,8,prior_weekly_forecast_errors,921,2023,8
2023,9,total,resid_h4_k12,2023,8,prior_weekly_forecast_errors,921,2023,8
2023,9,total,resid_h16_k4,2023,8,prior_weekly_forecast_errors,921,2023,8
2023,9,total,resid_h16_k12,2023,8,prior_weekly_forecast_errors,921,2023,8
2023,10,margin,market_relationships,2023,9,prior_weekly_forecast_errors,935,2023,9
2023,10,margin,resid_h4_k4,2023,9,prior_weekly_forecast_errors,935,2023,9
2023,10,margin,resid_h4_k12,2023,9,prior_weekly_forecast_errors,935,2023,9
2023,10,margin,resid_h16_k4,2023,9,prior_weekly_forecast_errors,935,2023,9
2023,10,margin,resid_h16_k12,2023,9,prior_weekly_forecast_errors,935,2023,9
2023,10,total,market_relationships,2023,9,prior_weekly_forecast_errors,935,2023,9
2023,10,total,resid_h4_k4,2023,9,prior_weekly_forecast_errors,935,2023,9
2023,10,total,resid_h4_k12,2023,9,prior_weekly_forecast_errors,935,2023,9
2023,10,total,resid_h16_k4,2023,9,prior_weekly_forecast_errors,935,2023,9
2023,10,total,resid_h16_k12,2023,9,prior_weekly_forecast_errors,935,2023,9
2023,11,margin,market_relationships,2023,10,prior_weekly_forecast_errors,949,2023,10
2023,11,margin,resid_h4_k4,2023,10,prior_weekly_forecast_errors,949,2023,10
2023,11,margin,resid_h4_k12,2023,10,prior_weekly_forecast_errors,949,2023,10
2023,11,margin,resid_h16_k4,2023,10,prior_weekly_forecast_errors,949,2023,10
2023,11,margin,resid_h16_k12,2023,10,prior_weekly_forecast_errors,949,2023,10
2023,11,total,market_relationships,2023,10,prior_weekly_forecast_errors,949,2023,10
2023,11,total,resid_h4_k4,2023,10,prior_weekly_forecast_errors,949,2023,10
2023,11,total,resid_h4_k12,2023,10,prior_weekly_forecast_errors,949,2023,10
2023,11,total,resid_h16_k4,2023,10,prior_weekly_forecast_errors,949,2023,10
2023,11,total,resid_h16_k12,2023,10,prior_weekly_forecast_errors,949,2023,10
2023,12,margin,market_relationships,2023,11,prior_weekly_forecast_errors,963,2023,11
2023,12,margin,resid_h4_k4,2023,11,prior_weekly_forecast_errors,963,2023,11
2023,12,margin,resid_h4_k12,2023,11,prior_weekly_forecast_errors,963,2023,11
2023,12,margin,resid_h16_k4,2023,11,prior_weekly_forecast_errors,963,2023,11
2023,12,margin,resid_h16_k12,2023,11,prior_weekly_forecast_errors,963,2023,11
2023,12,total,market_relationships,2023,11,prior_weekly_forecast_errors,963,2023,11
2023,12,total,resid_h4_k4,2023,11,prior_weekly_forecast_errors,963,2023,11
2023,12,total,resid_h4_k12,2023,11,prior_weekly_forecast_errors,963,2023,11
2023,12,total,resid_h16_k4,2023,11,prior_weekly_forecast_errors,963,2023,11
2023,12,total,resid_h16_k12,2023,11,prior_weekly_forecast_errors,963,2023,11
2023,13,margin,market_relationships,2023,12,prior_weekly_forecast_errors,979,2023,12
2023,13,margin,resid_h4_k4,2023,12,prior_weekly_forecast_errors,979,2023,12
2023,13,margin,resid_h4_k12,2023,12,prior_weekly_forecast_errors,979,2023,12
2023,13,margin,resid_h16_k4,2023,12,prior_weekly_forecast_errors,979,2023,12
2023,13,margin,resid_h16_k12,2023,12,prior_weekly_forecast_errors,979,2023,12
2023,13,total,market_relationships,2023,12,prior_weekly_forecast_errors,979,2023,12
2023,13,total,resid_h4_k4,2023,12,prior_weekly_forecast_errors,979,2023,12
2023,13,total,resid_h4_k12,2023,12,prior_weekly_forecast_errors,979,2023,12
2023,13,total,resid_h16_k4,2023,12,prior_weekly_forecast_errors,979,2023,12
2023,13,total,resid_h16_k12,2023,12,prior_weekly_forecast_errors,979,2023,12
2023,14,margin,market_relationships,2023,13,prior_weekly_forecast_errors,992,2023,13
2023,14,margin,resid_h4_k4,2023,13,prior_weekly_forecast_errors,992,2023,13
2023,14,margin,resid_h4_k12,2023,13,prior_weekly_forecast_errors,992,2023,13
2023,14,margin,resid_h16_k4,2023,13,prior_weekly_forecast_errors,992,2023,13
2023,14,margin,resid_h16_k12,2023,13,prior_weekly_forecast_errors,992,2023,13
2023,14,total,market_relationships,2023,13,prior_weekly_forecast_errors,992,2023,13
2023,14,total,resid_h4_k4,2023,13,prior_weekly_forecast_errors,992,2023,13
2023,14,total,resid_h4_k12,2023,13,prior_weekly_forecast_errors,992,2023,13
2023,14,total,resid_h16_k4,2023,13,prior_weekly_forecast_errors,992,2023,13
2023,14,total,resid_h16_k12,2023,13,prior_weekly_forecast_errors,992,2023,13
2023,15,margin,market_relationships,2023,14,prior_weekly_forecast_errors,1007,2023,14
2023,15,margin,resid_h4_k4,2023,14,prior_weekly_forecast_errors,1007,2023,14
2023,15,margin,resid_h4_k12,2023,14,prior_weekly_forecast_errors,1007,2023,14
2023,15,margin,resid_h16_k4,2023,14,prior_weekly_forecast_errors,1007,2023,14
2023,15,margin,resid_h16_k12,2023,14,prior_weekly_forecast_errors,1007,2023,14
2023,15,total,market_relationships,2023,14,prior_weekly_forecast_errors,1007,2023,14
2023,15,total,resid_h4_k4,2023,14,prior_weekly_forecast_errors,1007,2023,14
2023,15,total,resid_h4_k12,2023,14,prior_weekly_forecast_errors,1007,2023,14
2023,15,total,resid_h16_k4,2023,14,prior_weekly_forecast_errors,1007,2023,14
2023,15,total,resid_h16_k12,2023,14,prior_weekly_forecast_errors,1007,2023,14
2023,16,margin,market_relationships,2023,15,prior_weekly_forecast_errors,1023,2023,15
2023,16,margin,resid_h4_k4,2023,15,prior_weekly_forecast_errors,1023,2023,15
2023,16,margin,resid_h4_k12,2023,15,prior_weekly_forecast_errors,1023,2023,15
2023,16,margin,resid_h16_k4,2023,15,prior_weekly_forecast_errors,1023,2023,15
2023,16,margin,resid_h16_k12,2023,15,prior_weekly_forecast_errors,1023,2023,15
2023,16,total,market_relationships,2023,15,prior_weekly_forecast_errors,1023,2023,15
2023,16,total,resid_h4_k4,2023,15,prior_weekly_forecast_errors,1023,2023,15
2023,16,total,resid_h4_k12,2023,15,prior_weekly_forecast_errors,1023,2023,15
2023,16,total,resid_h16_k4,2023,15,prior_weekly_forecast_errors,1023,2023,15
2023,16,total,resid_h16_k12,2023,15,prior_weekly_forecast_errors,1023,2023,15
2023,17,margin,market_relationships,2023,16,prior_weekly_forecast_errors,1039,2023,16
2023,17,margin,resid_h4_k4,2023,16,prior_weekly_forecast_errors,1039,2023,16
2023,17,margin,resid_h4_k12,2023,16,prior_weekly_forecast_errors,1039,2023,16
2023,17,margin,resid_h16_k4,2023,16,prior_weekly_forecast_errors,1039,2023,16
2023,17,margin,resid_h16_k12,2023,16,prior_weekly_forecast_errors,1039,2023,16
2023,17,total,market_relationships,2023,16,prior_weekly_forecast_errors,1039,2023,16
2023,17,total,resid_h4_k4,2023,16,prior_weekly_forecast_errors,1039,2023,16
2023,17,total,resid_h4_k12,2023,16,prior_weekly_forecast_errors,1039,2023,16
2023,17,total,resid_h16_k4,2023,16,prior_weekly_forecast_errors,1039,2023,16
2023,17,total,resid_h16_k12,2023,16,prior_weekly_forecast_errors,1039,2023,16
2023,18,margin,market_relationships,2023,17,prior_weekly_forecast_errors,1055,2023,17
2023,18,margin,resid_h4_k4,2023,17,prior_weekly_forecast_errors,1055,2023,17
2023,18,margin,resid_h4_k12,2023,17,prior_weekly_forecast_errors,1055,2023,17
2023,18,margin,resid_h16_k4,2023,17,prior_weekly_forecast_errors,1055,2023,17
2023,18,margin,resid_h16_k12,2023,17,prior_weekly_forecast_errors,1055,2023,17
2023,18,total,market_relationships,2023,17,prior_weekly_forecast_errors,1055,2023,17
2023,18,total,resid_h4_k4,2023,17,prior_weekly_forecast_errors,1055,2023,17
2023,18,total,resid_h4_k12,2023,17,prior_weekly_forecast_errors,1055,2023,17
2023,18,total,resid_h16_k4,2023,17,prior_weekly_forecast_errors,1055,2023,17
2023,18,total,resid_h16_k12,2023,17,prior_weekly_forecast_errors,1055,2023,17
2024,1,margin,market_relationships,2023,18,prior_weekly_forecast_errors,1071,2023,18
2024,1,margin,resid_h4_k4,2023,18,prior_weekly_forecast_errors,1071,2023,18
2024,1,margin,resid_h4_k12,2023,18,prior_weekly_forecast_errors,1071,2023,18
2024,1,margin,resid_h16_k4,2023,18,prior_weekly_forecast_errors,1071,2023,18
2024,1,margin,resid_h16_k12,2023,18,prior_weekly_forecast_errors,1071,2023,18
2024,1,total,market_relationships,2023,18,prior_weekly_forecast_errors,1071,2023,18
2024,1,total,resid_h4_k4,2023,18,prior_weekly_forecast_errors,1071,2023,18
2024,1,total,resid_h4_k12,2023,18,prior_weekly_forecast_errors,1071,2023,18
2024,1,total,resid_h16_k4,2023,18,prior_weekly_forecast_errors,1071,2023,18
2024,1,total,resid_h16_k12,2023,18,prior_weekly_forecast_errors,1071,2023,18
2024,2,margin,market_relationships,2024,1,prior_weekly_forecast_errors,1087,2024,1
2024,2,margin,resid_h4_k4,2024,1,prior_weekly_forecast_errors,1087,2024,1
2024,2,margin,resid_h4_k12,2024,1,prior_weekly_forecast_errors,1087,2024,1
2024,2,margin,resid_h16_k4,2024,1,prior_weekly_forecast_errors,1087,2024,1
2024,2,margin,resid_h16_k12,2024,1,prior_weekly_forecast_errors,1087,2024,1
2024,2,total,market_relationships,2024,1,prior_weekly_forecast_errors,1087,2024,1
2024,2,total,resid_h4_k4,2024,1,prior_weekly_forecast_errors,1087,2024,1
2024,2,total,resid_h4_k12,2024,1,prior_weekly_forecast_errors,1087,2024,1
2024,2,total,resid_h16_k4,2024,1,prior_weekly_forecast_errors,1087,2024,1
2024,2,total,resid_h16_k12,2024,1,prior_weekly_forecast_errors,1087,2024,1
2024,3,margin,market_relationships,2024,2,prior_weekly_forecast_errors,1103,2024,2
2024,3,margin,resid_h4_k4,2024,2,prior_weekly_forecast_errors,1103,2024,2
2024,3,margin,resid_h4_k12,2024,2,prior_weekly_forecast_errors,1103,2024,2
2024,3,margin,resid_h16_k4,2024,2,prior_weekly_forecast_errors,1103,2024,2
2024,3,margin,resid_h16_k12,2024,2,prior_weekly_forecast_errors,1103,2024,2
2024,3,total,market_relationships,2024,2,prior_weekly_forecast_errors,1103,2024,2
2024,3,total,resid_h4_k4,2024,2,prior_weekly_forecast_errors,1103,2024,2
2024,3,total,resid_h4_k12,2024,2,prior_weekly_forecast_errors,1103,2024,2
2024,3,total,resid_h16_k4,2024,2,prior_weekly_forecast_errors,1103,2024,2
2024,3,total,resid_h16_k12,2024,2,prior_weekly_forecast_errors,1103,2024,2
2024,4,margin,market_relationships,2024,3,prior_weekly_forecast_errors,1119,2024,3
2024,4,margin,resid_h4_k4,2024,3,prior_weekly_forecast_errors,1119,2024,3
2024,4,margin,resid_h4_k12,2024,3,prior_weekly_forecast_errors,1119,2024,3
2024,4,margin,resid_h16_k4,2024,3,prior_weekly_forecast_errors,1119,2024,3
2024,4,margin,resid_h16_k12,2024,3,prior_weekly_forecast_errors,1119,2024,3
2024,4,total,market_relationships,2024,3,prior_weekly_forecast_errors,1119,2024,3
2024,4,total,resid_h4_k4,2024,3,prior_weekly_forecast_errors,1119,2024,3
2024,4,total,resid_h4_k12,2024,3,prior_weekly_forecast_errors,1119,2024,3
2024,4,total,resid_h16_k4,2024,3,prior_weekly_forecast_errors,1119,2024,3
2024,4,total,resid_h16_k12,2024,3,prior_weekly_forecast_errors,1119,2024,3
2024,5,margin,market_relationships,2024,4,prior_weekly_forecast_errors,1135,2024,4
2024,5,margin,resid_h4_k4,2024,4,prior_weekly_forecast_errors,1135,2024,4
2024,5,margin,resid_h4_k12,2024,4,prior_weekly_forecast_errors,1135,2024,4
2024,5,margin,resid_h16_k4,2024,4,prior_weekly_forecast_errors,1135,2024,4
2024,5,margin,resid_h16_k12,2024,4,prior_weekly_forecast_errors,1135,2024,4
2024,5,total,market_relationships,2024,4,prior_weekly_forecast_errors,1135,2024,4
2024,5,total,resid_h4_k4,2024,4,prior_weekly_forecast_errors,1135,2024,4
2024,5,total,resid_h4_k12,2024,4,prior_weekly_forecast_errors,1135,2024,4
2024,5,total,resid_h16_k4,2024,4,prior_weekly_forecast_errors,1135,2024,4
2024,5,total,resid_h16_k12,2024,4,prior_weekly_forecast_errors,1135,2024,4
2024,6,margin,market_relationships,2024,5,prior_weekly_forecast_errors,1149,2024,5
2024,6,margin,resid_h4_k4,2024,5,prior_weekly_forecast_errors,1149,2024,5
2024,6,margin,resid_h4_k12,2024,5,prior_weekly_forecast_errors,1149,2024,5
2024,6,margin,resid_h16_k4,2024,5,prior_weekly_forecast_errors,1149,2024,5
2024,6,margin,resid_h16_k12,2024,5,prior_weekly_forecast_errors,1149,2024,5
2024,6,total,market_relationships,2024,5,prior_weekly_forecast_errors,1149,2024,5
2024,6,total,resid_h4_k4,2024,5,prior_weekly_forecast_errors,1149,2024,5
2024,6,total,resid_h4_k12,2024,5,prior_weekly_forecast_errors,1149,2024,5
2024,6,total,resid_h16_k4,2024,5,prior_weekly_forecast_errors,1149,2024,5
2024,6,total,resid_h16_k12,2024,5,prior_weekly_forecast_errors,1149,2024,5
2024,7,margin,market_relationships,2024,6,prior_weekly_forecast_errors,1163,2024,6
2024,7,margin,resid_h4_k4,2024,6,prior_weekly_forecast_errors,1163,2024,6
2024,7,margin,resid_h4_k12,2024,6,prior_weekly_forecast_errors,1163,2024,6
2024,7,margin,resid_h16_k4,2024,6,prior_weekly_forecast_errors,1163,2024,6
2024,7,margin,resid_h16_k12,2024,6,prior_weekly_forecast_errors,1163,2024,6
2024,7,total,market_relationships,2024,6,prior_weekly_forecast_errors,1163,2024,6
2024,7,total,resid_h4_k4,2024,6,prior_weekly_forecast_errors,1163,2024,6
2024,7,total,resid_h4_k12,2024,6,prior_weekly_forecast_errors,1163,2024,6
2024,7,total,resid_h16_k4,2024,6,prior_weekly_forecast_errors,1163,2024,6
2024,7,total,resid_h16_k12,2024,6,prior_weekly_forecast_errors,1163,2024,6
2024,8,margin,market_relationships,2024,7,prior_weekly_forecast_errors,1178,2024,7
2024,8,margin,resid_h4_k4,2024,7,prior_weekly_forecast_errors,1178,2024,7
2024,8,margin,resid_h4_k12,2024,7,prior_weekly_forecast_errors,1178,2024,7
2024,8,margin,resid_h16_k4,2024,7,prior_weekly_forecast_errors,1178,2024,7
2024,8,margin,resid_h16_k12,2024,7,prior_weekly_forecast_errors,1178,2024,7
2024,8,total,market_relationships,2024,7,prior_weekly_forecast_errors,1178,2024,7
2024,8,total,resid_h4_k4,2024,7,prior_weekly_forecast_errors,1178,2024,7
2024,8,total,resid_h4_k12,2024,7,prior_weekly_forecast_errors,1178,2024,7
2024,8,total,resid_h16_k4,2024,7,prior_weekly_forecast_errors,1178,2024,7
2024,8,total,resid_h16_k12,2024,7,prior_weekly_forecast_errors,1178,2024,7
2024,9,margin,market_relationships,2024,8,prior_weekly_forecast_errors,1194,2024,8
2024,9,margin,resid_h4_k4,2024,8,prior_weekly_forecast_errors,1194,2024,8
2024,9,margin,resid_h4_k12,2024,8,prior_weekly_forecast_errors,1194,2024,8
2024,9,margin,resid_h16_k4,2024,8,prior_weekly_forecast_errors,1194,2024,8
2024,9,margin,resid_h16_k12,2024,8,prior_weekly_forecast_errors,1194,2024,8
2024,9,total,market_relationships,2024,8,prior_weekly_forecast_errors,1194,2024,8
2024,9,total,resid_h4_k4,2024,8,prior_weekly_forecast_errors,1194,2024,8
2024,9,total,resid_h4_k12,2024,8,prior_weekly_forecast_errors,1194,2024,8
2024,9,total,resid_h16_k4,2024,8,prior_weekly_forecast_errors,1194,2024,8
2024,9,total,resid_h16_k12,2024,8,prior_weekly_forecast_errors,1194,2024,8
2024,10,margin,market_relationships,2024,9,prior_weekly_forecast_errors,1209,2024,9
2024,10,margin,resid_h4_k4,2024,9,prior_weekly_forecast_errors,1209,2024,9
2024,10,margin,resid_h4_k12,2024,9,prior_weekly_forecast_errors,1209,2024,9
2024,10,margin,resid_h16_k4,2024,9,prior_weekly_forecast_errors,1209,2024,9
2024,10,margin,resid_h16_k12,2024,9,prior_weekly_forecast_errors,1209,2024,9
2024,10,total,market_relationships,2024,9,prior_weekly_forecast_errors,1209,2024,9
2024,10,total,resid_h4_k4,2024,9,prior_weekly_forecast_errors,1209,2024,9
2024,10,total,resid_h4_k12,2024,9,prior_weekly_forecast_errors,1209,2024,9
2024,10,total,resid_h16_k4,2024,9,prior_weekly_forecast_errors,1209,2024,9
2024,10,total,resid_h16_k12,2024,9,prior_weekly_forecast_errors,1209,2024,9
2024,11,margin,market_relationships,2024,10,prior_weekly_forecast_errors,1223,2024,10
2024,11,margin,resid_h4_k4,2024,10,prior_weekly_forecast_errors,1223,2024,10
2024,11,margin,resid_h4_k12,2024,10,prior_weekly_forecast_errors,1223,2024,10
2024,11,margin,resid_h16_k4,2024,10,prior_weekly_forecast_errors,1223,2024,10
2024,11,margin,resid_h16_k12,2024,10,prior_weekly_forecast_errors,1223,2024,10
2024,11,total,market_relationships,2024,10,prior_weekly_forecast_errors,1223,2024,10
2024,11,total,resid_h4_k4,2024,10,prior_weekly_forecast_errors,1223,2024,10
2024,11,total,resid_h4_k12,2024,10,prior_weekly_forecast_errors,1223,2024,10
2024,11,total,resid_h16_k4,2024,10,prior_weekly_forecast_errors,1223,2024,10
2024,11,total,resid_h16_k12,2024,10,prior_weekly_forecast_errors,1223,2024,10
2024,12,margin,market_relationships,2024,11,prior_weekly_forecast_errors,1237,2024,11
2024,12,margin,resid_h4_k4,2024,11,prior_weekly_forecast_errors,1237,2024,11
2024,12,margin,resid_h4_k12,2024,11,prior_weekly_forecast_errors,1237,2024,11
2024,12,margin,resid_h16_k4,2024,11,prior_weekly_forecast_errors,1237,2024,11
2024,12,margin,resid_h16_k12,2024,11,prior_weekly_forecast_errors,1237,2024,11
2024,12,total,market_relationships,2024,11,prior_weekly_forecast_errors,1237,2024,11
2024,12,total,resid_h4_k4,2024,11,prior_weekly_forecast_errors,1237,2024,11
2024,12,total,resid_h4_k12,2024,11,prior_weekly_forecast_errors,1237,2024,11
2024,12,total,resid_h16_k4,2024,11,prior_weekly_forecast_errors,1237,2024,11
2024,12,total,resid_h16_k12,2024,11,prior_weekly_forecast_errors,1237,2024,11
2024,13,margin,market_relationships,2024,12,prior_weekly_forecast_errors,1250,2024,12
2024,13,margin,resid_h4_k4,2024,12,prior_weekly_forecast_errors,1250,2024,12
2024,13,margin,resid_h4_k12,2024,12,prior_weekly_forecast_errors,1250,2024,12
2024,13,margin,resid_h16_k4,2024,12,prior_weekly_forecast_errors,1250,2024,12
2024,13,margin,resid_h16_k12,2024,12,prior_weekly_forecast_errors,1250,2024,12
2024,13,total,market_relationships,2024,12,prior_weekly_forecast_errors,1250,2024,12
2024,13,total,resid_h4_k4,2024,12,prior_weekly_forecast_errors,1250,2024,12
2024,13,total,resid_h4_k12,2024,12,prior_weekly_forecast_errors,1250,2024,12
2024,13,total,resid_h16_k4,2024,12,prior_weekly_forecast_errors,1250,2024,12
2024,13,total,resid_h16_k12,2024,12,prior_weekly_forecast_errors,1250,2024,12
2024,14,margin,market_relationships,2024,13,prior_weekly_forecast_errors,1266,2024,13
2024,14,margin,resid_h4_k4,2024,13,prior_weekly_forecast_errors,1266,2024,13
2024,14,margin,resid_h4_k12,2024,13,prior_weekly_forecast_errors,1266,2024,13
2024,14,margin,resid_h16_k4,2024,13,prior_weekly_forecast_errors,1266,2024,13
2024,14,margin,resid_h16_k12,2024,13,prior_weekly_forecast_errors,1266,2024,13
2024,14,total,market_relationships,2024,13,prior_weekly_forecast_errors,1266,2024,13
2024,14,total,resid_h4_k4,2024,13,prior_weekly_forecast_errors,1266,2024,13
2024,14,total,resid_h4_k12,2024,13,prior_weekly_forecast_errors,1266,2024,13
2024,14,total,resid_h16_k4,2024,13,prior_weekly_forecast_errors,1266,2024,13
2024,14,total,resid_h16_k12,2024,13,prior_weekly_forecast_errors,1266,2024,13
2024,15,margin,market_relationships,2024,14,prior_weekly_forecast_errors,1279,2024,14
2024,15,margin,resid_h4_k4,2024,14,prior_weekly_forecast_errors,1279,2024,14
2024,15,margin,resid_h4_k12,2024,14,prior_weekly_forecast_errors,1279,2024,14
2024,15,margin,resid_h16_k4,2024,14,prior_weekly_forecast_errors,1279,2024,14
2024,15,margin,resid_h16_k12,2024,14,prior_weekly_forecast_errors,1279,2024,14
2024,15,total,market_relationships,2024,14,prior_weekly_forecast_errors,1279,2024,14
2024,15,total,resid_h4_k4,2024,14,prior_weekly_forecast_errors,1279,2024,14
2024,15,total,resid_h4_k12,2024,14,prior_weekly_forecast_errors,1279,2024,14
2024,15,total,resid_h16_k4,2024,14,prior_weekly_forecast_errors,1279,2024,14
2024,15,total,resid_h16_k12,2024,14,prior_weekly_forecast_errors,1279,2024,14
2024,16,margin,market_relationships,2024,15,prior_weekly_forecast_errors,1295,2024,15
2024,16,margin,resid_h4_k4,2024,15,prior_weekly_forecast_errors,1295,2024,15
2024,16,margin,resid_h4_k12,2024,15,prior_weekly_forecast_errors,1295,2024,15
2024,16,margin,resid_h16_k4,2024,15,prior_weekly_forecast_errors,1295,2024,15
2024,16,margin,resid_h16_k12,2024,15,prior_weekly_forecast_errors,1295,2024,15
2024,16,total,market_relationships,2024,15,prior_weekly_forecast_errors,1295,2024,15
2024,16,total,resid_h4_k4,2024,15,prior_weekly_forecast_errors,1295,2024,15
2024,16,total,resid_h4_k12,2024,15,prior_weekly_forecast_errors,1295,2024,15
2024,16,total,resid_h16_k4,2024,15,prior_weekly_forecast_errors,1295,2024,15
2024,16,total,resid_h16_k12,2024,15,prior_weekly_forecast_errors,1295,2024,15
2024,17,margin,market_relationships,2024,16,prior_weekly_forecast_errors,1311,2024,16
2024,17,margin,resid_h4_k4,2024,16,prior_weekly_forecast_errors,1311,2024,16
2024,17,margin,resid_h4_k12,2024,16,prior_weekly_forecast_errors,1311,2024,16
2024,17,margin,resid_h16_k4,2024,16,prior_weekly_forecast_errors,1311,2024,16
2024,17,margin,resid_h16_k12,2024,16,prior_weekly_forecast_errors,1311,2024,16
2024,17,total,market_relationships,2024,16,prior_weekly_forecast_errors,1311,2024,16
2024,17,total,resid_h4_k4,2024,16,prior_weekly_forecast_errors,1311,2024,16
2024,17,total,resid_h4_k12,2024,16,prior_weekly_forecast_errors,1311,2024,16
2024,17,total,resid_h16_k4,2024,16,prior_weekly_forecast_errors,1311,2024,16
2024,17,total,resid_h16_k12,2024,16,prior_weekly_forecast_errors,1311,2024,16
2024,18,margin,market_relationships,2024,17,prior_weekly_forecast_errors,1327,2024,17
2024,18,margin,resid_h4_k4,2024,17,prior_weekly_forecast_errors,1327,2024,17
2024,18,margin,resid_h4_k12,2024,17,prior_weekly_forecast_errors,1327,2024,17
2024,18,margin,resid_h16_k4,2024,17,prior_weekly_forecast_errors,1327,2024,17
2024,18,margin,resid_h16_k12,2024,17,prior_weekly_forecast_errors,1327,2024,17
2024,18,total,market_relationships,2024,17,prior_weekly_forecast_errors,1327,2024,17
2024,18,total,resid_h4_k4,2024,17,prior_weekly_forecast_errors,1327,2024,17
2024,18,total,resid_h4_k12,2024,17,prior_weekly_forecast_errors,1327,2024,17
2024,18,total,resid_h16_k4,2024,17,prior_weekly_forecast_errors,1327,2024,17
2024,18,total,resid_h16_k12,2024,17,prior_weekly_forecast_errors,1327,2024,17
2025,1,margin,market_relationships,2024,18,prior_weekly_forecast_errors,1343,2024,18
2025,1,margin,resid_h4_k4,2024,18,prior_weekly_forecast_errors,1343,2024,18
2025,1,margin,resid_h4_k12,2024,18,prior_weekly_forecast_errors,1343,2024,18
2025,1,margin,resid_h16_k4,2024,18,prior_weekly_forecast_errors,1343,2024,18
2025,1,margin,resid_h16_k12,2024,18,prior_weekly_forecast_errors,1343,2024,18
2025,1,total,market_relationships,2024,18,prior_weekly_forecast_errors,1343,2024,18
2025,1,total,resid_h4_k4,2024,18,prior_weekly_forecast_errors,1343,2024,18
2025,1,total,resid_h4_k12,2024,18,prior_weekly_forecast_errors,1343,2024,18
2025,1,total,resid_h16_k4,2024,18,prior_weekly_forecast_errors,1343,2024,18
2025,1,total,resid_h16_k12,2024,18,prior_weekly_forecast_errors,1343,2024,18
2025,2,margin,market_relationships,2025,1,prior_weekly_forecast_errors,1359,2025,1
2025,2,margin,resid_h4_k4,2025,1,prior_weekly_forecast_errors,1359,2025,1
2025,2,margin,resid_h4_k12,2025,1,prior_weekly_forecast_errors,1359,2025,1
2025,2,margin,resid_h16_k4,2025,1,prior_weekly_forecast_errors,1359,2025,1
2025,2,margin,resid_h16_k12,2025,1,prior_weekly_forecast_errors,1359,2025,1
2025,2,total,market_relationships,2025,1,prior_weekly_forecast_errors,1359,2025,1
2025,2,total,resid_h4_k4,2025,1,prior_weekly_forecast_errors,1359,2025,1
2025,2,total,resid_h4_k12,2025,1,prior_weekly_forecast_errors,1359,2025,1
2025,2,total,resid_h16_k4,2025,1,prior_weekly_forecast_errors,1359,2025,1
2025,2,total,resid_h16_k12,2025,1,prior_weekly_forecast_errors,1359,2025,1
2025,3,margin,market_relationships,2025,2,prior_weekly_forecast_errors,1375,2025,2
2025,3,margin,resid_h4_k4,2025,2,prior_weekly_forecast_errors,1375,2025,2
2025,3,margin,resid_h4_k12,2025,2,prior_weekly_forecast_errors,1375,2025,2
2025,3,margin,resid_h16_k4,2025,2,prior_weekly_forecast_errors,1375,2025,2
2025,3,margin,resid_h16_k12,2025,2,prior_weekly_forecast_errors,1375,2025,2
2025,3,total,market_relationships,2025,2,prior_weekly_forecast_errors,1375,2025,2
2025,3,total,resid_h4_k4,2025,2,prior_weekly_forecast_errors,1375,2025,2
2025,3,total,resid_h4_k12,2025,2,prior_weekly_forecast_errors,1375,2025,2
2025,3,total,resid_h16_k4,2025,2,prior_weekly_forecast_errors,1375,2025,2
2025,3,total,resid_h16_k12,2025,2,prior_weekly_forecast_errors,1375,2025,2
2025,4,margin,market_relationships,2025,3,prior_weekly_forecast_errors,1391,2025,3
2025,4,margin,resid_h4_k4,2025,3,prior_weekly_forecast_errors,1391,2025,3
2025,4,margin,resid_h4_k12,2025,3,prior_weekly_forecast_errors,1391,2025,3
2025,4,margin,resid_h16_k4,2025,3,prior_weekly_forecast_errors,1391,2025,3
2025,4,margin,resid_h16_k12,2025,3,prior_weekly_forecast_errors,1391,2025,3
2025,4,total,market_relationships,2025,3,prior_weekly_forecast_errors,1391,2025,3
2025,4,total,resid_h4_k4,2025,3,prior_weekly_forecast_errors,1391,2025,3
2025,4,total,resid_h4_k12,2025,3,prior_weekly_forecast_errors,1391,2025,3
2025,4,total,resid_h16_k4,2025,3,prior_weekly_forecast_errors,1391,2025,3
2025,4,total,resid_h16_k12,2025,3,prior_weekly_forecast_errors,1391,2025,3
2025,5,margin,market_relationships,2025,4,prior_weekly_forecast_errors,1407,2025,4
2025,5,margin,resid_h4_k4,2025,4,prior_weekly_forecast_errors,1407,2025,4
2025,5,margin,resid_h4_k12,2025,4,prior_weekly_forecast_errors,1407,2025,4
2025,5,margin,resid_h16_k4,2025,4,prior_weekly_forecast_errors,1407,2025,4
2025,5,margin,resid_h16_k12,2025,4,prior_weekly_forecast_errors,1407,2025,4
2025,5,total,market_relationships,2025,4,prior_weekly_forecast_errors,1407,2025,4
2025,5,total,resid_h4_k4,2025,4,prior_weekly_forecast_errors,1407,2025,4
2025,5,total,resid_h4_k12,2025,4,prior_weekly_forecast_errors,1407,2025,4
2025,5,total,resid_h16_k4,2025,4,prior_weekly_forecast_errors,1407,2025,4
2025,5,total,resid_h16_k12,2025,4,prior_weekly_forecast_errors,1407,2025,4
2025,6,margin,market_relationships,2025,5,prior_weekly_forecast_errors,1421,2025,5
2025,6,margin,resid_h4_k4,2025,5,prior_weekly_forecast_errors,1421,2025,5
2025,6,margin,resid_h4_k12,2025,5,prior_weekly_forecast_errors,1421,2025,5
2025,6,margin,resid_h16_k4,2025,5,prior_weekly_forecast_errors,1421,2025,5
2025,6,margin,resid_h16_k12,2025,5,prior_weekly_forecast_errors,1421,2025,5
2025,6,total,market_relationships,2025,5,prior_weekly_forecast_errors,1421,2025,5
2025,6,total,resid_h4_k4,2025,5,prior_weekly_forecast_errors,1421,2025,5
2025,6,total,resid_h4_k12,2025,5,prior_weekly_forecast_errors,1421,2025,5
2025,6,total,resid_h16_k4,2025,5,prior_weekly_forecast_errors,1421,2025,5
2025,6,total,resid_h16_k12,2025,5,prior_weekly_forecast_errors,1421,2025,5
2025,7,margin,market_relationships,2025,6,prior_weekly_forecast_errors,1436,2025,6
2025,7,margin,resid_h4_k4,2025,6,prior_weekly_forecast_errors,1436,2025,6
2025,7,margin,resid_h4_k12,2025,6,prior_weekly_forecast_errors,1436,2025,6
2025,7,margin,resid_h16_k4,2025,6,prior_weekly_forecast_errors,1436,2025,6
2025,7,margin,resid_h16_k12,2025,6,prior_weekly_forecast_errors,1436,2025,6
2025,7,total,market_relationships,2025,6,prior_weekly_forecast_errors,1436,2025,6
2025,7,total,resid_h4_k4,2025,6,prior_weekly_forecast_errors,1436,2025,6
2025,7,total,resid_h4_k12,2025,6,prior_weekly_forecast_errors,1436,2025,6
2025,7,total,resid_h16_k4,2025,6,prior_weekly_forecast_errors,1436,2025,6
2025,7,total,resid_h16_k12,2025,6,prior_weekly_forecast_errors,1436,2025,6
2025,8,margin,market_relationships,2025,7,prior_weekly_forecast_errors,1451,2025,7
2025,8,margin,resid_h4_k4,2025,7,prior_weekly_forecast_errors,1451,2025,7
2025,8,margin,resid_h4_k12,2025,7,prior_weekly_forecast_errors,1451,2025,7
2025,8,margin,resid_h16_k4,2025,7,prior_weekly_forecast_errors,1451,2025,7
2025,8,margin,resid_h16_k12,2025,7,prior_weekly_forecast_errors,1451,2025,7
2025,8,total,market_relationships,2025,7,prior_weekly_forecast_errors,1451,2025,7
2025,8,total,resid_h4_k4,2025,7,prior_weekly_forecast_errors,1451,2025,7
2025,8,total,resid_h4_k12,2025,7,prior_weekly_forecast_errors,1451,2025,7
2025,8,total,resid_h16_k4,2025,7,prior_weekly_forecast_errors,1451,2025,7
2025,8,total,resid_h16_k12,2025,7,prior_weekly_forecast_errors,1451,2025,7
2025,9,margin,market_relationships,2025,8,prior_weekly_forecast_errors,1464,2025,8
2025,9,margin,resid_h4_k4,2025,8,prior_weekly_forecast_errors,1464,2025,8
2025,9,margin,resid_h4_k12,2025,8,prior_weekly_forecast_errors,1464,2025,8
2025,9,margin,resid_h16_k4,2025,8,prior_weekly_forecast_errors,1464,2025,8
2025,9,margin,resid_h16_k12,2025,8,prior_weekly_forecast_errors,1464,2025,8
2025,9,total,market_relationships,2025,8,prior_weekly_forecast_errors,1464,2025,8
2025,9,total,resid_h4_k4,2025,8,prior_weekly_forecast_errors,1464,2025,8
2025,9,total,resid_h4_k12,2025,8,prior_weekly_forecast_errors,1464,2025,8
2025,9,total,resid_h16_k4,2025,8,prior_weekly_forecast_errors,1464,2025,8
2025,9,total,resid_h16_k12,2025,8,prior_weekly_forecast_errors,1464,2025,8
2025,10,margin,market_relationships,2025,9,prior_weekly_forecast_errors,1478,2025,9
2025,10,margin,resid_h4_k4,2025,9,prior_weekly_forecast_errors,1478,2025,9
2025,10,margin,resid_h4_k12,2025,9,prior_weekly_forecast_errors,1478,2025,9
2025,10,margin,resid_h16_k4,2025,9,prior_weekly_forecast_errors,1478,2025,9
2025,10,margin,resid_h16_k12,2025,9,prior_weekly_forecast_errors,1478,2025,9
2025,10,total,market_relationships,2025,9,prior_weekly_forecast_errors,1478,2025,9
2025,10,total,resid_h4_k4,2025,9,prior_weekly_forecast_errors,1478,2025,9
2025,10,total,resid_h4_k12,2025,9,prior_weekly_forecast_errors,1478,2025,9
2025,10,total,resid_h16_k4,2025,9,prior_weekly_forecast_errors,1478,2025,9
2025,10,total,resid_h16_k12,2025,9,prior_weekly_forecast_errors,1478,2025,9
2025,11,margin,market_relationships,2025,10,prior_weekly_forecast_errors,1492,2025,10
2025,11,margin,resid_h4_k4,2025,10,prior_weekly_forecast_errors,1492,2025,10
2025,11,margin,resid_h4_k12,2025,10,prior_weekly_forecast_errors,1492,2025,10
2025,11,margin,resid_h16_k4,2025,10,prior_weekly_forecast_errors,1492,2025,10
2025,11,margin,resid_h16_k12,2025,10,prior_weekly_forecast_errors,1492,2025,10
2025,11,total,market_relationships,2025,10,prior_weekly_forecast_errors,1492,2025,10
2025,11,total,resid_h4_k4,2025,10,prior_weekly_forecast_errors,1492,2025,10
2025,11,total,resid_h4_k12,2025,10,prior_weekly_forecast_errors,1492,2025,10
2025,11,total,resid_h16_k4,2025,10,prior_weekly_forecast_errors,1492,2025,10
2025,11,total,resid_h16_k12,2025,10,prior_weekly_forecast_errors,1492,2025,10
2025,12,margin,market_relationships,2025,11,prior_weekly_forecast_errors,1507,2025,11
2025,12,margin,resid_h4_k4,2025,11,prior_weekly_forecast_errors,1507,2025,11
2025,12,margin,resid_h4_k12,2025,11,prior_weekly_forecast_errors,1507,2025,11
2025,12,margin,resid_h16_k4,2025,11,prior_weekly_forecast_errors,1507,2025,11
2025,12,margin,resid_h16_k12,2025,11,prior_weekly_forecast_errors,1507,2025,11
2025,12,total,market_relationships,2025,11,prior_weekly_forecast_errors,1507,2025,11
2025,12,total,resid_h4_k4,2025,11,prior_weekly_forecast_errors,1507,2025,11
2025,12,total,resid_h4_k12,2025,11,prior_weekly_forecast_errors,1507,2025,11
2025,12,total,resid_h16_k4,2025,11,prior_weekly_forecast_errors,1507,2025,11
2025,12,total,resid_h16_k12,2025,11,prior_weekly_forecast_errors,1507,2025,11
2025,13,margin,market_relationships,2025,12,prior_weekly_forecast_errors,1521,2025,12
2025,13,margin,resid_h4_k4,2025,12,prior_weekly_forecast_errors,1521,2025,12
2025,13,margin,resid_h4_k12,2025,12,prior_weekly_forecast_errors,1521,2025,12
2025,13,margin,resid_h16_k4,2025,12,prior_weekly_forecast_errors,1521,2025,12
2025,13,margin,resid_h16_k12,2025,12,prior_weekly_forecast_errors,1521,2025,12
2025,13,total,market_relationships,2025,12,prior_weekly_forecast_errors,1521,2025,12
2025,13,total,resid_h4_k4,2025,12,prior_weekly_forecast_errors,1521,2025,12
2025,13,total,resid_h4_k12,2025,12,prior_weekly_forecast_errors,1521,2025,12
2025,13,total,resid_h16_k4,2025,12,prior_weekly_forecast_errors,1521,2025,12
2025,13,total,resid_h16_k12,2025,12,prior_weekly_forecast_errors,1521,2025,12
2025,14,margin,market_relationships,2025,13,prior_weekly_forecast_errors,1537,2025,13
2025,14,margin,resid_h4_k4,2025,13,prior_weekly_forecast_errors,1537,2025,13
2025,14,margin,resid_h4_k12,2025,13,prior_weekly_forecast_errors,1537,2025,13
2025,14,margin,resid_h16_k4,2025,13,prior_weekly_forecast_errors,1537,2025,13
2025,14,margin,resid_h16_k12,2025,13,prior_weekly_forecast_errors,1537,2025,13
2025,14,total,market_relationships,2025,13,prior_weekly_forecast_errors,1537,2025,13
2025,14,total,resid_h4_k4,2025,13,prior_weekly_forecast_errors,1537,2025,13
2025,14,total,resid_h4_k12,2025,13,prior_weekly_forecast_errors,1537,2025,13
2025,14,total,resid_h16_k4,2025,13,prior_weekly_forecast_errors,1537,2025,13
2025,14,total,resid_h16_k12,2025,13,prior_weekly_forecast_errors,1537,2025,13
2025,15,margin,market_relationships,2025,14,prior_weekly_forecast_errors,1551,2025,14
2025,15,margin,resid_h4_k4,2025,14,prior_weekly_forecast_errors,1551,2025,14
2025,15,margin,resid_h4_k12,2025,14,prior_weekly_forecast_errors,1551,2025,14
2025,15,margin,resid_h16_k4,2025,14,prior_weekly_forecast_errors,1551,2025,14
2025,15,margin,resid_h16_k12,2025,14,prior_weekly_forecast_errors,1551,2025,14
2025,15,total,market_relationships,2025,14,prior_weekly_forecast_errors,1551,2025,14
2025,15,total,resid_h4_k4,2025,14,prior_weekly_forecast_errors,1551,2025,14
2025,15,total,resid_h4_k12,2025,14,prior_weekly_forecast_errors,1551,2025,14
2025,15,total,resid_h16_k4,2025,14,prior_weekly_forecast_errors,1551,2025,14
2025,15,total,resid_h16_k12,2025,14,prior_weekly_forecast_errors,1551,2025,14
2025,16,margin,market_relationships,2025,15,prior_weekly_forecast_errors,1567,2025,15
2025,16,margin,resid_h4_k4,2025,15,prior_weekly_forecast_errors,1567,2025,15
2025,16,margin,resid_h4_k12,2025,15,prior_weekly_forecast_errors,1567,2025,15
2025,16,margin,resid_h16_k4,2025,15,prior_weekly_forecast_errors,1567,2025,15
2025,16,margin,resid_h16_k12,2025,15,prior_weekly_forecast_errors,1567,2025,15
2025,16,total,market_relationships,2025,15,prior_weekly_forecast_errors,1567,2025,15
2025,16,total,resid_h4_k4,2025,15,prior_weekly_forecast_errors,1567,2025,15
2025,16,total,resid_h4_k12,2025,15,prior_weekly_forecast_errors,1567,2025,15
2025,16,total,resid_h16_k4,2025,15,prior_weekly_forecast_errors,1567,2025,15
2025,16,total,resid_h16_k12,2025,15,prior_weekly_forecast_errors,1567,2025,15
2025,17,margin,market_relationships,2025,16,prior_weekly_forecast_errors,1583,2025,16
2025,17,margin,resid_h4_k4,2025,16,prior_weekly_forecast_errors,1583,2025,16
2025,17,margin,resid_h4_k12,2025,16,prior_weekly_forecast_errors,1583,2025,16
2025,17,margin,resid_h16_k4,2025,16,prior_weekly_forecast_errors,1583,2025,16
2025,17,margin,resid_h16_k12,2025,16,prior_weekly_forecast_errors,1583,2025,16
2025,17,total,market_relationships,2025,16,prior_weekly_forecast_errors,1583,2025,16
2025,17,total,resid_h4_k4,2025,16,prior_weekly_forecast_errors,1583,2025,16
2025,17,total,resid_h4_k12,2025,16,prior_weekly_forecast_errors,1583,2025,16
2025,17,total,resid_h16_k4,2025,16,prior_weekly_forecast_errors,1583,2025,16
2025,17,total,resid_h16_k12,2025,16,prior_weekly_forecast_errors,1583,2025,16
2025,18,margin,market_relationships,2025,17,prior_weekly_forecast_errors,1599,2025,17
2025,18,margin,resid_h4_k4,2025,17,prior_weekly_forecast_errors,1599,2025,17
2025,18,margin,resid_h4_k12,2025,17,prior_weekly_forecast_errors,1599,2025,17
2025,18,margin,resid_h16_k4,2025,17,prior_weekly_forecast_errors,1599,2025,17
2025,18,margin,resid_h16_k12,2025,17,prior_weekly_forecast_errors,1599,2025,17
2025,18,total,market_relationships,2025,17,prior_weekly_forecast_errors,1599,2025,17
2025,18,total,resid_h4_k4,2025,17,prior_weekly_forecast_errors,1599,2025,17
2025,18,total,resid_h4_k12,2025,17,prior_weekly_forecast_errors,1599,2025,17
2025,18,total,resid_h16_k4,2025,17,prior_weekly_forecast_errors,1599,2025,17
2025,18,total,resid_h16_k12,2025,17,prior_weekly_forecast_errors,1599,2025,17
2026,1,margin,market_relationships,2025,18,prior_weekly_forecast_errors,1615,2025,18
2026,1,margin,resid_h4_k4,2025,18,prior_weekly_forecast_errors,1615,2025,18
2026,1,margin,resid_h4_k12,2025,18,prior_weekly_forecast_errors,1615,2025,18
2026,1,margin,resid_h16_k4,2025,18,prior_weekly_forecast_errors,1615,2025,18
2026,1,margin,resid_h16_k12,2025,18,prior_weekly_forecast_errors,1615,2025,18
2026,1,total,market_relationships,2025,18,prior_weekly_forecast_errors,1615,2025,18
2026,1,total,resid_h4_k4,2025,18,prior_weekly_forecast_errors,1615,2025,18
2026,1,total,resid_h4_k12,2025,18,prior_weekly_forecast_errors,1615,2025,18
2026,1,total,resid_h16_k4,2025,18,prior_weekly_forecast_errors,1615,2025,18
2026,1,total,resid_h16_k12,2025,18,prior_weekly_forecast_errors,1615,2025,18
2026,2,margin,market_relationships,2026,1,prior_weekly_forecast_errors,1631,2026,1
2026,2,margin,resid_h4_k4,2026,1,prior_weekly_forecast_errors,1631,2026,1
2026,2,margin,resid_h4_k12,2026,1,prior_weekly_forecast_errors,1631,2026,1
2026,2,margin,resid_h16_k4,2026,1,prior_weekly_forecast_errors,1631,2026,1
2026,2,margin,resid_h16_k12,2026,1,prior_weekly_forecast_errors,1631,2026,1
2026,2,total,market_relationships,2026,1,prior_weekly_forecast_errors,1631,2026,1
2026,2,total,resid_h4_k4,2026,1,prior_weekly_forecast_errors,1631,2026,1
2026,2,total,resid_h4_k12,2026,1,prior_weekly_forecast_errors,1631,2026,1
2026,2,total,resid_h16_k4,2026,1,prior_weekly_forecast_errors,1631,2026,1
2026,2,total,resid_h16_k12,2026,1,prior_weekly_forecast_errors,1631,2026,1
2026,3,margin,market_relationships,2026,2,prior_weekly_forecast_errors,1647,2026,2
2026,3,margin,resid_h4_k4,2026,2,prior_weekly_forecast_errors,1647,2026,2
2026,3,margin,resid_h4_k12,2026,2,prior_weekly_forecast_errors,1647,2026,2
2026,3,margin,resid_h16_k4,2026,2,prior_weekly_forecast_errors,1647,2026,2
2026,3,margin,resid_h16_k12,2026,2,prior_weekly_forecast_errors,1647,2026,2
2026,3,total,market_relationships,2026,2,prior_weekly_forecast_errors,1647,2026,2
2026,3,total,resid_h4_k4,2026,2,prior_weekly_forecast_errors,1647,2026,2
2026,3,total,resid_h4_k12,2026,2,prior_weekly_forecast_errors,1647,2026,2
2026,3,total,resid_h16_k4,2026,2,prior_weekly_forecast_errors,1647,2026,2
2026,3,total,resid_h16_k12,2026,2,prior_weekly_forecast_errors,1647,2026,2
2026,4,margin,market_relationships,2026,3,prior_weekly_forecast_errors,1663,2026,3
2026,4,margin,resid_h4_k4,2026,3,prior_weekly_forecast_errors,1663,2026,3
2026,4,margin,resid_h4_k12,2026,3,prior_weekly_forecast_errors,1663,2026,3
2026,4,margin,resid_h16_k4,2026,3,prior_weekly_forecast_errors,1663,2026,3
2026,4,margin,resid_h16_k12,2026,3,prior_weekly_forecast_errors,1663,2026,3
2026,4,total,market_relationships,2026,3,prior_weekly_forecast_errors,1663,2026,3
2026,4,total,resid_h4_k4,2026,3,prior_weekly_forecast_errors,1663,2026,3
2026,4,total,resid_h4_k12,2026,3,prior_weekly_forecast_errors,1663,2026,3
2026,4,total,resid_h16_k4,2026,3,prior_weekly_forecast_errors,1663,2026,3
2026,4,total,resid_h16_k12,2026,3,prior_weekly_forecast_errors,1663,2026,3
2026,5,margin,market_relationships,2026,4,prior_weekly_forecast_errors,1679,2026,4
2026,5,margin,resid_h4_k4,2026,4,prior_weekly_forecast_errors,1679,2026,4
2026,5,margin,resid_h4_k12,2026,4,prior_weekly_forecast_errors,1679,2026,4
2026,5,margin,resid_h16_k4,2026,4,prior_weekly_forecast_errors,1679,2026,4
2026,5,margin,resid_h16_k12,2026,4,prior_weekly_forecast_errors,1679,2026,4
2026,5,total,market_relationships,2026,4,prior_weekly_forecast_errors,1679,2026,4
2026,5,total,resid_h4_k4,2026,4,prior_weekly_forecast_errors,1679,2026,4
2026,5,total,resid_h4_k12,2026,4,prior_weekly_forecast_errors,1679,2026,4
2026,5,total,resid_h16_k4,2026,4,prior_weekly_forecast_errors,1679,2026,4
2026,5,total,resid_h16_k12,2026,4,prior_weekly_forecast_errors,1679,2026,4
