source,log loss,brier,LL gain vs market,game-bootstrap CI low,game-bootstrap CI high,games scored,games with pick,correct picks,picked winner %,season
box-score composite,0.6577186233631374,0.23249271385130957,-0.0346512315198738,-0.056421835860493715,-0.012418704349460982,272,272,173,63.60294117647059,2023
raw spread-derived market,0.6230673918432635,0.2169532114586324,0.0,0.0,0.0,272,272,185,68.01470588235294,2023
home-field baseline,0.6877056627429949,0.24728217183458778,-0.06463827089973143,-0.1024210778217969,-0.024406217968591916,272,267,149,55.80524344569289,2023
box-score composite,0.6067071948610041,0.20798271467741497,-0.016570496499784808,-0.04053690169526104,0.007016251471711897,272,272,193,70.95588235294117,2024
raw spread-derived market,0.5901366983612194,0.20144081201573263,0.0,0.0,0.0,272,272,194,71.32352941176471,2024
home-field baseline,0.6936252392405344,0.25023462813586567,-0.1034885408793151,-0.13901930838631088,-0.06855387297264576,272,267,140,52.43445692883895,2024
box-score composite,0.6364076383279216,0.22363305124941493,-0.02728364278559089,-0.0506243431750801,-0.0053058837533572914,271,271,176,64.94464944649447,2025
raw spread-derived market,0.6091239955423307,0.21197076912122007,0.0,0.0,0.0,271,271,177,65.31365313653137,2025
home-field baseline,0.6912039489430644,0.2490269577198466,-0.08207995340073362,-0.11925798290765638,-0.044283328562741496,271,264,142,53.78787878787878,2025
