family,half_life,ridge,key,log loss,LL worse than minimum,paired season SE,within simplicity tolerance,games,validation seasons,selected
rates_core_avail_cs_peaks_nosacks,8.0,0.1,rates_core_avail_cs_peaks_nosacks_h8_r0.1,0.6367641228177339,0.0,0.0,True,1355,5,True
rates_core_adj_avail_cs_peaks_nosacks,8.0,0.1,rates_core_adj_avail_cs_peaks_nosacks_h8_r0.1,0.6367807145523608,1.659173462706516e-05,0.0007534597546695942,True,1355,5,False
rates_core_avail_cs_peaks_nosacks,16.0,0.1,rates_core_avail_cs_peaks_nosacks_h16_r0.1,0.6372516736353105,0.00048755081757672616,0.0022517410394107154,True,1355,5,False
rates_core_adj_avail_cs_peaks_nosacks,16.0,0.1,rates_core_adj_avail_cs_peaks_nosacks_h16_r0.1,0.63737328860633,0.0006091657885961198,0.0024675407636605487,True,1355,5,False
rates_core_adj_avail_cs_peaks_nosacks,4.0,0.1,rates_core_adj_avail_cs_peaks_nosacks_h4_r0.1,0.6390601259360371,0.0022960031183032236,0.002227105957332619,False,1355,5,False
rates_core_avail_cs_peaks_nosacks,4.0,0.1,rates_core_avail_cs_peaks_nosacks_h4_r0.1,0.6391337222063682,0.0023695993886344345,0.0023201605951001336,False,1355,5,False
rates_core_avail_cs_peaks_nosacks,8.0,0.01,rates_core_avail_cs_peaks_nosacks_h8_r0.01,0.641614322033741,0.004850199216007165,0.004325143270139031,False,1355,5,False
rates_core_avail_cs_peaks_nosacks,16.0,0.01,rates_core_avail_cs_peaks_nosacks_h16_r0.01,0.6416852177317899,0.00492109491405609,0.003657858059062504,False,1355,5,False
rates_core_adj_avail_cs_peaks_nosacks,8.0,0.01,rates_core_adj_avail_cs_peaks_nosacks_h8_r0.01,0.6419899777847411,0.005225854967007284,0.0048383691724436535,False,1355,5,False
rates_core_adj_avail_cs_peaks_nosacks,16.0,0.01,rates_core_adj_avail_cs_peaks_nosacks_h16_r0.01,0.6422676402626448,0.0055035174449110155,0.004070226110825821,False,1355,5,False
rates_core_avail_cs_peaks_nosacks,4.0,0.01,rates_core_avail_cs_peaks_nosacks_h4_r0.01,0.6441900931022544,0.0074259702845205335,0.006054190651551612,False,1355,5,False
rates_core_adj_avail_cs_peaks_nosacks,4.0,0.01,rates_core_adj_avail_cs_peaks_nosacks_h4_r0.01,0.6443566528988478,0.00759253008111399,0.006586678666432352,False,1355,5,False
rates_core_adj_avail_cs_peaks_nosacks,8.0,1.0,rates_core_adj_avail_cs_peaks_nosacks_h8_r1,0.6504040818596071,0.013639959041873264,0.0059854804273170095,False,1355,5,False
rates_core_avail_cs_peaks_nosacks,8.0,1.0,rates_core_avail_cs_peaks_nosacks_h8_r1,0.6504815341780288,0.013717411360294921,0.0060306105450466645,False,1355,5,False
rates_core_adj_avail_cs_peaks_nosacks,16.0,1.0,rates_core_adj_avail_cs_peaks_nosacks_h16_r1,0.6509167763298043,0.014152653512070349,0.00644478540517618,False,1355,5,False
rates_core_avail_cs_peaks_nosacks,16.0,1.0,rates_core_avail_cs_peaks_nosacks_h16_r1,0.6509906277915268,0.014226504973792993,0.0064543213054662095,False,1355,5,False
rates_core_adj_avail_cs_peaks_nosacks,4.0,1.0,rates_core_adj_avail_cs_peaks_nosacks_h4_r1,0.6524910643312518,0.015726941513518007,0.005576565253346023,False,1355,5,False
rates_core_avail_cs_peaks_nosacks,4.0,1.0,rates_core_avail_cs_peaks_nosacks_h4_r1,0.6525468297541854,0.015782706936451608,0.005683544392039063,False,1355,5,False
rates_core_avail_cs_peaks_nosacks,16.0,10.0,rates_core_avail_cs_peaks_nosacks_h16_r10,0.6832143485887248,0.04645022577099096,0.00878340938038252,False,1355,5,False
rates_core_adj_avail_cs_peaks_nosacks,16.0,10.0,rates_core_adj_avail_cs_peaks_nosacks_h16_r10,0.6832348262368837,0.046470703419149745,0.008772730822164286,False,1355,5,False
rates_core_avail_cs_peaks_nosacks,8.0,10.0,rates_core_avail_cs_peaks_nosacks_h8_r10,0.6832394152947698,0.04647529247703601,0.00871767244068796,False,1355,5,False
rates_core_adj_avail_cs_peaks_nosacks,8.0,10.0,rates_core_adj_avail_cs_peaks_nosacks_h8_r10,0.6832626233820855,0.046498500564351695,0.008707052706120318,False,1355,5,False
rates_core_avail_cs_peaks_nosacks,4.0,10.0,rates_core_avail_cs_peaks_nosacks_h4_r10,0.6839631069216137,0.04719898410387978,0.0086174172877809,False,1355,5,False
rates_core_adj_avail_cs_peaks_nosacks,4.0,10.0,rates_core_adj_avail_cs_peaks_nosacks_h4_r10,0.6839932393186606,0.047229116500926774,0.008608584008589087,False,1355,5,False
