team,gsis_id,player,position,unit,snap_share,prev_week,prev_status,prev_injury,this_week,counted,report_state
ARI,00-0034381,Josh Sweat,LB,LB,0.12538226299694188,4,Questionable,Not injury related - resting player,not on a week-5 report yet,0.0,none
ATL,00-0036990,Divine Deablo,LB,LB,0.3616398243045388,4,Questionable,Hamstring,not on a week-5 report yet,0.0,none
ATL,00-0038580,Yasir Abdullah,LB,LB,0.12298682284040996,4,Questionable,Illness,not on a week-5 report yet,0.0,none
ATL,00-0033945,Samson Ebukam,DE,DL,0.10079840319361277,4,Questionable,Hamstring,not on a week-5 report yet,0.0,none
BAL,00-0032965,Ronnie Stanley,T,OL,0.13739266198282593,4,Questionable,Toe,not on a week-5 report yet,0.0,none
BAL,00-0038629,Jovaughn Gwyn,C,OL,0.13427010148321625,4,Out,Ankle,not on a week-5 report yet,0.0,none
BAL,00-0033935,Trey Hendrickson,LB,LB,0.12525879917184266,4,Out,Finger,not on a week-5 report yet,0.0,none
BAL,00-0032398,Chris Moore,WR,WRTE,0.08955223880597014,4,Questionable,Ankle,not on a week-5 report yet,0.0,none
BAL,00-0039064,Zay Flowers,WR,WRTE,0.08756218905472637,4,Questionable,Hamstring,not on a week-5 report yet,0.0,none
BUF,00-0037288,Christian Benford,CB,DB,0.1410998552821997,4,Questionable,Toe,not on a week-5 report yet,0.0,none
BUF,00-0039875,Ray Davis,RB,RB,0.09448818897637795,4,Questionable,Hamstring,not on a week-5 report yet,0.0,none
CHI,00-0039918,Caleb Williams,QB,QB,0.44126984126984126,4,Out,Hamstring,not on a week-5 report yet,0.0,none
CHI,00-0035357,Cam Lewis,S,DB,0.15205913410770855,4,Doubtful,Hip,not on a week-5 report yet,0.0,none
CHI,00-0037081,Braxton Jones,T,OL,0.0916030534351145,4,Out,Knee,not on a week-5 report yet,0.0,none
CIN,00-0035702,Dalton Risner,G,OL,0.19953416149068323,4,Questionable,Knee,not on a week-5 report yet,0.0,none
CIN,00-0037193,Bryan Cook,S,DB,0.12411626080125687,4,Questionable,Ankle,not on a week-5 report yet,0.0,none
CLE,00-0035526,Elgton Jenkins,C,OL,0.14720394736842105,4,Out,Concussion,not on a week-5 report yet,0.0,none
DAL,00-0037839,Cobie Durant,CB,DB,0.07243963363863447,4,Out,Hamstring,not on a week-5 report yet,0.0,none
DAL,00-0038556,DeMarvion Overshown,LB,LB,0.05029585798816568,4,Out,Hamstring,not on a week-5 report yet,0.0,none
DEN,00-0037799,Dondrea Tillman,LB,LB,0.07277882797731569,4,Out,Hamstring,not on a week-5 report yet,0.0,none
DET,00-0034384,D.J. Reed,CB,DB,0.2187039764359352,4,Questionable,Rib,not on a week-5 report yet,0.0,none
DET,00-0036272,Ben Bartch,G,OL,0.0925141242937853,4,Out,Foot,not on a week-5 report yet,0.0,none
GB,00-0039850,Edgerrin Cooper,LB,LB,0.4127272727272727,4,Questionable,Shoulder,not on a week-5 report yet,0.0,none
GB,00-0039817,Jacob Monk,C,OL,0.14657210401891252,4,Out,Quadricep,not on a week-5 report yet,0.0,none
GB,00-0040884,Jager Burton,C,OL,0.07013396375098503,4,Questionable,Groin,not on a week-5 report yet,0.0,none
HOU,00-0037457,Jake Hansen,LB,LB,0.3996101364522417,4,Questionable,Calf,not on a week-5 report yet,0.0,none
HOU,00-0035166,Azeez Al-Shaair,LB,LB,0.33528265107212474,4,Out,Groin,not on a week-5 report yet,0.0,none
HOU,00-0038131,Ed Ingram,G,OL,0.09809663250366032,4,Questionable,Groin,not on a week-5 report yet,0.0,none
HOU,00-0038127,Logan Hall,DE,DL,0.0923217550274223,4,Questionable,Knee,not on a week-5 report yet,0.0,none
IND,00-0030279,Keenan Allen,WR,WRTE,0.11909448818897637,4,Questionable,Not injury related - resting player,not on a week-5 report yet,0.0,none
JAX,00-0037313,Montaric Brown,CB,DB,0.11174785100286533,4,Questionable,Hamstring,not on a week-5 report yet,0.0,none
LA,00-0040580,Josaiah Stewart,LB,LB,0.18265895953757225,4,Questionable,Groin,not on a week-5 report yet,0.0,none
LA,00-0031388,Aaron Donald,DT,DL,0.1098546042003231,4,Out,Back,not on a week-5 report yet,0.0,none
LA,00-0037195,Jaylen Watson,CB,DB,0.1096319498825372,4,Out,Shoulder,not on a week-5 report yet,0.0,none
LA,00-0036244,Colby Parkinson,TE,WRTE,0.10921501706484642,4,Questionable,Knee,not on a week-5 report yet,0.0,none
LA,00-0040737,Terrance Ferguson,TE,WRTE,0.07593856655290103,4,Out,Ankle,not on a week-5 report yet,0.0,none
LAC,00-0039915,Ladd McConkey,WR,WRTE,0.15392895586652314,4,Questionable,Foot,not on a week-5 report yet,0.0,none
LAC,00-0034790,Derwin James,S,DB,0.15019455252918287,4,Questionable,Hamstring,not on a week-5 report yet,0.0,none
LAC,00-0033546,Dalvin Tomlinson,DT,DL,0.11206896551724138,4,Out,Hamstring,not on a week-5 report yet,0.0,none
LAC,00-0034356,Donte Jackson,CB,DB,0.08793774319066149,4,Questionable,Concussion,not on a week-5 report yet,0.0,none
LAC,00-0038046,Charlie Kolar,TE,WRTE,0.077502691065662,4,Out,Forearm,not on a week-5 report yet,0.0,none
LAC,00-0036992,Elijah Molden,S,DB,0.06536964980544747,4,Questionable,Hamstring,not on a week-5 report yet,0.0,none
LAC,00-0036736,Kayode Awosika,G,OL,0.06400602409638555,4,Out,Fibula,not on a week-5 report yet,0.0,none
LAC,00-0037012,Trey Lance,QB,QB,0.0,4,Questionable,Groin,not on a week-5 report yet,0.0,none
LV,00-0039735,Jackson Powers-Johnson,G,OL,0.13639526791927628,4,Out,Groin,not on a week-5 report yet,0.0,none
LV,00-0038579,Aidan O'Connell,QB,QB,0.0,4,Questionable,Not injury related - personal matter,not on a week-5 report yet,0.0,none
MIA,00-0041523,Caleb Douglas,WR,WRTE,0.12244897959183673,4,Out,Ankle,not on a week-5 report yet,0.0,none
MIN,00-0036322,Justin Jefferson,WR,WRTE,0.1261930010604454,4,Out,Ankle,not on a week-5 report yet,0.0,none
NE,00-0036813,Christian Elliss,LB,LB,0.24736842105263157,4,Questionable,Chest,not on a week-5 report yet,0.0,none
NE,00-0031330,Morgan Moses,T,OL,0.17812269031781228,4,Questionable,Foot,not on a week-5 report yet,0.0,none
NE,00-0036187,Reggie Gilliam,FB,RB,0.17575757575757575,4,Questionable,Knee,not on a week-5 report yet,0.0,none
NE,00-0036981,Christian Barmore,DT,DL,0.1709090909090909,4,Out,Shoulder,not on a week-5 report yet,0.0,none
NE,00-0039147,Christian Gonzalez,CB,DB,0.14943527367506515,4,Out,Shoulder,not on a week-5 report yet,0.0,none
NE,00-0040716,Craig Woodson,S,DB,0.13466550825369245,4,Questionable,Shoulder,not on a week-5 report yet,0.0,none
NE,00-0035678,Dre'Mont Jones,LB,LB,0.10947368421052632,4,Questionable,Shoulder,not on a week-5 report yet,0.0,none
NE,00-0041395,Eli Raridon,TE,WRTE,0.09617373319544985,4,Questionable,Thigh,not on a week-5 report yet,0.0,none
NO,00-0035316,Kaden Elliss,LB,LB,0.41082164328657317,4,Out,Calf,not on a week-5 report yet,0.0,none
NO,00-0036927,Pete Werner,LB,LB,0.31462925851703405,4,Questionable,Shoulder,not on a week-5 report yet,0.0,none
NO,00-0035402,Carl Granderson,LB,DL,0.11492281303602059,4,Out,Ankle,not on a week-5 report yet,0.0,none
NO,00-0035644,Noah Fant,TE,WRTE,0.09045643153526971,4,Questionable,Abdomen,not on a week-5 report yet,0.0,none
NYJ,00-0038120,Breece Hall,RB,RB,0.476,4,Out,Quadricep,not on a week-5 report yet,0.0,none
NYJ,00-0037255,Dylan Parham,G,OL,0.14954051796157058,4,Out,Knee,not on a week-5 report yet,0.0,none
NYJ,00-0041032,Kenyon Sadiq,TE,WRTE,0.12195121951219512,4,Questionable,Back,not on a week-5 report yet,0.0,none
NYJ,00-0039890,Adonai Mitchell,WR,WRTE,0.11346765641569459,4,Out,Finger,not on a week-5 report yet,0.0,none
NYJ,00-0037083,Kingsley Enagbare,DE,DL,0.09511568123393316,4,Questionable,Knee,not on a week-5 report yet,0.0,none
NYJ,00-0040736,Mason Taylor,TE,WRTE,0.08271474019088017,4,Out,Thumb,not on a week-5 report yet,0.0,none
PHI,00-0036912,DeVonta Smith,WR,WRTE,0.1762252346193952,4,Out,Hamstring,not on a week-5 report yet,0.0,none
PHI,00-0036418,Zack Baun,LB,LB,0.17150635208711434,4,Out,Concussion,not on a week-5 report yet,0.0,none
PHI,00-0034993,Marcus Epps,S,DB,0.09370078740157481,4,Out,Groin,not on a week-5 report yet,0.0,none
PHI,00-0034351,Dallas Goedert,TE,WRTE,0.0740354535974974,4,Out,Knee,not on a week-5 report yet,0.0,none
PIT,00-0033055,Jalen Ramsey,CB,DB,0.21000893655049152,4,Questionable,Wrist,not on a week-5 report yet,0.0,none
PIT,00-0036139,Rico Dowdle,RB,RB,0.1993006993006993,4,Out,Toe,not on a week-5 report yet,0.0,none
PIT,00-0040188,Yahya Black,DT,DL,0.16338582677165353,4,Questionable,Not injury related - personal matter,not on a week-5 report yet,0.0,none
SEA,00-0041512,Jadarian Price,RB,RB,0.2087227414330218,4,Out,Chest,not on a week-5 report yet,0.0,none
SF,00-0034982,Dre Greenlaw,LB,LB,0.32676518883415434,4,Questionable,Quadricep,not on a week-5 report yet,0.0,none
SF,00-0041078,Jaden Dugger,LB,LB,0.16420361247947454,4,Questionable,Shoulder,not on a week-5 report yet,0.0,none
SF,00-0031408,Mike Evans,WR,WRTE,0.16009557945041816,4,Questionable,Ribs,not on a week-5 report yet,0.0,none
SF,00-0039148,Keion White,DE,DL,0.15517241379310345,4,Questionable,Hamstring,not on a week-5 report yet,0.0,none
SF,00-0035717,Nick Bosa,DE,DL,0.06896551724137931,4,Out,Knee,not on a week-5 report yet,0.0,none
TB,00-0034855,Baker Mayfield,QB,QB,0.7362204724409449,4,Out,Thumb,not on a week-5 report yet,0.0,none
TB,00-0040143,Jacob Parrish,CB,DB,0.12568306010928962,4,Questionable,Not injury related - personal matter,not on a week-5 report yet,0.0,none
TB,00-0031957,Rakeem Nunez-Roches,DT,DL,0.09572649572649573,4,Questionable,Ankle,not on a week-5 report yet,0.0,none
TB,00-0040747,Benjamin Morrison,CB,DB,0.09289617486338798,4,Out,Quadricep,not on a week-5 report yet,0.0,none
TB,00-0041031,Rueben Bain Jr.,LB,LB,0.07851239669421488,4,Out,Groin,not on a week-5 report yet,0.0,none
TEN,00-0039032,Tyjae Spears,RB,RB,0.41304347826086957,4,Questionable,Ankle,not on a week-5 report yet,0.0,none
TEN,00-0040141,Kevin Winston Jr.,S,DB,0.21355397951142632,4,Questionable,Shoulder,not on a week-5 report yet,0.0,none
WAS,00-0039910,Jayden Daniels,QB,QB,0.3978102189781022,4,Out,Elbow,not on a week-5 report yet,0.0,none
WAS,00-0037256,Rachaad White,RB,RB,0.35294117647058826,4,Out,Shoulder,not on a week-5 report yet,0.0,none
WAS,00-0035659,Terry McLaurin,WR,WRTE,0.14913083257090576,4,Questionable,Hamstring,not on a week-5 report yet,0.0,none
WAS,00-0036618,Sam Cosmi,G,OL,0.10036363636363636,4,Out,Concussion,not on a week-5 report yet,0.0,none
WAS,00-0037616,Nick Cross,S,DB,0.10018382352941177,4,Out,Illness,not on a week-5 report yet,0.0,none
