group,group_index,source,bets,wins,losses,pushes,units,roi,roi_se,win_pct,mean_q,excess_pp,null_roi
≤ −250,0,model,306,234,72,0,-14.294191833611322,-0.04671304520788014,0.03069105810824698,0.7647058823529411,0.7687143841480235,-0.40085017950823865,-0.04061833846439645
≤ −250,0,market favorite,306,234,72,0,-14.294191833611322,-0.04671304520788014,0.03069105810824698,0.7647058823529411,0.7687143841480235,-0.40085017950823865,-0.04061833846439645
−249 to −175,1,model,190,128,62,0,1.3528684830417328,0.007120360437061751,0.051080256758198606,0.6736842105263158,0.6421210043906191,3.156320613569663,-0.041246284382085274
−249 to −175,1,market favorite,190,128,62,0,1.3528684830417328,0.007120360437061751,0.051080256758198606,0.6736842105263158,0.6421210043906191,3.156320613569663,-0.041246284382085274
−174 to −130,2,model,210,136,74,0,15.61036173243798,0.07433505586875229,0.054886739248538444,0.6476190476190476,0.5774188802878731,7.020016733117451,-0.04048104231667372
−174 to −130,2,market favorite,210,136,74,0,15.61036173243798,0.07433505586875229,0.054886739248538444,0.6476190476190476,0.5774188802878731,7.020016733117451,-0.04048104231667372
−129 to −100,3,model,74,48,26,0,14.656921399419389,0.1980665053975593,0.10329983433852764,0.6486486486486487,0.5179054909964109,13.074315765223776,-0.04346032906524585
−129 to −100,3,market favorite,74,45,29,0,8.56763766332608,0.11577888734224433,0.10487077865362626,0.6081081081081081,0.520424666250773,8.768344185733511,-0.04346032906524585
+100 to +129,4,model,23,16,7,0,10.98,0.4773913043478261,0.2088631162757956,0.6956521739130435,0.45173502206151794,24.391715185152552,-0.04090437988689044
+100 to +129,4,market favorite,23,7,16,0,-10.766822618935295,-0.46812272256240417,0.17152850818397547,0.30434782608695654,0.5482649779384821,-24.391715185152552,-0.04090437988689039
+130 to +174,5,model,6,2,4,0,-1.0,-0.16666666666666666,0.5282844351714752,0.3333333333333333,0.3962144234919729,-6.288109015863958,-0.04054071608353382
+130 to +174,5,market favorite,6,4,2,0,0.42041043504963715,0.07006840584160619,0.33859289346593097,0.6666666666666666,0.603785576508027,6.288109015863963,-0.04054071608353382
+175 to +249,6,model,0,0,0,0,0.0,,,,,,
+175 to +249,6,market favorite,0,0,0,0,0.0,,,,,,
≥ +250,7,model,2,1,1,0,1.75,0.875,1.875,0.5,0.2559309849029475,24.406901509705246,-0.04025880661394676
≥ +250,7,market favorite,2,1,1,0,-0.7101449275362319,-0.35507246376811596,0.644927536231884,0.5,0.7440690150970525,-24.406901509705246,-0.04025880661394679
All games,8,model,811,565,246,0,29.055959781287775,0.035827324021316616,0.025273144635216713,0.6966707768187423,0.6536271487002137,4.304362811852869,-0.0409958711308986
All games,8,market favorite,811,555,256,0,0.18011893377257948,0.000222094862851516,0.02469306648248256,0.6843403205918619,0.6593340672359442,2.5006253355917663,-0.0409958711308986
