variant,games,bets,units,roi,roi_se,fav_roi,null,ll,brier,cal_a,cal_b,mae,rmse,ats_n,ats,dis_n,dis_units,dis_roi,dis_fav_units
A,815,811,16.30439266677004,0.020104060008347767,0.026567797898135178,0.0002220948628515182,-0.0409958711308986,0.6316295949746259,0.22019044762307732,0.019302939885427882,1.0439310915376732,10.051056922699384,13.074841135832642,796,0.5025125628140703,116,4.0908590102707745,0.035266025950610125,-12.033414722726693
B1,815,811,-14.275995596253328,-0.017602953879473894,0.02756678487433822,0.0002220948628515182,-0.0409958711308986,0.6441544132231043,0.22579530849288468,-0.008339330495576416,0.9145815408073256,10.391298839263802,13.29371556413286,796,0.478643216080402,151,-14.465851229380641,-0.09580033926742147,-0.009736699354737421
B2,815,811,-24.57006319022647,-0.030296008865877275,0.02743699997174728,0.0002220948628515182,-0.0409958711308986,0.6419589345551514,0.22498012597969325,-0.012988157634176871,0.9509971157773582,10.37041447361963,13.282580629234221,796,0.478643216080402,149,-19.959004046062873,-0.13395304728901256,4.791178077936177
C1,815,811,-0.16683481657397614,-0.00020571494028850324,0.02642533214779647,0.0002220948628515182,-0.0409958711308986,0.6286150908739834,0.2188228013057975,0.013778451242550454,1.0664938333692215,10.042941520245398,13.023594501956241,796,0.5100502512562815,118,-6.745066915655152,-0.05716158403097587,-6.3981131653085965
C2,815,811,-2.367595827086994,-0.0029193536708840865,0.026704210498372627,0.0002220948628515182,-0.0409958711308986,0.6289410563327215,0.2188570373952012,0.019939603923064573,1.045247429717246,10.041556114110428,13.028338497796009,796,0.5025125628140703,125,-7.549533146591969,-0.060396265172735754,-5.0018183857324
D1,815,811,-20.871400477260877,-0.02573538899785558,0.027397871005090634,0.0002220948628515182,-0.0409958711308986,0.640893229605464,0.22453649884967977,-0.0064128577218068965,0.9145609233411568,10.394013694478527,13.277551091630036,796,0.45603015075376885,136,-15.583765950824773,-0.1145865143442998,5.467753460208678
D2,815,811,-11.718565047066376,-0.014449525335470254,0.027374730051433177,0.0002220948628515182,-0.0409958711308986,0.6414003021942352,0.2247844260543865,-0.004891644573542592,0.909202000677643,10.403824487116564,13.283339863803457,796,0.4547738693467337,135,-10.293765950824778,-0.07625011815425761,1.6049180300141748
C3 QB rAV for QB efficiency,815,811,-20.04212799227036,-0.02471285819022239,0.026706598378693856,0.0002220948628515182,-0.0409958711308986,0.6340280589060964,0.2213804652936258,0.01677865936696138,1.0492514201384173,10.104822711656444,13.133794965754719,796,0.5100502512562815,131,-19.0854590725179,-0.145690527271129,1.1367878535250364
B2 prior-only rates,815,811,-33.96595544205688,-0.04188157267824523,0.029727773379187153,0.0002220948628515182,-0.0409958711308986,0.6633151613184758,0.23514277558510796,0.011071357129388714,0.8183752427029204,10.707970714110429,13.72784330230121,796,0.47361809045226133,205,-28.841777155306566,-0.14069159587954422,5.304297220522897
B2 blended rates,815,811,-24.57006319022647,-0.030296008865877275,0.02743699997174728,0.0002220948628515182,-0.0409958711308986,0.6419589345551514,0.22498012597969325,-0.012988157634176871,0.9509971157773582,10.37041447361963,13.282580629234221,796,0.478643216080402,149,-19.959004046062873,-0.13395304728901256,4.791178077936177
"B replacement-relative, linear",815,811,-34.391625292655576,-0.04240644302423622,0.027505897708419356,0.0002220948628515182,-0.0409958711308986,0.6421380567288851,0.22502435478538896,-0.012949073157654641,0.9465582226879804,10.376196665030674,13.280139902634925,796,0.4723618090452261,153,-25.911384998443822,-0.16935545750616876,8.660359227984324
"B replacement-relative, min starter",815,811,-22.759834308920176,-0.028063914067719083,0.02745368909172795,0.0002220948628515182,-0.0409958711308986,0.6421455436770314,0.22498622066776075,-0.015166317320085517,0.9628281094483158,10.374196137423313,13.299416228082045,796,0.4748743718592965,150,-18.463470276999686,-0.12308980184666457,4.476482965693064
