game_id,season,week,away,home,gameday,gametime,site,result,away_score,home_score,home won,ready,spread_line,home_moneyline,away_moneyline,market_wp,model_wp,model_spread,homefield_wp,composite_log_odds,recipe,away_qb_expected,away_qb_usual,home_qb_expected,home_qb_usual,away_injury_report,home_injury_report,q,pass_product,pass_1sd_pp,pass_1sd_pn,pass_1sd_np,pass_1sd_nn
2026_05_BAL_ATL,2026,5,BAL,ATL,2026-10-11,20:20,1.0,,,,,True,3.5,-180.0,150.0,0.6164383561643836,0.6604403818872968,5.117039878231914,0.5424714586831914,0.665257320579324,rates_core_avail_cs_peaks_nosacks_h8_r0.1_market_product_1sd_i0.1,L.Jackson,L.Jackson,M.Penix,M.Penix,practice,practice,0.6164383561643836,1.0719102543894,0.0,0.0,0.0,0.0
2026_05_BUF_LA,2026,5,BUF,LA,2026-10-12,20:15,1.0,,,,,True,3.0,-175.0,145.0,0.6092362344582594,0.6505039346280658,4.7832481990549,0.5424714586831914,0.6212550428220898,rates_core_avail_cs_peaks_nosacks_h8_r0.1_market_product_1sd_i0.1,J.Allen,J.Allen,M.Stafford,M.Stafford,practice,practice,0.6092362344582594,1.565487543737736,0.0,-0.2014260775163762,0.0,0.0
2026_05_CHI_GB,2026,5,CHI,GB,2026-10-11,13:00,1.0,,,,,True,-1.5,102.0,-122.0,0.4739134147382802,0.5006173776464139,0.01914303123427,0.5424714586831914,0.002469511840679,rates_core_avail_cs_peaks_nosacks_h8_r0.1_market_product_1sd_i0.1,C.Williams,T.Bagent,J.Love,J.Love,practice,practice,0.4739134147382802,0.9034076051453204,0.0,0.0,0.0,0.0
2026_05_CIN_MIA,2026,5,CIN,MIA,2026-10-11,13:00,1.0,,,,,True,-7.0,280.0,-355.0,0.2522172949002217,0.2592654803732498,-7.986214771762696,0.5424714586831914,-1.0497897305220234,rates_core_avail_cs_peaks_nosacks_h8_r0.1_market_product_1sd_i0.1,J.Burrow,J.Burrow,M.Willis,M.Willis,practice,practice,0.2522172949002217,-0.7586925739280272,0.0,0.0,0.0,0.0
2026_05_CLE_NYJ,2026,5,CLE,NYJ,2026-10-11,13:00,1.0,,,,,True,2.5,-135.0,114.0,0.551441114716549,0.5440662504398637,1.3691522673709235,0.5424714586831914,0.1767235104306814,rates_core_avail_cs_peaks_nosacks_h8_r0.1_market_product_1sd_i0.1,D.Watson,D.Watson,G.Smith,G.Smith,practice,practice,0.551441114716549,1.910565623761476,0.0,0.0,0.0,0.0041905773300123
2026_05_DEN_LAC,2026,5,DEN,LAC,2026-10-11,16:05,1.0,,,,,True,-3.5,160.0,-192.0,0.3690596562184025,0.4246121440985925,-2.3516393242270968,0.5424714586831914,-0.3038681952767202,rates_core_avail_cs_peaks_nosacks_h8_r0.1_market_product_1sd_i0.1,B.Nix,B.Nix,J.Herbert,J.Herbert,practice,practice,0.3690596562184025,0.8589419732897268,0.0,0.0,0.0,0.0
2026_05_DET_ARI,2026,5,DET,ARI,2026-10-11,16:25,1.0,,,,,True,-5.5,205.0,-250.0,0.3146067415730336,0.345541216785195,-4.915671601603829,0.5424714586831914,-0.6386966767629758,rates_core_avail_cs_peaks_nosacks_h8_r0.1_market_product_1sd_i0.1,J.Goff,J.Goff,J.Brissett,J.Brissett,practice,practice,0.3146067415730336,-2.875911801597856,-0.1434997514513097,0.0,0.0,0.0
2026_05_HOU_TEN,2026,5,HOU,TEN,2026-10-11,13:00,1.0,,,,,True,-7.0,285.0,-360.0,0.2491874322860238,0.2490992750291358,-8.378534085764558,0.5424714586831914,-1.1034219406714838,rates_core_avail_cs_peaks_nosacks_h8_r0.1_market_product_1sd_i0.1,C.Stroud,C.Stroud,C.Ward,C.Ward,practice,practice,0.2491874322860238,0.3247509642232515,0.0,0.0,0.0,0.0
2026_05_IND_PIT,2026,5,IND,PIT,2026-10-11,13:00,1.0,,,,,True,3.0,-148.0,124.0,0.5720596355604638,0.5456788285524214,1.4194721458975614,0.5424714586831914,0.1832262025481522,rates_core_avail_cs_peaks_nosacks_h8_r0.1_market_product_1sd_i0.1,D.Jones,D.Jones,A.Rodgers,A.Rodgers,practice,practice,0.5720596355604638,-0.5909314606543523,0.0,0.0,0.0,0.0
2026_05_LV_NE,2026,5,LV,NE,2026-10-11,13:00,1.0,,,,,True,3.5,-192.0,160.0,0.6309403437815976,0.6274125513737397,4.020350916929934,0.5424714586831914,0.5211325292535627,rates_core_avail_cs_peaks_nosacks_h8_r0.1_market_product_1sd_i0.1,K.Cousins,K.Cousins,D.Maye,D.Maye,practice,practice,0.6309403437815976,-0.9394885071410776,0.0,0.0,0.0,0.0
2026_05_MIN_NO,2026,5,MIN,NO,2026-10-11,13:00,1.0,,,,,True,-2.5,120.0,-142.0,0.4365079365079364,0.4762222916283032,-0.7377122651168186,0.5424714586831914,-0.095182629208953,rates_core_avail_cs_peaks_nosacks_h8_r0.1_market_product_1sd_i0.1,K.Murray,K.Murray,T.Shough,T.Shough,practice,practice,0.4365079365079364,0.3036007460144126,0.0,0.0,0.0,0.0
2026_05_NYG_WAS,2026,5,NYG,WAS,2026-10-11,13:00,1.0,,,,,True,3.5,-170.0,142.0,0.6037569709421778,0.5841658252603457,2.629396129255192,0.5424714586831914,0.3398983275088781,rates_core_avail_cs_peaks_nosacks_h8_r0.1_market_product_1sd_i0.1,J.Winston,J.Winston,J.Daniels,M.Mariota,practice,practice,0.6037569709421778,0.7223445585508256,0.0,0.0,0.0,0.0
2026_05_PHI_JAX,2026,5,PHI,JAX,2026-10-11,09:30,1.0,,,,,True,7.5,-395.0,310.0,0.7659021045164341,0.7878767439372866,9.884566554334569,0.5424714586831914,1.3121741590515623,rates_core_avail_cs_peaks_nosacks_h8_r0.1_market_product_1sd_i0.1,J.Hurts,J.Hurts,T.Lawrence,T.Lawrence,practice,practice,0.7659021045164341,-0.3034507943113252,0.0,0.0,0.0,0.0
2026_05_SF_SEA,2026,5,SF,SEA,2026-10-11,16:25,1.0,,,,,True,3.0,-162.0,136.0,0.593369754159424,0.9346634018544376,18.69666770161728,0.5424714586831914,2.6606341255275816,rates_core_avail_cs_peaks_nosacks_h8_r0.1_market_product_1sd_i0.1,B.Purdy,B.Purdy,S.Darnold,S.Darnold,practice,practice,0.593369754159424,5.031498797619638,0.0,-1.622528023356212,0.0,0.0
2026_05_TB_DAL,2026,5,TB,DAL,2026-10-08,20:15,1.0,-8.0,24.0,16.0,0.0,True,9.5,-535.0,400.0,0.8081570996978852,0.8201215815386013,11.328798920966417,0.5424714586831914,1.517171429759555,rates_core_avail_cs_peaks_nosacks_h8_r0.1_market_product_1sd_i0.1,J.Daniels,J.Daniels,D.Prescott,D.Prescott,final,final,0.8081570996978852,2.367529497431956,0.0,0.0,0.0,0.0
