game_id,production_probability,research_probability
2023_01_ARI_WAS,0.702178499702219,0.702178499702219
2023_01_BUF_NYJ,0.3656995154382111,0.365699515438211
2023_01_CAR_ATL,0.6399447669723725,0.6399447669723725
2023_01_CIN_CLE,0.5316865709672053,0.5316865709672053
2023_01_DAL_NYG,0.4097201870176841,0.409720187017684
2023_01_DET_KC,0.7069220027655806,0.7069220027655806
2023_01_GB_CHI,0.5603064024654117,0.5603064024654115
2023_01_HOU_BAL,0.7428441796015705,0.7428441796015705
2023_01_JAX_IND,0.28085363567075,0.28085363567075
2023_01_LA_SEA,0.6690595423396353,0.6690595423396353
2023_01_LV_DEN,0.5211901379754715,0.5211901379754716
2023_01_MIA_LAC,0.6053585048782621,0.6053585048782621
2023_01_PHI_NE,0.3574057898340147,0.3574057898340147
2023_01_SF_PIT,0.4375316309079805,0.4375316309079805
2023_01_TB_MIN,0.6840344775278039,0.6840344775278039
2023_01_TEN_NO,0.5187249150220924,0.5187249150220925
2023_02_BAL_CIN,0.600312984365457,0.600312984365457
2023_02_CHI_TB,0.46124587188297855,0.4612458718829788
2023_02_CLE_PIT,0.4259581770418955,0.4259581770418955
2023_02_GB_ATL,0.5469039640670426,0.5469039640670426
2023_02_IND_HOU,0.4421643585680096,0.4421643585680096
2023_02_KC_JAX,0.40317289120009886,0.4031728912000988
2023_02_LAC_TEN,0.3478289554661312,0.3478289554661313
2023_02_LV_BUF,0.7240809659112392,0.7240809659112393
2023_02_MIA_NE,0.41694156349392936,0.4169415634939296
2023_02_MIN_PHI,0.6133662814227631,0.6133662814227631
2023_02_NO_CAR,0.38298551805714187,0.3829855180571418
2023_02_NYG_ARI,0.3167723748665801,0.3167723748665801
2023_02_NYJ_DAL,0.7496640274975146,0.7496640274975146
2023_02_SEA_DET,0.6512565346693212,0.6512565346693212
2023_02_SF_LA,0.24211065531529388,0.2421106553152938
2023_02_WAS_DEN,0.6576070367260265,0.6576070367260263
2023_03_ATL_DET,0.5610233041056294,0.5610233041056294
2023_03_BUF_WAS,0.29322336887758743,0.2932233688775875
2023_03_CAR_SEA,0.6421889626430316,0.6421889626430316
2023_03_CHI_KC,0.928910118084925,0.928910118084925
2023_03_DAL_ARI,0.18216527518383194,0.1821652751838319
2023_03_DEN_MIA,0.6940058983259245,0.6940058983259245
2023_03_HOU_JAX,0.7841238131026816,0.7841238131026818
2023_03_IND_BAL,0.7414684411968313,0.7414684411968313
2023_03_LAC_MIN,0.5266130635271602,0.5266130635271602
2023_03_LA_CIN,0.5708790225240127,0.5708790225240127
2023_03_NE_NYJ,0.3890602249735873,0.3890602249735873
2023_03_NO_GB,0.5163262299619495,0.5163262299619494
2023_03_NYG_SF,0.7986542399622089,0.7986542399622089
2023_03_PHI_TB,0.2906245673937874,0.2906245673937873
2023_03_PIT_LV,0.6325245346876877,0.6325245346876877
2023_03_TEN_CLE,0.5358371181827913,0.5358371181827914
2023_04_ARI_SF,0.8661466410104738,0.8661466410104738
2023_04_ATL_JAX,0.6570648584747114,0.6570648584747114
2023_04_BAL_CLE,0.41693964670363826,0.4169396467036383
2023_04_CIN_TEN,0.4015404530064949,0.4015404530064948
2023_04_DEN_CHI,0.3535799333491319,0.3535799333491318
2023_04_DET_GB,0.4039550904369472,0.4039550904369472
2023_04_KC_NYJ,0.15397906276491927,0.1539790627649192
2023_04_LA_IND,0.49882929367299234,0.4988292936729923
2023_04_LV_LAC,0.7200101472647216,0.7200101472647217
2023_04_MIA_BUF,0.5810465384375213,0.5810465384375212
2023_04_MIN_CAR,0.2654813445828112,0.2654813445828112
2023_04_NE_DAL,0.6825796715784814,0.6825796715784814
2023_04_PIT_HOU,0.43098538466747977,0.4309853846674797
2023_04_SEA_NYG,0.4050486982671658,0.4050486982671658
2023_04_TB_NO,0.5545889926659269,0.5545889926659269
2023_04_WAS_PHI,0.777334391307431,0.777334391307431
2023_05_BAL_PIT,0.3067267602782974,0.3067267602782972
2023_05_CAR_DET,0.7977999545959918,0.7977999545959918
2023_05_CHI_WAS,0.6444871989365955,0.6444871989365955
2023_05_CIN_ARI,0.4117693442568483,0.4117693442568483
2023_05_DAL_SF,0.6257815289794811,0.6257815289794809
2023_05_GB_LV,0.5000783201089609,0.5000783201089609
2023_05_HOU_ATL,0.5191925788245734,0.5191925788245735
2023_05_JAX_BUF,0.6451584688550751,0.6451584688550752
2023_05_KC_MIN,0.3968295284708504,0.3968295284708503
2023_05_NO_NE,0.5780387367317522,0.5780387367317521
2023_05_NYG_MIA,0.8694261076137815,0.8694261076137815
2023_05_NYJ_DEN,0.6228493263028828,0.6228493263028827
2023_05_PHI_LA,0.3137048269805888,0.3137048269805888
2023_05_TEN_IND,0.443466744417732,0.443466744417732
2023_06_ARI_LA,0.7196417942806201,0.7196417942806201
2023_06_BAL_TEN,0.32132909499644785,0.3213290949964478
2023_06_CAR_MIA,0.8972433290095853,0.8972433290095853
2023_06_DAL_LAC,0.46031516208963225,0.4603151620896322
2023_06_DEN_KC,0.8134734907986391,0.8134734907986391
2023_06_DET_TB,0.40926401648777816,0.4092640164877782
2023_06_IND_JAX,0.6456056976673484,0.6456056976673485
2023_06_MIN_CHI,0.31403216890738017,0.3140321689073801
2023_06_NE_LV,0.5808131799045985,0.5808131799045985
2023_06_NO_HOU,0.5427873238445409,0.5427873238445409
2023_06_NYG_BUF,0.8873726732371857,0.8873726732371857
2023_06_PHI_NYJ,0.25270455324962016,0.2527045532496202
2023_06_SEA_CIN,0.5470880472232327,0.5470880472232328
2023_06_SF_CLE,0.21111773633982958,0.2111177363398294
2023_06_WAS_ATL,0.5424133448241943,0.5424133448241943
2023_07_ARI_SEA,0.7839587744751418,0.7839587744751416
2023_07_ATL_TB,0.5577284711747149,0.5577284711747149
2023_07_BUF_NE,0.21266285683680752,0.2126628568368075
2023_07_CLE_IND,0.4528774781168332,0.4528774781168332
2023_07_DET_BAL,0.7007780978877461,0.7007780978877458
2023_07_GB_DEN,0.5695072084231161,0.5695072084231161
2023_07_JAX_NO,0.47994534783656945,0.4799453478365694
2023_07_LAC_KC,0.6965484880930486,0.6965484880930486
2023_07_LV_CHI,0.4363019030687421,0.4363019030687421
2023_07_MIA_PHI,0.8034016981395538,0.8034016981395532
2023_07_PIT_LA,0.5604383228720499,0.5604383228720499
2023_07_SF_MIN,0.30201433770072594,0.3020143377007259
2023_07_WAS_NYG,0.38359486542580523,0.3835948654258052
2023_08_ATL_TEN,0.39182536265411094,0.3918253626541109
2023_08_BAL_ARI,0.22766285655479565,0.2276628565547959
2023_08_CHI_LAC,0.8058758086373192,0.8058758086373192
2023_08_CIN_SF,0.6121305296226391,0.612130529622639
2023_08_CLE_SEA,0.6431789267679737,0.6431789267679737
2023_08_HOU_CAR,0.3766152942899067,0.3766152942899066
2023_08_JAX_PIT,0.372982941520947,0.372982941520947
2023_08_KC_DEN,0.24896248936262425,0.2489624893626242
2023_08_LA_DAL,0.7635458526305168,0.7635458526305168
2023_08_LV_DET,0.7441086953025094,0.7441086953025094
2023_08_MIN_GB,0.3415678707636166,0.3415678707636166
2023_08_NE_MIA,0.739550065987815,0.739550065987815
2023_08_NO_IND,0.5162638371003311,0.5162638371003312
2023_08_NYJ_NYG,0.4092542772429154,0.4092542772429153
2023_08_PHI_WAS,0.32159167051116094,0.3215916705111609
2023_08_TB_BUF,0.7799521602433381,0.7799521602433381
2023_09_ARI_CLE,0.8265348375580197,0.8265348375580197
2023_09_BUF_CIN,0.5156752754262492,0.5156752754262492
2023_09_CHI_NO,0.7092340251238157,0.7092340251238157
2023_09_DAL_PHI,0.6131809583421705,0.6131809583421705
2023_09_IND_CAR,0.41034573399921276,0.4103457339992128
2023_09_LAC_NYJ,0.3402894939050287,0.3402894939050286
2023_09_LA_GB,0.6111907291043205,0.6111907291043205
2023_09_MIA_KC,0.7832091463207707,0.7832091463207707
2023_09_MIN_ATL,0.6119439607763252,0.6119439607763252
2023_09_NYG_LV,0.5292807919167721,0.5292807919167721
2023_09_SEA_BAL,0.6806502092949841,0.6806502092949842
2023_09_TB_HOU,0.5479629108584102,0.5479629108584102
2023_09_TEN_PIT,0.5754712337364849,0.5754712337364849
2023_09_WAS_NE,0.5293182096626698,0.5293182096626698
2023_10_ATL_ARI,0.3820537671853042,0.3820537671853041
2023_10_CAR_CHI,0.6610440983994996,0.6610440983995001
2023_10_CLE_BAL,0.7113995888262807,0.7113995888262806
2023_10_DEN_BUF,0.7474077070753485,0.7474077070753486
2023_10_DET_LAC,0.43607473089464516,0.4360747308946451
2023_10_GB_PIT,0.6183372184475615,0.6183372184475615
2023_10_HOU_CIN,0.6684679417185446,0.6684679417185446
2023_10_IND_NE,0.4498706412951464,0.4498706412951464
2023_10_NO_MIN,0.45788990021224046,0.4578899002122404
2023_10_NYG_DAL,0.9234549600886345,0.9234549600886344
2023_10_NYJ_LV,0.4384303913381498,0.4384303913381498
2023_10_SF_JAX,0.4407720227192337,0.4407720227192337
2023_10_TEN_TB,0.607400672579373,0.607400672579373
2023_10_WAS_SEA,0.6708302268472199,0.6708302268472199
2023_11_ARI_HOU,0.7707112563897138,0.770711256389714
2023_11_CHI_DET,0.7939394010942418,0.7939394010942418
2023_11_CIN_BAL,0.5898067300237579,0.589806730023758
2023_11_DAL_CAR,0.17741057142969027,0.1774105714296901
2023_11_LAC_GB,0.342111056425527,0.3421110564255269
2023_11_LV_MIA,0.9021945496234536,0.9021945496234536
2023_11_MIN_DEN,0.566763109163072,0.5667631091630719
2023_11_NYG_WAS,0.7723803232093973,0.7723803232093974
2023_11_NYJ_BUF,0.7342099553440365,0.7342099553440367
2023_11_PHI_KC,0.6281329411145127,0.6281329411145128
2023_11_PIT_CLE,0.5001207669711137,0.5001207669711139
2023_11_SEA_LA,0.5179403826226979,0.5179403826226978
2023_11_TB_SF,0.8607468367242406,0.8607468367242408
2023_11_TEN_JAX,0.7666100243191314,0.7666100243191315
2023_12_BAL_LAC,0.4141548057818574,0.4141548057818574
2023_12_BUF_PHI,0.5503760362153812,0.5503760362153812
2023_12_CAR_TEN,0.6390796687284698,0.63907966872847
2023_12_CHI_MIN,0.6482227260675771,0.6482227260675772
2023_12_CLE_DEN,0.6524666024513949,0.6524666024513951
2023_12_GB_DET,0.8354767047394678,0.8354767047394678
2023_12_JAX_HOU,0.47714149753462864,0.4771414975346286
2023_12_KC_LV,0.1804670758166925,0.1804670758166925
2023_12_LA_ARI,0.4243697782093726,0.4243697782093726
2023_12_MIA_NYJ,0.274768189781293,0.2747681897812927
2023_12_NE_NYG,0.3357919325976923,0.3357919325976924
2023_12_NO_ATL,0.5030422312446513,0.5030422312446513
2023_12_PIT_CIN,0.5230058316275631,0.5230058316275634
2023_12_SF_SEA,0.2237266337759806,0.2237266337759807
2023_12_TB_IND,0.5797532220349834,0.5797532220349834
2023_12_WAS_DAL,0.8224502401440008,0.8224502401440007
2023_13_ARI_PIT,0.678086519507557,0.678086519507557
2023_13_ATL_NYJ,0.40328504753444605,0.403285047534446
2023_13_CAR_TB,0.7097007112391106,0.7097007112391106
2023_13_CIN_JAX,0.8321313060726094,0.8321313060726094
2023_13_CLE_LA,0.6382194929530379,0.6382194929530379
2023_13_DEN_HOU,0.594841838543656,0.5948418385436561
2023_13_DET_NO,0.2981663865542934,0.2981663865542934
2023_13_IND_TEN,0.48086700136770605,0.480867001367706
2023_13_KC_GB,0.27551536895462925,0.2755153689546292
2023_13_LAC_NE,0.29627312982065573,0.2962731298206557
2023_13_MIA_WAS,0.20396972957823722,0.2039697295782371
2023_13_SEA_DAL,0.7915982455993077,0.7915982455993077
2023_13_SF_PHI,0.4726097664151518,0.4726097664151518
2023_14_BUF_KC,0.5208766494077038,0.5208766494077034
2023_14_CAR_NO,0.6852390347640971,0.6852390347640972
2023_14_DEN_LAC,0.5301968506466713,0.5301968506466713
2023_14_DET_CHI,0.34508299384962104,0.345082993849621
2023_14_GB_NYG,0.2877134757134155,0.2877134757134154
2023_14_HOU_NYJ,0.3302503660470359,0.3302503660470355
2023_14_IND_CIN,0.5898876430143225,0.5898876430143225
2023_14_JAX_CLE,0.4977602346949254,0.4977602346949254
2023_14_LA_BAL,0.7247824388288435,0.7247824388288435
2023_14_MIN_LV,0.3734988885432099,0.3734988885432098
2023_14_NE_PIT,0.7299398262409702,0.7299398262409702
2023_14_PHI_DAL,0.5623252402774649,0.5623252402774649
2023_14_SEA_SF,0.8711561373659353,0.8711561373659353
2023_14_TB_ATL,0.51779330774312,0.51779330774312
2023_14_TEN_MIA,0.8866097269070544,0.8866097269070544
2023_15_ATL_CAR,0.3982285917753119,0.3982285917753119
2023_15_BAL_JAX,0.38960875595558264,0.3896087559555826
2023_15_CHI_CLE,0.5098821538351035,0.5098821538351035
2023_15_DAL_BUF,0.5567150822450699,0.5567150822450699
2023_15_DEN_DET,0.6703079247643843,0.6703079247643843
2023_15_HOU_TEN,0.5903726583447759,0.5903726583447758
2023_15_KC_NE,0.19133969789440697,0.1913396978944069
2023_15_LAC_LV,0.5490638395889091,0.5490638395889091
2023_15_MIN_CIN,0.6546463781768131,0.6546463781768131
2023_15_NYG_NO,0.6167626018467542,0.6167626018467542
2023_15_NYJ_MIA,0.37016996369153216,0.3701699636915351
2023_15_PHI_SEA,0.28601390346487865,0.2860139034648786
2023_15_PIT_IND,0.556157750535503,0.556157750535503
2023_15_SF_ARI,0.17225716738017036,0.1722571673801702
2023_15_TB_GB,0.6709968055498001,0.6709968055498001
2023_15_WAS_LA,0.6554602037922178,0.6554602037922178
2023_16_ARI_CHI,0.6226274248805751,0.6226274248805751
2023_16_BAL_SF,0.15303702812673628,0.1530370281267363
2023_16_BUF_LAC,0.1499757020383503,0.1499757020383502
2023_16_CIN_PIT,0.3660162344762761,0.3660162344762761
2023_16_CLE_HOU,0.4363053273579237,0.4363053273579237
2023_16_DAL_MIA,0.5180375914239879,0.5180375914239879
2023_16_DET_MIN,0.3858230519447461,0.3858230519447461
2023_16_GB_CAR,0.3325627483938978,0.3325627483938977
2023_16_IND_ATL,0.5255778599629777,0.5255778599629777
2023_16_JAX_TB,0.44381127112505003,0.44381127112505
2023_16_LV_KC,0.812998157310779,0.8129981573107791
2023_16_NE_DEN,0.8067167425087166,0.8067167425087166
2023_16_NO_LA,0.6793627533845276,0.6793627533845276
2023_16_NYG_PHI,0.8712264394603708,0.8712264394603708
2023_16_SEA_TEN,0.36762429628404136,0.3676242962840412
2023_16_WAS_NYJ,0.48624582535672056,0.4862458253567198
2023_17_ARI_PHI,0.8477139073574007,0.8477139073574007
2023_17_ATL_CHI,0.615129480353892,0.615129480353892
2023_17_CAR_JAX,0.6637865239634554,0.6637865239634554
2023_17_CIN_KC,0.6785118555212726,0.6785118555212727
2023_17_DET_DAL,0.6280626060666079,0.6280626060666079
2023_17_GB_MIN,0.5108804394904534,0.5108804394904534
2023_17_LAC_DEN,0.6498923816461334,0.6498923816461334
2023_17_LA_NYG,0.3047054818702154,0.3047054818702153
2023_17_LV_IND,0.6440785534096988,0.6440785534096988
2023_17_MIA_BAL,0.783196366649363,0.7831963666493633
2023_17_NE_BUF,0.8919750565542975,0.8919750565542975
2023_17_NO_TB,0.6151055800750237,0.6151055800750237
2023_17_NYJ_CLE,0.6516862684575764,0.651686268457574
2023_17_PIT_SEA,0.6415293873079291,0.641529387307929
2023_17_SF_WAS,0.11044549734914373,0.1104454973491436
2023_17_TEN_HOU,0.6800150438532142,0.6800150438532142
2023_18_ATL_NO,0.6131606898909091,0.6131606898909091
2023_18_BUF_MIA,0.40217629333416444,0.4021762933341649
2023_18_CHI_GB,0.5610542944070473,0.5610542944070473
2023_18_CLE_CIN,0.7863131178696814,0.7863131178696815
2023_18_DAL_WAS,0.1436006048942398,0.1436006048942398
2023_18_DEN_LV,0.5712370632823806,0.5712370632823806
2023_18_HOU_IND,0.46512457822389197,0.4651245782238919
2023_18_JAX_TEN,0.355724685070912,0.3557246850709119
2023_18_KC_LAC,0.6780098262324162,0.6780098262324162
2023_18_LA_SF,0.7537725102544339,0.7537725102544339
2023_18_MIN_DET,0.6835983673364968,0.6835983673364968
2023_18_NYJ_NE,0.5276741674108795,0.5276741674108795
2023_18_PHI_NYG,0.36146956705623273,0.3614695670562327
2023_18_PIT_BAL,0.36687389605202536,0.3668738960520253
2023_18_SEA_ARI,0.42074539397640953,0.4207453939764095
2023_18_TB_CAR,0.3004784741863824,0.3004784741863823
2024_01_ARI_BUF,0.6918027857693525,0.6918027857693524
2024_01_BAL_KC,0.5249032604454381,0.5249032604454381
2024_01_CAR_NO,0.5893764651443925,0.5893764651443925
2024_01_DAL_CLE,0.5470695081404569,0.5470695081404569
2024_01_DEN_SEA,0.7299086952256475,0.7299086952256475
2024_01_GB_PHI,0.5531880592246881,0.5531880592246882
2024_01_HOU_IND,0.38465285057674276,0.3846528505767427
2024_01_JAX_MIA,0.6314913902822541,0.6314913902822541
2024_01_LA_DET,0.7127624909033811,0.712762490903381
2024_01_LV_LAC,0.5991698843056775,0.5991698843056775
2024_01_MIN_NYG,0.44426305671597505,0.4442630567159749
2024_01_NE_CIN,0.7945410686008413,0.7945410686008413
2024_01_NYJ_SF,0.3455775291149636,0.3455775291149628
2024_01_PIT_ATL,0.6071621675751973,0.6071621675751973
2024_01_TEN_CHI,0.6807861103714103,0.6807861103714103
2024_01_WAS_TB,0.5595239916832065,0.5595239916832065
2024_02_ATL_PHI,0.7223184944846751,0.7223184944846751
2024_02_BUF_MIA,0.5236565536089518,0.5236565536089519
2024_02_CHI_HOU,0.7352725225028892,0.7352725225028892
2024_02_CIN_KC,0.7007000502180908,0.7007000502180909
2024_02_CLE_JAX,0.6398240415115766,0.6398240415115766
2024_02_IND_GB,0.42878751568710427,0.4287875156871042
2024_02_LAC_CAR,0.3315496993110696,0.3315496993110695
2024_02_LA_ARI,0.5535264422839404,0.5535264422839404
2024_02_LV_BAL,0.8400503793055546,0.8400503793055546
2024_02_NO_DAL,0.6859414543389705,0.6859414543389705
2024_02_NYG_WAS,0.5774357020873223,0.5774357020873221
2024_02_NYJ_TEN,0.3592231962303707,0.3592231962303708
2024_02_PIT_DEN,0.37493845702874895,0.3749384570287489
2024_02_SEA_NE,0.35151753229049637,0.3515175322904963
2024_02_SF_MIN,0.3126955988219241,0.3126955988219241
2024_02_TB_DET,0.7757885618490082,0.7757885618490082
2024_03_BAL_DAL,0.45288832689056124,0.4528883268905612
2024_03_CAR_LV,0.6655084023911847,0.6655084023911847
2024_03_CHI_IND,0.5429132775317539,0.5429132775317539
2024_03_DEN_TB,0.6453440291099508,0.6453440291099508
2024_03_DET_ARI,0.426345826756363,0.4263458267563629
2024_03_GB_TEN,0.572302765912132,0.572302765912132
2024_03_HOU_MIN,0.4864445279067509,0.4864445279067509
2024_03_JAX_BUF,0.689774302894541,0.689774302894541
2024_03_KC_ATL,0.4255080576897216,0.4255080576897216
2024_03_LAC_PIT,0.5617602634920819,0.5617602634920819
2024_03_MIA_SEA,0.6386540557519041,0.6386540557519041
2024_03_NE_NYJ,0.7280309854148407,0.7280309854148406
2024_03_NYG_CLE,0.6405990437980856,0.6405990437980852
2024_03_PHI_NO,0.5706285582488446,0.5706285582488446
2024_03_SF_LA,0.2700540140704206,0.2700540140704206
2024_03_WAS_CIN,0.7193515816155073,0.7193515816155073
2024_04_BUF_BAL,0.5399972958122287,0.539997295812229
2024_04_CIN_CAR,0.32906346022394123,0.3290634602239414
2024_04_CLE_LV,0.4464882728298726,0.4464882728298727
2024_04_DAL_NYG,0.3155053186076703,0.3155053186076702
2024_04_DEN_NYJ,0.7618935411058697,0.7618935411058697
2024_04_JAX_HOU,0.6326381398309294,0.6326381398309295
2024_04_KC_LAC,0.27146321841947263,0.2714632184194726
2024_04_LA_CHI,0.5446964572749313,0.5446964572749314
2024_04_MIN_GB,0.550221238278946,0.550221238278946
2024_04_NE_SF,0.8116190598934568,0.8116190598934568
2024_04_NO_ATL,0.5339665165872461,0.5339665165872461
2024_04_PHI_TB,0.45130916846360264,0.4513091684636026
2024_04_PIT_IND,0.47425139855695075,0.4742513985569506
2024_04_SEA_DET,0.6641297968312252,0.6641297968312252
2024_04_TEN_MIA,0.5948543765936479,0.594854376593648
2024_04_WAS_ARI,0.5728213706315095,0.5728213706315096
2024_05_ARI_SF,0.8910366359864565,0.8910366359864563
2024_05_BAL_CIN,0.4101629358558934,0.4101629358558934
2024_05_BUF_HOU,0.5322056273604908,0.5322056273604907
2024_05_CAR_CHI,0.5561597161948955,0.5561597161948957
2024_05_CLE_WAS,0.6755878617213386,0.6755878617213382
2024_05_DAL_PIT,0.5177637165056835,0.5177637165056835
2024_05_GB_LA,0.3659739280396531,0.3659739280396531
2024_05_IND_JAX,0.6323671328061055,0.6323671328061052
2024_05_LV_DEN,0.5921765114995109,0.5921765114995109
2024_05_MIA_NE,0.45236764077532765,0.4523676407753276
2024_05_NO_KC,0.6562979166138689,0.6562979166138689
2024_05_NYG_SEA,0.736022933086303,0.736022933086303
2024_05_NYJ_MIN,0.6013732569360288,0.6013732569360288
2024_05_TB_ATL,0.5973303639857042,0.597330363985704
2024_06_ARI_GB,0.6578846747754974,0.6578846747754975
2024_06_ATL_CAR,0.315221370747727,0.3152213707477269
2024_06_BUF_NYJ,0.48533897173706897,0.4853389717370692
2024_06_CIN_NYG,0.2932620473584911,0.293262047358491
2024_06_CLE_PHI,0.8353806213447654,0.8353806213447654
2024_06_DET_DAL,0.3290390744916041,0.3290390744916041
2024_06_HOU_NE,0.3060502947020335,0.3060502947020334
2024_06_IND_TEN,0.4791492006701773,0.4791492006701773
2024_06_JAX_CHI,0.4370864124965797,0.4370864124965797
2024_06_LAC_DEN,0.3961470459775451,0.396147045977545
2024_06_PIT_LV,0.362770062431173,0.362770062431173
2024_06_SF_SEA,0.3370362385525736,0.3370362385525736
2024_06_TB_NO,0.387555008270915,0.387555008270915
2024_06_WAS_BAL,0.7029439048882675,0.7029439048882675
2024_07_BAL_TB,0.29637583863961253,0.2963758386396125
2024_07_CAR_WAS,0.8099558800914427,0.8099558800914425
2024_07_CIN_CLE,0.23336379627795156,0.2333637962779514
2024_07_DEN_NO,0.4364782441522773,0.4364782441522773
2024_07_DET_MIN,0.46968407185856,0.46968407185856
2024_07_HOU_GB,0.6279917501374784,0.6279917501374784
2024_07_KC_SF,0.5777974296144918,0.5777974296144925
2024_07_LAC_ARI,0.573701759422076,0.573701759422076
2024_07_LV_LA,0.7800477205398425,0.7800477205398425
2024_07_MIA_IND,0.5977472472550032,0.5977472472550032
2024_07_NE_JAX,0.7428885189541912,0.7428885189541913
2024_07_NYJ_PIT,0.39322800238476197,0.3932280023847619
2024_07_PHI_NYG,0.34611731569440307,0.346117315694403
2024_07_SEA_ATL,0.6126159589454646,0.6126159589454646
2024_07_TEN_BUF,0.8052234581885377,0.8052234581885377
2024_08_ARI_MIA,0.49861491201043473,0.4986149120016296
2024_08_ATL_TB,0.4108430765793591,0.4108430766006594
2024_08_BAL_CLE,0.15061399678974494,0.1506139967827285
2024_08_BUF_SEA,0.4010883773615447,0.4010883773893904
2024_08_CAR_DEN,0.7951502561546842,0.7951502561469399
2024_08_CHI_WAS,0.5418721751913533,0.5418721752036966
2024_08_DAL_SF,0.6749597143606592,0.6749597143631831
2024_08_GB_JAX,0.32968215040733795,0.329682150417076
2024_08_IND_HOU,0.6193989783480166,0.6193989783630905
2024_08_KC_LV,0.20942369198837707,0.209423691979629
2024_08_MIN_LA,0.37719367974978674,0.3771936797584907
2024_08_NO_LAC,0.7130001955480374,0.7130001955372695
2024_08_NYG_PIT,0.7286919536145525,0.7286919536097098
2024_08_NYJ_NE,0.32839395489944245,0.3283939548950381
2024_08_PHI_CIN,0.6034008724224256,0.603400872394959
2024_08_TEN_DET,0.878586358746802,0.8785863587468502
2024_09_CHI_ARI,0.6206783019855072,0.6206783019855072
2024_09_DAL_ATL,0.6371824805519302,0.6371824805519302
2024_09_DEN_BAL,0.7794375736717618,0.7794375736717618
2024_09_DET_GB,0.40193213423593654,0.4019321342359366
2024_09_HOU_NYJ,0.5300975299979911,0.5300975299979912
2024_09_IND_MIN,0.7048231843842989,0.7048231843842989
2024_09_JAX_PHI,0.7224695498920394,0.7224695498920395
2024_09_LAC_CLE,0.4771895891543803,0.4771895891543803
2024_09_LA_SEA,0.45951168925265873,0.4595116892526587
2024_09_LV_CIN,0.7912761132173183,0.7912761132173183
2024_09_MIA_BUF,0.6802456539742298,0.6802456539742299
2024_09_NE_TEN,0.5240181314175453,0.5240181314175453
2024_09_NO_CAR,0.3011654082674556,0.3011654082674555
2024_09_TB_KC,0.7594030905296993,0.7594030905296993
2024_09_WAS_NYG,0.27734879454752165,0.2773487945475216
2024_10_ATL_NO,0.3273951827685395,0.3273951827685394
2024_10_BUF_IND,0.3587944641573708,0.3587944641573707
2024_10_CIN_BAL,0.7235806520314496,0.7235806520314496
2024_10_DEN_KC,0.7361935667779216,0.7361935667779216
2024_10_DET_HOU,0.2758752529409357,0.2758752529409357
2024_10_MIA_LA,0.5203861192144065,0.5203861192144066
2024_10_MIN_JAX,0.21819577133113427,0.2181957713311342
2024_10_NE_CHI,0.6828957070592263,0.6828957070592263
2024_10_NYG_CAR,0.35105987916553766,0.3510598791655376
2024_10_NYJ_ARI,0.5925800586770528,0.5925800586770528
2024_10_PHI_DAL,0.20234329398467635,0.2023432939846762
2024_10_PIT_WAS,0.5570129625751461,0.5570129625751461
2024_10_SF_TB,0.24885282691918947,0.2488528269191894
2024_10_TEN_LAC,0.7266969304022186,0.7266969304022187
2024_11_ATL_DEN,0.5354065815260409,0.5354065815260409
2024_11_BAL_PIT,0.3213499196434977,0.3213499196434976
2024_11_CIN_LAC,0.43387380617322596,0.4338738061732259
2024_11_CLE_NO,0.5468033236291887,0.5468033236291887
2024_11_GB_CHI,0.22985914400216254,0.2298591440021625
2024_11_HOU_DAL,0.23161090249995836,0.2316109024999583
2024_11_IND_NYJ,0.5193543203877616,0.5193543203877616
2024_11_JAX_DET,0.8765623916318739,0.8765623916318738
2024_11_KC_BUF,0.5545452428988766,0.5545452428988766
2024_11_LA_NE,0.33228446532190814,0.3322844653219081
2024_11_LV_MIA,0.7947134725391897,0.7947134725391897
2024_11_MIN_TEN,0.23723239205589827,0.2372323920558982
2024_11_SEA_SF,0.7455685613582171,0.7455685613582173
2024_11_WAS_PHI,0.6578541316509292,0.6578541316509292
2024_12_ARI_SEA,0.44825794954671405,0.4482579495467142
2024_12_BAL_LAC,0.32164399823173123,0.3216439982317313
2024_12_DAL_WAS,0.8538393311292284,0.8538393311292284
2024_12_DEN_LV,0.2988640661575618,0.2988640661575618
2024_12_DET_IND,0.19741998832538013,0.1974199883253801
2024_12_KC_CAR,0.1769629174841614,0.1769629174841613
2024_12_MIN_CHI,0.3518493723871638,0.3518493723871637
2024_12_NE_MIA,0.7512354979476206,0.7512354979476206
2024_12_PHI_LA,0.4077628985446874,0.4077628985446874
2024_12_PIT_CLE,0.3293522656675414,0.3293522656675413
2024_12_SF_GB,0.7720562669327741,0.7720562669327741
2024_12_TB_NYG,0.20757347523701183,0.2075734752370118
2024_12_TEN_HOU,0.7482034637473396,0.7482034637473396
2024_13_ARI_MIN,0.6009012759709756,0.6009012758711756
2024_13_CHI_DET,0.8223509444214373,0.8223509445855551
2024_13_CLE_DEN,0.6669173094711047,0.666917309358624
2024_13_HOU_JAX,0.3933010087130792,0.3933010088544746
2024_13_IND_NE,0.42480778420798226,0.4248077842043007
2024_13_LAC_ATL,0.5622283073743375,0.5622283074040864
2024_13_LA_NO,0.4492564133780337,0.4492564134959459
2024_13_LV_KC,0.8460187911273757,0.8460187911380352
2024_13_MIA_GB,0.6097095054812908,0.6097095055286751
2024_13_NYG_DAL,0.7087323720817028,0.7087323721248157
2024_13_PHI_BAL,0.4670221294492716,0.4670221294353948
2024_13_PIT_CIN,0.56261859717937,0.5626185973735885
2024_13_SEA_NYJ,0.456114150934716,0.4561141509858817
2024_13_SF_BUF,0.7781037319283863,0.7781037319071965
2024_13_TB_CAR,0.25795458205545807,0.2579545820957164
2024_13_TEN_WAS,0.6805236473985906,0.6805236474513425
2024_14_ATL_MIN,0.6940691366779108,0.6940691366779108
2024_14_BUF_LA,0.31940858992047483,0.3194085899204748
2024_14_CAR_PHI,0.8235235571025429,0.8235235571025428
2024_14_CHI_SF,0.6614122159612268,0.6614122159612266
2024_14_CIN_DAL,0.24772710495505582,0.2477271049550557
2024_14_CLE_PIT,0.7144868269371564,0.7144868269371563
2024_14_GB_DET,0.5680001532751789,0.5680001532751789
2024_14_JAX_TEN,0.5523069812669399,0.5523069812669398
2024_14_LAC_KC,0.6901310257146555,0.6901310257146555
2024_14_LV_TB,0.7535836372897086,0.7535836372897083
2024_14_NO_NYG,0.1878870234086288,0.1878870234086287
2024_14_NYJ_MIA,0.7521838114087502,0.7521838114087501
2024_14_SEA_ARI,0.6253760256393859,0.625376025639386
2024_15_ATL_LV,0.18987540494666838,0.1898754049466684
2024_15_BAL_NYG,0.05036033437195967,0.0503603343719596
2024_15_BUF_DET,0.5339390164445793,0.5339390164445793
2024_15_CHI_MIN,0.7616414784414006,0.7616414784414007
2024_15_CIN_TEN,0.24977732575162756,0.2497773257516275
2024_15_DAL_CAR,0.5279411375687872,0.5279411375687872
2024_15_GB_SEA,0.3606000424886254,0.3606000424886254
2024_15_IND_DEN,0.6375435146819342,0.6375435146819342
2024_15_KC_CLE,0.33446657236048194,0.3344665723604819
2024_15_LA_SF,0.61369947428555,0.6136994742855503
2024_15_MIA_HOU,0.5731573697891784,0.5731573697891784
2024_15_NE_ARI,0.6949538522550955,0.6949538522550955
2024_15_NYJ_JAX,0.4953487650294895,0.4953487650294894
2024_15_PIT_PHI,0.6710136191040724,0.6710136191040724
2024_15_TB_LAC,0.5181473151831516,0.5181473151831516
2024_15_WAS_NO,0.19139946485832818,0.1913994648583281
2024_16_ARI_CAR,0.24893162650696726,0.2489316265069672
2024_16_CLE_CIN,0.9004631448939638,0.9004631448939638
2024_16_DEN_LAC,0.5116251391349963,0.5116251391349962
2024_16_DET_CHI,0.22623570986287211,0.226235709862872
2024_16_HOU_KC,0.5768065757841205,0.5768065757841205
2024_16_JAX_LV,0.4331364986764588,0.4331364986764588
2024_16_LA_NYJ,0.3596083293502542,0.3596083293502543
2024_16_MIN_SEA,0.40582065896714836,0.4058206589671483
2024_16_NE_BUF,0.9093762181114888,0.9093762181114888
2024_16_NO_GB,0.9249846230048892,0.9249846230048892
2024_16_NYG_ATL,0.8743232064036359,0.8743232064036359
2024_16_PHI_WAS,0.3354940387550495,0.3354940387550494
2024_16_PIT_BAL,0.7557264865846278,0.7557264865846278
2024_16_SF_MIA,0.41119752475682275,0.4111975247568227
2024_16_TB_DAL,0.3121556457704172,0.312155645770417
2024_16_TEN_IND,0.6142823892363,0.6142823892363
2024_17_ARI_LA,0.7404428805880491,0.7404428805880491
2024_17_ATL_WAS,0.6254797832165847,0.6254797832165847
2024_17_BAL_HOU,0.3175394779115906,0.3175394779115905
2024_17_CAR_TB,0.8305559457246307,0.8305559457246307
2024_17_DAL_PHI,0.6823870183431651,0.6823870183431651
2024_17_DEN_CIN,0.6692386571797503,0.6692386571797504
2024_17_DET_SF,0.3287630011639127,0.3287630011639128
2024_17_GB_MIN,0.48774651612735365,0.4877465161273536
2024_17_IND_NYG,0.17143391099707264,0.1714339109970726
2024_17_KC_PIT,0.44779197315078173,0.4477919731507817
2024_17_LAC_NE,0.32160479274593695,0.3216047927459369
2024_17_LV_NO,0.41206508660500113,0.4120650866050011
2024_17_MIA_CLE,0.3120294514963363,0.3120294514963362
2024_17_NYJ_BUF,0.8445726356965394,0.8445726356965396
2024_17_SEA_CHI,0.36215419462468046,0.3621541946246804
2024_17_TEN_JAX,0.47256881683187657,0.4725688168318767
2024_18_BUF_NE,0.2568776482068412,0.2568776482068413
2024_18_CAR_ATL,0.7766960949565548,0.7766960949565548
2024_18_CHI_GB,0.7277879161698088,0.7277879161698089
2024_18_CIN_PIT,0.3881713772524873,0.3881713772524873
2024_18_CLE_BAL,0.954774786746422,0.954774786746422
2024_18_HOU_TEN,0.6004377766707668,0.6004377766707668
2024_18_JAX_IND,0.6482663454748907,0.6482663454748906
2024_18_KC_DEN,0.8351075047447682,0.8351075047447685
2024_18_LAC_LV,0.259375651826915,0.259375651826915
2024_18_MIA_NYJ,0.5723766381264198,0.5723766381264198
2024_18_MIN_DET,0.6102894741881534,0.6102894741881534
2024_18_NO_TB,0.9160567300839029,0.9160567300839028
2024_18_NYG_PHI,0.44284514120054747,0.4428451412005471
2024_18_SEA_LA,0.20014353576619398,0.2001435357661939
2024_18_SF_ARI,0.6679679857863928,0.6679679857863928
2024_18_WAS_DAL,0.2656783386284035,0.2656783386284035
2025_01_ARI_NO,0.21446577256671376,0.2144657725667137
2025_01_BAL_BUF,0.4622218151386115,0.4622218151386115
2025_01_CAR_JAX,0.6651463628488912,0.6651463628488912
2025_01_CIN_CLE,0.22046627974312175,0.2204662797431217
2025_01_DAL_PHI,0.7656488831531792,0.7656488831531792
2025_01_DET_GB,0.5210747709526377,0.5210747709526378
2025_01_HOU_LA,0.6170393524543768,0.6170393524543768
2025_01_KC_LAC,0.3496793463496198,0.3496793463496198
2025_01_LV_NE,0.5544319573355538,0.5544319573355538
2025_01_MIA_IND,0.4896512710725486,0.4896512710725486
2025_01_MIN_CHI,0.558153021981229,0.5581530219812288
2025_01_NYG_WAS,0.6875364574845387,0.6875364574845387
2025_01_PIT_NYJ,0.38492099081323766,0.3849209908132376
2025_01_SF_SEA,0.417548096276306,0.417548096276306
2025_01_TB_ATL,0.45997843954652673,0.4599784395465268
2025_01_TEN_DEN,0.7959747829989376,0.7959747829989378
2025_02_ATL_MIN,0.5683701309927559,0.5683701309927559
2025_02_BUF_NYJ,0.2502403843373403,0.2502403843373402
2025_02_CAR_ARI,0.7306247238225521,0.7306247238225521
2025_02_CHI_DET,0.7666412091924033,0.7666412091924034
2025_02_CLE_BAL,0.9015388050443385,0.9015388050443384
2025_02_DEN_IND,0.5154726841658093,0.5154726841658094
2025_02_JAX_CIN,0.6908922225968345,0.6908922225968346
2025_02_LAC_LV,0.4239169631328395,0.4239169631328396
2025_02_LA_TEN,0.2501480603350794,0.2501480603350792
2025_02_NE_MIA,0.5291869022880744,0.5291869022880744
2025_02_NYG_DAL,0.697445998613408,0.697445998613408
2025_02_PHI_KC,0.4842546921763862,0.4842546921763862
2025_02_SEA_PIT,0.6668834358657368,0.6668834358657368
2025_02_SF_NO,0.35924291142301357,0.3592429114230135
2025_02_TB_HOU,0.5133392143732327,0.5133392143732326
2025_02_WAS_GB,0.6389258943588864,0.6389258943588865
2025_03_ARI_SF,0.5460302066199393,0.5460302066199393
2025_03_ATL_CAR,0.3298819565884524,0.3298819565884524
2025_03_CIN_MIN,0.4851129701152248,0.4851129701152248
2025_03_DAL_CHI,0.4294943151633378,0.4294943151633376
2025_03_DEN_LAC,0.5511380640068444,0.5511380640068444
2025_03_DET_BAL,0.6801228756009704,0.6801228756009704
2025_03_GB_CLE,0.18412265026149915,0.1841226502614991
2025_03_HOU_JAX,0.5864510367856244,0.5864510367856244
2025_03_IND_TEN,0.20883365339604126,0.2088336533960412
2025_03_KC_NYG,0.26812495918816076,0.2681249591881607
2025_03_LA_PHI,0.6478161212715358,0.6478161212715358
2025_03_LV_WAS,0.5418546825498084,0.5418546825498084
2025_03_MIA_BUF,0.8715495350541714,0.8715495350541714
2025_03_NO_SEA,0.7929377494468851,0.7929377494468852
2025_03_NYJ_TB,0.770314000870658,0.770314000870658
2025_03_PIT_NE,0.4587975378186367,0.4587975378186367
2025_04_BAL_KC,0.4335644214798727,0.4335644214798725
2025_04_CAR_NE,0.7577755655912611,0.7577755655912611
2025_04_CHI_LV,0.48195060593440153,0.4819506059344015
2025_04_CIN_DEN,0.7741797408475158,0.7741797408475158
2025_04_CLE_DET,0.8799344307173005,0.8799344307173005
2025_04_GB_DAL,0.4697066090020581,0.4697066090020574
2025_04_IND_LA,0.5633406880149606,0.5633406880149606
2025_04_JAX_SF,0.625094269247971,0.6250942692479708
2025_04_LAC_NYG,0.2783458470210881,0.2783458470210881
2025_04_MIN_PIT,0.5194215279480681,0.5194215279480682
2025_04_NO_BUF,0.9201086706673882,0.9201086706673882
2025_04_NYJ_MIA,0.5814594352244062,0.5814594352244062
2025_04_PHI_TB,0.33428330914550664,0.3342833091455066
2025_04_SEA_ARI,0.4127028527031889,0.4127028527031889
2025_04_TEN_HOU,0.7463925808312697,0.7463925808312697
2025_04_WAS_ATL,0.579863919042765,0.579863919042765
2025_05_DAL_NYJ,0.45109671175397437,0.4510967117539743
2025_05_DEN_PHI,0.684104802142012,0.684104802142012
2025_05_DET_CIN,0.14423378264392903,0.144233782643929
2025_05_HOU_BAL,0.38934772212304336,0.3893477221230433
2025_05_KC_JAX,0.4157606305120316,0.4157606305120316
2025_05_LV_IND,0.804725440412704,0.804725440412704
2025_05_MIA_CAR,0.43215139358908133,0.4321513935890813
2025_05_MIN_CLE,0.344938013471124,0.344938013471124
2025_05_NE_BUF,0.7802048190327074,0.7802048190327074
2025_05_NYG_NO,0.6091656466873338,0.6091656466873338
2025_05_SF_LA,0.8143521686679377,0.8143521686679377
2025_05_TB_SEA,0.6516882400633673,0.6516882400633673
2025_05_TEN_ARI,0.7614242708638876,0.7614242708638878
2025_05_WAS_LAC,0.5253283626665552,0.5253283626665552
2025_06_ARI_IND,0.8577320909309089,0.8577320909309089
2025_06_BUF_ATL,0.32661332988907305,0.3266133298890731
2025_06_CHI_WAS,0.6249837366728902,0.6249837366728903
2025_06_CIN_GB,0.8529965684107149,0.8529965684107149
2025_06_CLE_PIT,0.7658749169577024,0.7658749169577025
2025_06_DAL_CAR,0.30172240817311013,0.3017224081731101
2025_06_DEN_NYJ,0.2641719717249077,0.2641719717249077
2025_06_DET_KC,0.540637166589107,0.540637166589107
2025_06_LAC_MIA,0.4270092754938111,0.427009275493811
2025_06_LA_BAL,0.19689756411225576,0.1968975641122557
2025_06_NE_NO,0.309813215617214,0.309813215617214
2025_06_PHI_NYG,0.23683209041189845,0.2368320904118984
2025_06_SEA_JAX,0.4509568881766227,0.4509568881766226
2025_06_SF_TB,0.6335940635121298,0.6335940635121298
2025_06_TEN_LV,0.6355559169339334,0.6355559169339335
2025_07_ATL_SF,0.5279926119139028,0.5279926119139028
2025_07_CAR_NYJ,0.393091350583748,0.3930913505837479
2025_07_GB_ARI,0.25968121366374175,0.2596812136637416
2025_07_HOU_SEA,0.6334772774662878,0.6334772774662878
2025_07_IND_LAC,0.4572295469801446,0.4572295469801445
2025_07_LA_JAX,0.47030141537042414,0.4703014153704243
2025_07_LV_KC,0.8779605839320491,0.8779605839320491
2025_07_MIA_CLE,0.5077191685555353,0.5077191685555352
2025_07_NE_TEN,0.21323866586068785,0.2132386658606878
2025_07_NO_CHI,0.7320546700185395,0.7320546700185395
2025_07_NYG_DEN,0.720302880427836,0.7203028804278359
2025_07_PHI_MIN,0.39422461656731966,0.3942246165673196
2025_07_PIT_CIN,0.35743188209285615,0.3574318820928561
2025_07_TB_DET,0.7285350234713689,0.7285350234713689
2025_07_WAS_DAL,0.599210935063303,0.5992109350633031
2025_08_BUF_CAR,0.24177489000658653,0.2417748900065865
2025_08_CHI_BAL,0.45818132854123333,0.4581813285412331
2025_08_CLE_NE,0.8607750933213696,0.8607750933213696
2025_08_DAL_DEN,0.5837063447680879,0.5837063447680879
2025_08_GB_PIT,0.4496710941640781,0.4496710941640781
2025_08_MIA_ATL,0.7770794075131995,0.7770794075131995
2025_08_MIN_LAC,0.6178968420672919,0.6178968420672919
2025_08_NYG_PHI,0.7573877096933396,0.7573877096933396
2025_08_NYJ_CIN,0.8348887037946167,0.8348887037946168
2025_08_SF_HOU,0.5308599613506203,0.5308599613506205
2025_08_TB_NO,0.3286387962618825,0.3286387962618825
2025_08_TEN_IND,0.9432570575355494,0.9432570575355494
2025_08_WAS_KC,0.8613806702392206,0.8613806702392206
2025_09_ARI_DAL,0.6619638847899983,0.6619638847899982
2025_09_ATL_NE,0.732274463974481,0.732274463974481
2025_09_BAL_MIA,0.16251840056716926,0.1625184005671693
2025_09_CAR_GB,0.865675083630077,0.865675083630077
2025_09_CHI_CIN,0.3750661053329504,0.3750661053329504
2025_09_DEN_HOU,0.5642855845574843,0.5642855845574845
2025_09_IND_PIT,0.3195063591129504,0.3195063591129504
2025_09_JAX_LV,0.42017714170455417,0.4201771417045542
2025_09_KC_BUF,0.41752662063352536,0.4175266206335253
2025_09_LAC_TEN,0.18894454208513803,0.188944542085138
2025_09_MIN_DET,0.8677612885558218,0.8677612885558218
2025_09_NO_LA,0.880529199731753,0.880529199731753
2025_09_SEA_WAS,0.4496536664352365,0.4496536664352358
2025_09_SF_NYG,0.3115845312076631,0.3115845312076631
2025_10_ARI_SEA,0.7419663791745427,0.7419663791745426
2025_10_ATL_IND,0.7475051688815529,0.7475051688815529
2025_10_BAL_MIN,0.24494728330875423,0.2449472833087543
2025_10_BUF_MIA,0.18917242132915063,0.1891724213291506
2025_10_CLE_NYJ,0.46598299830123124,0.4659829983012311
2025_10_DET_WAS,0.3832935055803381,0.3832935055803375
2025_10_JAX_HOU,0.35474131995592073,0.3547413199559207
2025_10_LA_SF,0.3525792086119826,0.3525792086119825
2025_10_LV_DEN,0.752856539071923,0.752856539071923
2025_10_NE_TB,0.5144043301009176,0.5144043301009176
2025_10_NO_CAR,0.6703932982049868,0.6703932982049869
2025_10_NYG_CHI,0.7856012006725752,0.7856012006725752
2025_10_PHI_GB,0.47283620209896293,0.4728362020989628
2025_10_PIT_LAC,0.5262003867764826,0.5262003867764827
2025_11_BAL_CLE,0.16922753931544487,0.1692275393154448
2025_11_CAR_ATL,0.627258128123095,0.627258128123095
2025_11_CHI_MIN,0.4492574230870084,0.4492574230870083
2025_11_CIN_PIT,0.6345592119838711,0.6345592119838711
2025_11_DAL_LV,0.28929928746458267,0.2892992874645826
2025_11_DET_PHI,0.5782908331676349,0.578290833167635
2025_11_GB_NYG,0.20224201462143923,0.2022420146214392
2025_11_HOU_TEN,0.37650946046750383,0.376509460467504
2025_11_KC_DEN,0.26827584273687133,0.2682758427368713
2025_11_LAC_JAX,0.4995577826783645,0.4995577826783645
2025_11_NYJ_NE,0.9168177465992504,0.9168177465992504
2025_11_SEA_LA,0.557165264233465,0.5571652642334649
2025_11_SF_ARI,0.28028772158334,0.2802877215833399
2025_11_TB_BUF,0.7302564745464936,0.7302564745464936
2025_11_WAS_MIA,0.5187751553926395,0.5187751553926395
2025_12_ATL_NO,0.559306988772742,0.559306988772742
2025_12_BUF_HOU,0.38938707548450613,0.3893870754845062
2025_12_CAR_SF,0.8300152572639338,0.8300152572639338
2025_12_CLE_LV,0.6684336624679316,0.6684336624679316
2025_12_IND_KC,0.6041477082287252,0.6041477082287252
2025_12_JAX_ARI,0.479150922300929,0.479150922300929
2025_12_MIN_GB,0.7332466185904384,0.7332466185904384
2025_12_NE_CIN,0.20746910649465075,0.2074691064946507
2025_12_NYG_DET,0.881188245800282,0.881188245800282
2025_12_NYJ_BAL,0.8936584616375627,0.8936584616375627
2025_12_PHI_DAL,0.4473594459903034,0.4473594459903034
2025_12_PIT_CHI,0.6769155660347161,0.6769155660347161
2025_12_SEA_TEN,0.11964468554826498,0.1196446855482651
2025_12_TB_LA,0.7503761144580429,0.7503761144580429
2025_13_ARI_TB,0.5989510550259755,0.5989510550738041
2025_13_ATL_NYJ,0.3984351833955107,0.3984351833831264
2025_13_BUF_PIT,0.35504616249848014,0.3550461624925475
2025_13_CHI_PHI,0.6721897169564527,0.6721897169504989
2025_13_CIN_BAL,0.754794609105157,0.7547946091120925
2025_13_DEN_WAS,0.3526509182685209,0.3526509182573336
2025_13_GB_DET,0.5116738093357446,0.5116738093324692
2025_13_HOU_IND,0.6629623411470165,0.6629623411646989
2025_13_JAX_TEN,0.2452145025221462,0.2452145025211097
2025_13_KC_DAL,0.4010854120139555,0.4010854119838666
2025_13_LA_CAR,0.19683895238841945,0.1968389523954962
2025_13_LV_LAC,0.8028605927158061,0.8028605927281215
2025_13_MIN_SEA,0.8736918537745807,0.8736918537773879
2025_13_NO_MIA,0.6810591623977118,0.6810591623837313
2025_13_NYG_NE,0.7837640674815214,0.7837640675281192
2025_13_SF_CLE,0.2014375528199161,0.2014375527995001
2025_14_CHI_GB,0.6105390383411324,0.6105390383411325
2025_14_CIN_BUF,0.6661639152336938,0.6661639152336938
2025_14_DAL_DET,0.6162905153962879,0.6162905153962879
2025_14_DEN_LV,0.25223903336966536,0.2522390333696656
2025_14_HOU_KC,0.6983026370833402,0.6983026370833402
2025_14_IND_JAX,0.41243069714366215,0.4124306971436621
2025_14_LA_ARI,0.23877192788820456,0.2387719278882045
2025_14_MIA_NYJ,0.3981448746744891,0.3981448746744891
2025_14_NO_TB,0.8036717719529046,0.8036717719529046
2025_14_PHI_LAC,0.5015175642016482,0.5015175642016482
2025_14_PIT_BAL,0.7111434296844212,0.7111434296844213
2025_14_SEA_ATL,0.23166446100733468,0.2316644610073346
2025_14_TEN_CLE,0.5105500301284941,0.510550030128494
2025_14_WAS_MIN,0.33297806125012513,0.3329780612501251
2025_15_ARI_HOU,0.7818499347099369,0.7818499347099369
2025_15_ATL_TB,0.7283272950651616,0.7283272950651616
2025_15_BAL_CIN,0.41520792570814014,0.4152079257081402
2025_15_BUF_NE,0.38152074967704547,0.3815207496770454
2025_15_CAR_NO,0.37414436937424417,0.3741443693742441
2025_15_CLE_CHI,0.8512973236007556,0.8512973236007558
2025_15_DET_LA,0.6847492371954754,0.6847492371954755
2025_15_GB_DEN,0.6503044115331227,0.6503044115331236
2025_15_IND_SEA,0.8846981495818955,0.8846981495818955
2025_15_LAC_KC,0.6891162310801765,0.6891162310801765
2025_15_LV_PHI,0.8424267875551333,0.8424267875551333
2025_15_MIA_PIT,0.5885493484272654,0.5885493484272653
2025_15_MIN_DAL,0.751984134125725,0.751984134125725
2025_15_NYJ_JAX,0.9036259913617807,0.9036259913617808
2025_15_TEN_SF,0.8996770706973839,0.8996770706973839
2025_15_WAS_NYG,0.484358477647403,0.4843584776474028
2025_16_ATL_ARI,0.42058946110348777,0.4205894611034876
2025_16_BUF_CLE,0.1537824978121119,0.1537824978121122
2025_16_CIN_MIA,0.32007756564807216,0.3200775656480722
2025_16_GB_CHI,0.5660021905767726,0.5660021905767725
2025_16_JAX_DEN,0.5543626222563164,0.5543626222563165
2025_16_KC_TEN,0.41834753385958334,0.4183475338595833
2025_16_LAC_DAL,0.5484081588180245,0.5484081588180242
2025_16_LA_SEA,0.7462234102893552,0.746223410289357
2025_16_LV_HOU,0.8896591819913006,0.8896591819913003
2025_16_MIN_NYG,0.4160434517180702,0.4160434517180701
2025_16_NE_BAL,0.603887687605343,0.603887687605343
2025_16_NYJ_NO,0.7157129346002953,0.7157129346002953
2025_16_PHI_WAS,0.2632099471992878,0.2632099471992876
2025_16_PIT_DET,0.7889780114055767,0.7889780114055766
2025_16_SF_IND,0.2860664657152337,0.2860664657152336
2025_16_TB_CAR,0.4342822158316852,0.4342822158316852
2025_17_ARI_CIN,0.7656226385589718,0.7656226385589718
2025_17_BAL_GB,0.49937429372156616,0.4993742937215661
2025_17_CHI_SF,0.652885424175439,0.6528854241754392
2025_17_DAL_WAS,0.12116641228875298,0.1211664122887529
2025_17_DEN_KC,0.09390228201188364,0.0939022820118836
2025_17_DET_MIN,0.25589481840284956,0.2558948184028495
2025_17_HOU_LAC,0.5450311629471051,0.5450311629471051
2025_17_JAX_IND,0.30088094457986797,0.3008809445798679
2025_17_LA_ATL,0.2788167346645427,0.2788167346645427
2025_17_NE_NYJ,0.10462926819866016,0.1046292681986601
2025_17_NO_TEN,0.5468675042631612,0.5468675042631613
2025_17_NYG_LV,0.42270972759362513,0.4227097275936251
2025_17_PHI_BUF,0.5492506144483464,0.5492506144483463
2025_17_PIT_CLE,0.3152560536830595,0.3152560536830595
2025_17_SEA_CAR,0.2786585917708095,0.2786585917708095
2025_17_TB_MIA,0.32934484521717156,0.3293448452171716
2025_18_ARI_LA,0.8776753745129675,0.8776753745129673
2025_18_BAL_PIT,0.269124886124161,0.2691248861241611
2025_18_CAR_TB,0.5276687903725905,0.5276687903725905
2025_18_CLE_CIN,0.8086165946093578,0.8086165946093578
2025_18_DAL_NYG,0.25142023455261364,0.2514202345526136
2025_18_DET_CHI,0.6625701802529065,0.662570180252906
2025_18_GB_MIN,0.8861197805482265,0.8861197805482265
2025_18_IND_HOU,0.7981015509273096,0.7981015509273096
2025_18_KC_LV,0.3917763427952711,0.3917763427952712
2025_18_LAC_DEN,0.8864312719935317,0.8864312719935317
2025_18_MIA_NE,0.8595687369673451,0.8595687369673451
2025_18_NO_ATL,0.6781488920237686,0.6781488920237686
2025_18_NYJ_BUF,0.8775729277459162,0.8775729277459162
2025_18_SEA_SF,0.2250046219190981,0.2250046219190977
2025_18_TEN_JAX,0.8772196968533815,0.8772196968533813
2025_18_WAS_PHI,0.6295183531261729,0.6295183531261728
