game_id,season,week,away,home,gameday,gametime,site,result,away_score,home_score,home won,ready,spread_line,home_moneyline,away_moneyline,total_line,margin__selected__mean,total__selected__mean,market_wp,model_wp,model_spread,homefield_wp,composite_log_odds,recipe,away_qb_expected,away_qb_usual,home_qb_expected,home_qb_usual,away_injury_report,home_injury_report,home__avail__qb_delta,home__avail__OL_out,home__avail__WRTE_out,home__avail__RB_out,home__avail__DL_out,home__avail__LB_out,home__avail__DB_out,home__avail__OL_out_cs,home__avail__WRTE_out_cs,home__avail__RB_out_cs,home__avail__DL_out_cs,home__avail__LB_out_cs,home__avail__DB_out_cs,away__avail__qb_delta,away__avail__OL_out,away__avail__WRTE_out,away__avail__RB_out,away__avail__DL_out,away__avail__LB_out,away__avail__DB_out,away__avail__OL_out_cs,away__avail__WRTE_out_cs,away__avail__RB_out_cs,away__avail__DL_out_cs,away__avail__LB_out_cs,away__avail__DB_out_cs
2026_04_ARI_NYG,2026,4,ARI,NYG,2026-10-04,13:00,1,12,24,36,1,True,-2.5,114,-135,44.5,-2.53382,44.6145,0.448559,0.380371,-3.76673,0.542675,-0.487972,rates_core_avail_cs_peaks_nosacks_h8_r0.1_market_pass_predicted_total_i0.1,J.Brissett,J.Brissett,J.Winston,J.Winston,final,practice,-0.246902,0.113449,0.295803,0,0.154489,0.285111,0.131532,0,0.0294985,0,0,0.156545,0.0117647,0.0398607,0.0407709,0.0641148,0.199275,0.145455,0.131917,0.266488,0,0,0,0,0.0304622,0.150565
2026_04_ATL_NO,2026,4,ATL,NO,2026-10-05,20:15,1,-21,45,24,0,True,1.5,-118,-102,47.5,0.358245,47.5669,0.517364,0.490442,-0.296397,0.542675,-0.0382371,rates_core_avail_cs_peaks_nosacks_h8_r0.1_market_pass_predicted_total_i0.1,M.Penix,M.Penix,T.Shough,T.Shough,final,final,0.0809371,0.186047,0.128997,0.584127,0.213793,0.58639,0.0559055,0.112069,0.0299122,0.473896,0.205947,0.592005,0,0.469855,0.0476911,0.102713,0.0836364,0.277153,0.239535,0.147244,0,0,0,0.0286775,0.11747,0.0715789
2026_04_DAL_HOU,2026,4,DAL,HOU,2026-10-04,13:00,1,-4,34,30,0,True,3,-155,130,48.5,2.4366,49.0596,0.582993,0.551017,1.58623,0.542675,0.204781,rates_core_avail_cs_peaks_nosacks_h8_r0.1_market_pass_predicted_total_i0.1,D.Prescott,D.Prescott,C.Stroud,C.Stroud,final,final,0.103513,0.117944,0.112534,0.0960854,0.228883,0.776647,0.113782,0.0182364,0,0,0.101744,0.689353,0,0.034444,0.091358,0.0221519,0.167315,0.280048,0.13738,0.355932,0,0,0,0.124031,0.0646388,0.303514
2026_04_DEN_SF,2026,4,DEN,SF,2026-10-04,16:25,1,10,14,24,1,True,3,-166,140,48.5,2.46915,48.9779,0.599639,0.210853,-9.93888,0.542675,-1.31979,rates_core_avail_cs_peaks_nosacks_h8_r0.1_market_pass_predicted_total_i0.1,B.Nix,B.Nix,B.Purdy,B.Purdy,final,final,0.234614,0.0788732,0.349466,0.0189873,0.409517,0.195827,0.0169884,0,0.267917,0,0.25,0.122845,0,0.00178077,0.0107973,0,0.153558,0,0.145221,0.0116874,0,0,0.14,0,0.0945946,0
2026_04_DET_CAR,2026,4,DET,CAR,2026-10-04,20:20,1,6,26,32,1,True,-4.5,185,-225,52.5,-5.52369,53.4676,0.336352,0.308631,-6.1817,0.542675,-0.806525,rates_core_avail_cs_peaks_nosacks_h8_r0.1_market_pass_predicted_total_i0.1,J.Goff,J.Goff,B.Young,B.Young,final,final,0.0374076,0.37519,0.157718,0.231939,0.154018,0.194444,0.342297,0.22474,0.139154,0.15566,0.060259,0.00122249,0.325604,0.00657684,0.246316,0.0907407,0.105442,0.103084,0,0.301476,0.123702,0,0,0,0,0.248293
2026_04_GB_TB,2026,4,GB,TB,2026-10-04,13:00,1,-3,17,14,0,True,-3,130,-155,38.5,-1.75873,38.9763,0.417007,0.422854,-2.40718,0.542675,-0.311069,rates_core_avail_cs_peaks_nosacks_h8_r0.1_market_pass_predicted_total_i0.1,J.Love,J.Love,J.Daniels,B.Mayfield,final,final,-0.674808,0.0534056,0.0975369,0.0805861,0.0885791,0.228132,0.20514,0,0.0159787,0,0.0213134,0.118966,0.146334,0.0581746,0.371119,0.103233,0.114754,0.116299,0.197684,0.151633,0.310888,0.0533854,0,0.00990099,0.114066,0
2026_04_IND_WAS,2026,4,IND,WAS,2026-10-04,09:30,0,-17,30,13,0,True,-4.5,190,-230,46.5,-5.91415,47.4805,0.330993,0.289111,-6.87753,0.5,-0.899707,rates_core_avail_cs_peaks_nosacks_h8_r0.1_market_pass_predicted_total_i0.1,D.Jones,D.Jones,M.Mariota,M.Mariota,final,final,0.206146,0.0978723,0.119447,0.505415,0.167164,0.238636,0.25,0.130806,0.0486858,0.461538,0,0.133047,0.139441,0.195515,0,0.19502,0.0431373,0.15352,0.240918,0.176145,0,0.108422,0,0.0425532,0,0
2026_04_JAX_CIN,2026,4,JAX,CIN,2026-10-04,13:00,1,-5,22,17,0,True,2.5,-148,124,51.5,2.84113,51.9647,0.57206,0.504366,0.135372,0.542675,0.0174635,rates_core_avail_cs_peaks_nosacks_h8_r0.1_market_pass_predicted_total_i0.1,T.Lawrence,T.Lawrence,J.Burrow,J.Burrow,final,final,0.156873,0.0498798,0.153061,0,0.0548839,0,0.240244,0.0498348,0.127989,0,0.00724638,0,0.208504,0.00618126,0.00415282,0.0516333,0.14346,0.070634,0.0696325,0.121364,0,0,0,0.00655022,0,0.044898
2026_04_KC_LV,2026,4,KC,LV,2026-10-04,16:25,1,-3,30,27,0,True,-4.5,185,-225,47.5,-6.25334,48.3884,0.336352,0.414716,-2.66486,0.542675,-0.344502,rates_core_avail_cs_peaks_nosacks_h8_r0.1_market_pass_predicted_total_i0.1,P.Mahomes,P.Mahomes,K.Cousins,K.Cousins,final,final,0.228782,0.261815,0.180525,0.00571429,0.0657143,0.223386,0.0714286,0.193676,0.106352,0,0,0,0,0.253045,0.0943536,0.107843,0.109091,0.266461,0.0642361,0.0643034,0,0,0,0.131898,0,0
2026_04_LAC_SEA,2026,4,LAC,SEA,2026-10-04,16:25,1,7,23,30,1,True,7,-345,275,42.5,7.79129,44.1057,0.744069,0.748524,8.28605,0.542675,1.09075,rates_core_avail_cs_peaks_nosacks_h8_r0.1_market_pass_predicted_total_i0.1,J.Herbert,J.Herbert,S.Darnold,S.Darnold,final,final,0.161314,0.0939441,0.0182796,0.459064,0,0.0182522,0.0335366,0.0530786,0,0.270161,0,0.000670241,0,0.116199,0.293807,0.29666,0.212121,0.212121,0.0714286,0.11805,0.108359,0.242636,0,0.146727,0,0.0878244
2026_04_LA_PHI,2026,4,LA,PHI,2026-10-04,13:00,1,-4,24,20,0,True,-3.5,164,-198,42.5,-4.42804,43.4987,0.363096,0.388709,-3.49682,0.542675,-0.452743,rates_core_avail_cs_peaks_nosacks_h8_r0.1_market_pass_predicted_total_i0.1,M.Stafford,M.Stafford,J.Hurts,J.Hurts,final,final,0.0696312,0.230832,0.43371,0.00803213,0.0430108,0.226733,0.238704,0.0607064,0.357441,0,0,0.245774,0.138856,0.01847,0.0549296,0.224252,0.0387324,0.127303,0.142133,0.190627,0,0.240431,0.0382775,0.149123,0.107036,0.144928
2026_04_MIA_MIN,2026,4,MIA,MIN,2026-10-04,16:05,1,5,10,15,1,True,10,-535,400,38.5,10.9927,39.9925,0.808157,0.713631,6.97696,0.542675,0.913083,rates_core_avail_cs_peaks_nosacks_h8_r0.1_market_pass_predicted_total_i0.1,M.Willis,M.Willis,K.Murray,K.Murray,final,final,-0.190518,0.110288,0.438674,0.36129,0.108271,0.00671785,0.00680851,0,0.330781,0.127753,0,0,0.00210084,0.179792,0.100725,0.248575,0.416149,0.109412,0.255224,0.188235,0,0.147186,0.405858,0.0492754,0,0.00394218
2026_04_NE_BUF,2026,4,NE,BUF,2026-10-04,13:00,1,-3,29,26,0,True,7,-345,275,49.5,7.38401,50.9658,0.744069,0.722855,7.31494,0.542675,0.958669,rates_core_avail_cs_peaks_nosacks_h8_r0.1_market_pass_predicted_total_i0.1,D.Maye,D.Maye,J.Allen,J.Allen,final,final,0.0586852,0.136986,0.0687094,0.111888,0.240741,0,0.178343,0,0,0.0255102,0,0,0.0598353,0.0703537,0.287242,0.155316,0.127778,0.22695,0.270988,0.31469,0.200682,0.0614347,0.0439914,0.225962,0.105042,0.24914
2026_04_NYJ_CHI,2026,4,NYJ,CHI,2026-10-04,13:00,1,11,12,23,1,True,3.5,-192,160,43.5,4.07966,44.2281,0.63094,0.619553,3.76428,0.542675,0.487652,rates_core_avail_cs_peaks_nosacks_h8_r0.1_market_pass_predicted_total_i0.1,G.Smith,G.Smith,T.Bagent,C.Keenum,final,final,-0.82231,0.143994,0.0591447,0,0.125896,0.129091,0.371728,0.130199,0,0,0,0,0.182278,0.436477,0.176929,0.340657,0.543165,0.168227,0.260714,0.171821,0.172613,0.265337,0.545872,0.100598,0.0145349,0
2026_04_PIT_CLE,2026,4,PIT,CLE,2026-10-01,20:15,1,3,24,27,1,True,-2.5,124,-148,38.5,-2.72588,38.6333,0.42794,0.434093,-2.05298,0.542675,-0.265173,rates_core_avail_cs_peaks_nosacks_h8_r0.1_market_pass_predicted_total_i0.1,A.Rodgers,A.Rodgers,D.Watson,D.Watson,final,final,0.1858,0.290043,0.136465,0.141762,0.159366,0.253211,0.0697498,0.2,0.0627737,0,0,0,0,0.030547,0.0559541,0.200191,0.367698,0.0343137,0.0401786,0.178502,0,0,0.267606,0.0368852,0,0.0528256
2026_04_TEN_BAL,2026,4,TEN,BAL,2026-10-04,13:00,1,6,18,24,1,True,11.5,-800,550,42.5,12.8798,44.1624,0.852459,0.86969,13.9153,0.542675,1.89822,rates_core_avail_cs_peaks_nosacks_h8_r0.1_market_pass_predicted_total_i0.1,C.Ward,C.Ward,L.Jackson,L.Jackson,final,final,0.22302,0.265008,0.134035,0.123596,0.113274,0.160768,0.065678,0.219043,0.079773,0,0,0.166437,0,0.0277845,0.25592,0.104953,0.108259,0.0984615,0.123119,0.189162,0.199267,0,0.109091,0,0,0.0533505
