original_experiment,original_revision,original_generated_utc,game_id,season,week,home,away,original_model_wp,model_wp,market_wp,home_moneyline,away_moneyline,result,home won,revision,basis,bet_side,bet_price,bet_result,bet_units,bet_null_ev
cfacc42e9143fdda8e2568cc4be208708ea6c086a9229fff08fb9421d42095fe:rates_core_avail_cs_margin_h8_r0.1:2026,boxscore-composite-v1.12,2026-10-08T06:38:38.234998+00:00,2026_05_TB_DAL,2026,5,DAL,TB,0.6445473596794536,0.8101187819826758,0.7913616398243045,-470.0,360.0,-8.0,0.0,boxscore-composite-v1.17,retrospective reconstructed features at original moneyline/spread quotes; schedule total/cover/over capture times unknown; not forward evidence,home,-470.0,L,-1.0,-0.040263543191800893
f60cc7a964979f3345f05bc7a2d1d5952e79ca5c991649da414443517209d920:rates_core_avail_cs_peaks_h8_r0.1:2026,boxscore-composite-v1.13,2026-10-08T23:36:23.582088+00:00,2026_05_TB_DAL,2026,5,DAL,TB,0.6329180570518689,0.8181489446693151,0.7999999999999999,-500.0,380.0,-8.0,0.0,boxscore-composite-v1.17,retrospective reconstructed features at original moneyline/spread quotes; schedule total/cover/over capture times unknown; not forward evidence,home,-500.0,L,-1.0,-0.04000000000000006
035443ef46ffa5d68c96c4c847657adac2f9eb6182d10308952090b4ddd4a90d:rates_core_avail_cs_peaks_nosacks_h8_r0.1:2026,boxscore-composite-v1.14,2026-10-09T00:11:32.858353+00:00,2026_05_TB_DAL,2026,5,DAL,TB,0.619214735974653,0.8255221717462133,0.8081570996978852,-535.0,400.0,-8.0,0.0,boxscore-composite-v1.17,retrospective reconstructed features at original moneyline/spread quotes; schedule total/cover/over capture times unknown; not forward evidence,home,-535.0,L,-1.0,-0.040785498489426
9dad9b9ad0eda3c043c4227d211e8c1cb460beaac6c649f09787c296a62dcd26:rates_core_avail_cs_peaks_nosacks_h8_r0.1_market_product_1sd_i0.1:2026,boxscore-composite-v1.16,2026-10-10T13:03:18.705134+00:00,2026_05_BAL_ATL,2026,5,ATL,BAL,0.7097011510878918,0.7004174924214904,0.6164383561643836,-180.0,150.0,,,boxscore-composite-v1.17,retrospective reconstructed features at original moneyline/spread quotes; schedule total/cover/over capture times unknown; not forward evidence,home,-180.0,,,-0.041095890410958846
9dad9b9ad0eda3c043c4227d211e8c1cb460beaac6c649f09787c296a62dcd26:rates_core_avail_cs_peaks_nosacks_h8_r0.1_market_product_1sd_i0.1:2026,boxscore-composite-v1.16,2026-10-10T13:03:18.705134+00:00,2026_05_CHI_GB,2026,5,GB,CHI,0.49856884026016274,0.500465187237387,0.4675324675324675,105.0,-125.0,,,boxscore-composite-v1.17,retrospective reconstructed features at original moneyline/spread quotes; schedule total/cover/over capture times unknown; not forward evidence,home,105.0,,,-0.04155844155844163
9dad9b9ad0eda3c043c4227d211e8c1cb460beaac6c649f09787c296a62dcd26:rates_core_avail_cs_peaks_nosacks_h8_r0.1_market_product_1sd_i0.1:2026,boxscore-composite-v1.16,2026-10-10T13:03:18.705134+00:00,2026_05_CIN_MIA,2026,5,MIA,CIN,0.2579851567969552,0.2562873679981663,0.2522172949002217,280.0,-355.0,,,boxscore-composite-v1.17,retrospective reconstructed features at original moneyline/spread quotes; schedule total/cover/over capture times unknown; not forward evidence,away,-355.0,,,-0.04157427937915739
9dad9b9ad0eda3c043c4227d211e8c1cb460beaac6c649f09787c296a62dcd26:rates_core_avail_cs_peaks_nosacks_h8_r0.1_market_product_1sd_i0.1:2026,boxscore-composite-v1.16,2026-10-10T13:03:18.705134+00:00,2026_05_CLE_NYJ,2026,5,NYJ,CLE,0.5438206168822776,0.5360919935172069,0.551441114716549,-135.0,114.0,,,boxscore-composite-v1.17,retrospective reconstructed features at original moneyline/spread quotes; schedule total/cover/over capture times unknown; not forward evidence,home,-135.0,,,-0.04008398549341474
9dad9b9ad0eda3c043c4227d211e8c1cb460beaac6c649f09787c296a62dcd26:rates_core_avail_cs_peaks_nosacks_h8_r0.1_market_product_1sd_i0.1:2026,boxscore-composite-v1.16,2026-10-10T13:03:18.705134+00:00,2026_05_DEN_LAC,2026,5,LAC,DEN,0.41344068614894,0.4249779064884008,0.3690596562184025,160.0,-192.0,,,boxscore-composite-v1.17,retrospective reconstructed features at original moneyline/spread quotes; schedule total/cover/over capture times unknown; not forward evidence,away,-192.0,,,-0.04044489383215366
9dad9b9ad0eda3c043c4227d211e8c1cb460beaac6c649f09787c296a62dcd26:rates_core_avail_cs_peaks_nosacks_h8_r0.1_market_product_1sd_i0.1:2026,boxscore-composite-v1.16,2026-10-10T13:03:18.705134+00:00,2026_05_DET_ARI,2026,5,ARI,DET,0.34285279803148805,0.2742066347321783,0.31460674157303364,205.0,-250.0,,,boxscore-composite-v1.17,retrospective reconstructed features at original moneyline/spread quotes; schedule total/cover/over capture times unknown; not forward evidence,away,-250.0,,,-0.04044943820224717
9dad9b9ad0eda3c043c4227d211e8c1cb460beaac6c649f09787c296a62dcd26:rates_core_avail_cs_peaks_nosacks_h8_r0.1_market_product_1sd_i0.1:2026,boxscore-composite-v1.16,2026-10-10T13:03:18.705134+00:00,2026_05_HOU_TEN,2026,5,TEN,HOU,0.2421923744647326,0.2492311470327048,0.2491874322860238,285.0,-360.0,,,boxscore-composite-v1.17,retrospective reconstructed features at original moneyline/spread quotes; schedule total/cover/over capture times unknown; not forward evidence,away,-360.0,,,-0.040628385698808195
9dad9b9ad0eda3c043c4227d211e8c1cb460beaac6c649f09787c296a62dcd26:rates_core_avail_cs_peaks_nosacks_h8_r0.1_market_product_1sd_i0.1:2026,boxscore-composite-v1.16,2026-10-10T13:03:18.705134+00:00,2026_05_IND_PIT,2026,5,PIT,IND,0.5401720014638394,0.542487782271221,0.5720596355604638,-148.0,124.0,,,boxscore-composite-v1.17,retrospective reconstructed features at original moneyline/spread quotes; schedule total/cover/over capture times unknown; not forward evidence,home,-148.0,,,-0.04141358365543907
9dad9b9ad0eda3c043c4227d211e8c1cb460beaac6c649f09787c296a62dcd26:rates_core_avail_cs_peaks_nosacks_h8_r0.1_market_product_1sd_i0.1:2026,boxscore-composite-v1.16,2026-10-10T13:03:18.705134+00:00,2026_05_LV_NE,2026,5,NE,LV,0.611193219968726,0.5984246240544301,0.6309403437815976,-192.0,160.0,,,boxscore-composite-v1.17,retrospective reconstructed features at original moneyline/spread quotes; schedule total/cover/over capture times unknown; not forward evidence,home,-192.0,,,-0.04044489383215366
9dad9b9ad0eda3c043c4227d211e8c1cb460beaac6c649f09787c296a62dcd26:rates_core_avail_cs_peaks_nosacks_h8_r0.1_market_product_1sd_i0.1:2026,boxscore-composite-v1.16,2026-10-10T13:03:18.705134+00:00,2026_05_MIN_NO,2026,5,NO,MIN,0.48200288579085104,0.4951360415835322,0.43650793650793646,120.0,-142.0,,,boxscore-composite-v1.17,retrospective reconstructed features at original moneyline/spread quotes; schedule total/cover/over capture times unknown; not forward evidence,away,-142.0,,,-0.03968253968253971
9dad9b9ad0eda3c043c4227d211e8c1cb460beaac6c649f09787c296a62dcd26:rates_core_avail_cs_peaks_nosacks_h8_r0.1_market_product_1sd_i0.1:2026,boxscore-composite-v1.16,2026-10-10T13:03:18.705134+00:00,2026_05_NYG_WAS,2026,5,WAS,NYG,0.576515359233271,0.5777467518494754,0.6037569709421778,-170.0,142.0,,,boxscore-composite-v1.17,retrospective reconstructed features at original moneyline/spread quotes; schedule total/cover/over capture times unknown; not forward evidence,home,-170.0,,,-0.0410918696800705
9dad9b9ad0eda3c043c4227d211e8c1cb460beaac6c649f09787c296a62dcd26:rates_core_avail_cs_peaks_nosacks_h8_r0.1_market_product_1sd_i0.1:2026,boxscore-composite-v1.16,2026-10-10T13:03:18.705134+00:00,2026_05_PHI_JAX,2026,5,JAX,PHI,0.7953465162833812,0.7997844982592953,0.7659021045164341,-395.0,310.0,,,boxscore-composite-v1.17,retrospective reconstructed features at original moneyline/spread quotes; schedule total/cover/over capture times unknown; not forward evidence,home,-395.0,,,-0.040198628517379986
9dad9b9ad0eda3c043c4227d211e8c1cb460beaac6c649f09787c296a62dcd26:rates_core_avail_cs_peaks_nosacks_h8_r0.1_market_product_1sd_i0.1:2026,boxscore-composite-v1.16,2026-10-10T13:03:18.705134+00:00,2026_05_SF_SEA,2026,5,SEA,SF,0.9390388806510199,0.9406825253667677,0.593369754159424,-162.0,136.0,,,boxscore-composite-v1.17,retrospective reconstructed features at original moneyline/spread quotes; schedule total/cover/over capture times unknown; not forward evidence,home,-162.0,,,-0.04035261981624033
