game_id,generated_utc,archived_production,market_q,margin_line,total_line,total_quote_basis,margin_mean,margin_sd,margin_rule,total_mean,total_sd,total_rule,production_matched,forecast_additive,margin_total,pass_total,pass_market_total,production_full
2026_05_BAL_ATL,2026-10-10T13:03:18.705134+00:00,0.7097011510878918,0.6164383561643836,3.5,43.5,"schedule quote, capture time unknown",5.286407573380887,12.50384045501931,market_relationships,44.20495457988523,13.091862100165791,market_relationships,0.7082963851344467,0.7043007050667666,0.7026569933449072,0.7004174924214904,0.7012371823093708,0.7097011510878919
2026_05_CHI_GB,2026-10-10T13:03:18.705134+00:00,0.49856884026016274,0.4675324675324675,-1.5,46.5,"schedule quote, capture time unknown",-2.2768809749624372,12.50384045501931,market_relationships,46.77900254787574,13.091862100165791,market_relationships,0.5017078259416621,0.4975402700152818,0.5001772462182243,0.500465187237387,0.5014854607998618,0.49856884026016296
2026_05_CIN_MIA,2026-10-10T13:03:18.705134+00:00,0.2579851567969552,0.2522172949002217,-7.0,43.5,"schedule quote, capture time unknown",-7.141490440780504,12.50384045501931,market_relationships,44.95993034675064,13.091862100165791,market_relationships,0.2568587130700424,0.2550910095217433,0.2581907498361446,0.2562873679981663,0.26045239939049475,0.2579851567969551
2026_05_CLE_NYJ,2026-10-10T13:03:18.705134+00:00,0.5438206168822776,0.551441114716549,2.5,39.5,"schedule quote, capture time unknown",3.3366013314724716,12.50384045501931,market_relationships,39.78661648165206,13.091862100165791,market_relationships,0.5384410074590846,0.5521714561453906,0.5480962324926608,0.5360919935172069,0.5328880082272288,0.5438206168822776
2026_05_DEN_LAC,2026-10-10T13:03:18.705134+00:00,0.41344068614894,0.3690596562184025,-3.5,41.5,"schedule quote, capture time unknown",-3.0468642267529917,12.50384045501931,market_relationships,42.35179078315874,13.091862100165791,market_relationships,0.4216446903912655,0.4289904311575029,0.42955160490446975,0.4249779064884008,0.42358074734166173,0.41344068614893964
2026_05_DET_ARI,2026-10-10T13:03:18.705134+00:00,0.34285279803148805,0.31460674157303364,-5.5,54.5,"schedule quote, capture time unknown",-7.412968826177826,12.50384045501931,market_relationships,55.97772037379818,13.091862100165791,market_relationships,0.3437865100992419,0.3184812054824715,0.30178418620731445,0.2742066347321783,0.28325190247429927,0.342852798031488
2026_05_HOU_TEN,2026-10-10T13:03:18.705134+00:00,0.2421923744647326,0.2491874322860238,-7.0,38.5,"schedule quote, capture time unknown",-6.540457091775384,12.50384045501931,market_relationships,39.6902383745828,13.091862100165791,market_relationships,0.24050936880031512,0.2495748291185034,0.2498211722005327,0.2492311470327048,0.24921899323671728,0.2421923744647325
2026_05_IND_PIT,2026-10-10T13:03:18.705134+00:00,0.5401720014638394,0.5720596355604638,3.0,43.5,"schedule quote, capture time unknown",2.5654873483968768,12.50384045501931,market_relationships,43.91464111627742,13.091862100165791,market_relationships,0.536100220363244,0.5418345208303691,0.5463188054068697,0.542487782271221,0.5410641829325054,0.5401720014638393
2026_05_LV_NE,2026-10-10T13:03:18.705134+00:00,0.611193219968726,0.6309403437815976,3.5,45.5,"schedule quote, capture time unknown",3.6023348239925337,12.50384045501931,market_relationships,46.20358172324094,13.091862100165791,market_relationships,0.6078199038468572,0.6034328770010897,0.6066813165778865,0.5984246240544301,0.6003159374637445,0.6111932199687258
2026_05_MIN_NO,2026-10-10T13:03:18.705134+00:00,0.48200288579085104,0.43650793650793646,-2.5,41.5,"schedule quote, capture time unknown",-2.1246182530334705,12.50384045501931,market_relationships,41.8915447438067,13.091862100165791,market_relationships,0.4871932576278781,0.4949810964691622,0.49635497588370026,0.4951360415835322,0.4943073748187579,0.48200288579085104
2026_05_NYG_WAS,2026-10-10T13:03:18.705134+00:00,0.576515359233271,0.6037569709421778,3.5,41.5,"schedule quote, capture time unknown",4.206497884981728,12.50384045501931,market_relationships,42.216309511761196,13.091862100165791,market_relationships,0.5737992692178633,0.5799883862291271,0.5797237554608797,0.5777467518494754,0.5767637585097521,0.576515359233271
2026_05_PHI_JAX,2026-10-10T13:03:18.705134+00:00,0.7953465162833812,0.7659021045164341,7.5,41.5,"schedule quote, capture time unknown",8.362425526990585,12.50384045501931,market_relationships,42.99937935803166,13.091862100165791,market_relationships,0.796150556041365,0.7994695421079879,0.7986516216834368,0.7997844982592953,0.8013607248458005,0.7953465162833812
2026_05_SF_SEA,2026-10-10T13:03:18.705134+00:00,0.9390388806510199,0.593369754159424,3.0,45.5,"schedule quote, capture time unknown",3.2287698985749125,12.50384045501931,market_relationships,46.23533804484968,13.091862100165791,market_relationships,0.9420337497062466,0.9402499444081793,0.940796299708836,0.9406825253667677,0.9403493507877368,0.9390388806510197
