game_id,generated_utc,archived_production,market_q,margin_line,total_line,total_line_basis,margin__market_centered__mean,margin__market_centered__sd,margin__corrected__mean,margin__corrected__sd,margin__standalone__mean,margin__standalone__sd,total__market_centered__mean,total__market_centered__sd,total__corrected__mean,total__corrected__sd,total__standalone__mean,total__standalone__sd,production_matched,forecast_additive,margin_total,pass_total,pass_market_total,production_full,direct_margin_corrected
2026_05_BAL_ATL,2026-10-10T13:03:18.705134+00:00,0.7097011510878918,0.6164383561643836,3.5,43.5,"schedule quote, capture time unknown",3.5,12.496663073461637,6.499891723157976,12.592080478974413,7.47722402068225,12.922108112855314,43.5,13.108117878421503,43.77252916755421,13.246287801153064,44.599532619512644,13.574325203608367,0.7082963851344467,0.7001357282108118,0.6990933295050058,0.6950916340787975,0.6961677158585099,0.7097011510878919,0.702614158462428
2026_05_CHI_GB,2026-10-10T13:03:18.705134+00:00,0.49856884026016274,0.4675324675324675,-1.5,46.5,"schedule quote, capture time unknown",-1.5,12.496663073461637,-0.44680235585425065,12.592080478974413,-1.9630637687030692,12.922108112855314,46.5,13.108117878421503,45.89132842592391,13.246287801153064,45.39041021652791,13.574325203608367,0.5017078259416621,0.49296538698014286,0.4936477544453877,0.49382330079440107,0.49215276563393257,0.49856884026016296,0.48539626301381483
2026_05_CIN_MIA,2026-10-10T13:03:18.705134+00:00,0.2579851567969552,0.2522172949002217,-7.0,43.5,"schedule quote, capture time unknown",-7.0,12.496663073461637,-5.3410079851411885,12.592080478974413,-3.1740025773447194,12.922108112855314,43.5,13.108117878421503,42.89482007699757,13.246287801153064,45.164358365989806,13.574325203608367,0.2568587130700423,0.2569102744816147,0.2561045225158963,0.2609352733320432,0.2584071994761145,0.2579851567969551,0.3309539311361668
2026_05_CLE_NYJ,2026-10-10T13:03:18.705134+00:00,0.5438206168822776,0.551441114716549,2.5,39.5,"schedule quote, capture time unknown",2.5,12.496663073461637,3.144865219301054,12.592080478974413,0.38704568430051906,12.922108112855314,39.5,13.108117878421503,41.436636686999925,13.246287801153064,43.84802261585514,13.574325203608367,0.5384410074590846,0.5405070744848226,0.5399393544204352,0.5289665513510166,0.5321908200477458,0.5438206168822776,0.601654288295657
2026_05_DEN_LAC,2026-10-10T13:03:18.705134+00:00,0.41344068614894,0.3690596562184025,-3.5,41.5,"schedule quote, capture time unknown",-3.5,12.496663073461637,-0.4303212762563282,12.592080478974413,3.0100053500050317,12.922108112855314,41.5,13.108117878421503,42.72256603140352,13.246287801153064,40.72576076485983,13.574325203608367,0.4216446903912656,0.4128064774645756,0.4103753706427287,0.40881368798476503,0.412429109419837,0.41344068614893975,0.4859347128770854
2026_05_DET_ARI,2026-10-10T13:03:18.705134+00:00,0.34285279803148805,0.31460674157303364,-5.5,54.5,"schedule quote, capture time unknown",-5.5,12.496663073461637,-4.412983290169469,12.592080478974413,-3.791921238916594,12.922108112855314,54.5,13.108117878421503,55.556407075803136,13.246287801153064,49.75188452867827,13.574325203608367,0.3437865100992419,0.32386371364287214,0.3273409609435648,0.28209596172347323,0.2750148690075258,0.342852798031488,0.35889833032855484
2026_05_HOU_TEN,2026-10-10T13:03:18.705134+00:00,0.2421923744647326,0.2491874322860238,-7.0,38.5,"schedule quote, capture time unknown",-7.0,12.496663073461637,-6.378543812279071,12.592080478974413,-6.164205801778944,12.922108112855314,38.5,13.108117878421503,41.04281422655158,13.246287801153064,44.37894402586981,13.574325203608367,0.24050936880031512,0.2431268007799278,0.2429111143025168,0.24343761110138565,0.2486302857685821,0.24219237446473255,0.30082530801244683
2026_05_IND_PIT,2026-10-10T13:03:18.705134+00:00,0.5401720014638394,0.5720596355604638,3.0,43.5,"schedule quote, capture time unknown",3.0,12.496663073461637,2.544459261766845,12.592080478974413,2.0871825314787342,12.922108112855314,43.5,13.108117878421503,45.404882247781444,13.246287801153064,45.960431542682024,13.574325203608367,0.536100220363244,0.539729326492286,0.5395591362002825,0.538633823445596,0.5422636184712234,0.5401720014638393,0.5825684843755126
2026_05_LV_NE,2026-10-10T13:03:18.705134+00:00,0.611193219968726,0.6309403437815976,3.5,45.5,"schedule quote, capture time unknown",3.5,12.496663073461637,2.9670960113226013,12.592080478974413,3.8545735448345115,12.922108112855314,45.5,13.108117878421503,44.42836466756297,13.246287801153064,42.29562434592796,13.574325203608367,0.6078199038468572,0.6148124212484136,0.6145391393181174,0.6138859063567342,0.6065372397871354,0.6111932199687258,0.5960270949585846
2026_05_MIN_NO,2026-10-10T13:03:18.705134+00:00,0.48200288579085104,0.43650793650793646,-2.5,41.5,"schedule quote, capture time unknown",-2.5,12.496663073461637,-1.5757366612741734,12.592080478974413,0.3629660187964805,12.922108112855314,41.5,13.108117878421503,42.387365504334895,13.246287801153064,39.89448647461834,13.574325203608367,0.4871932576278781,0.49025055047544086,0.48975075575851906,0.49074469327609627,0.4940821698337342,0.48200288579085093,0.44863220868279857
2026_05_NYG_WAS,2026-10-10T13:03:18.705134+00:00,0.576515359233271,0.6037569709421778,3.5,41.5,"schedule quote, capture time unknown",3.5,12.496663073461637,2.5553495545494362,12.592080478974413,-1.5355309643489745,12.922108112855314,41.5,13.108117878421503,43.22103937336998,13.246287801153064,45.43726931087072,13.574325203608367,0.5737992692178633,0.5804978752221973,0.5812144227511611,0.5794061113658563,0.5821644366399829,0.576515359233271,0.5829166062271179
2026_05_PHI_JAX,2026-10-10T13:03:18.705134+00:00,0.7953465162833812,0.7659021045164341,7.5,41.5,"schedule quote, capture time unknown",7.5,12.496663073461637,9.149393561884906,12.592080478974413,10.303109904441763,12.922108112855314,41.5,13.108117878421503,43.08410481724952,13.246287801153064,45.82019592058208,13.574325203608367,0.796150556041365,0.7956413553503474,0.7948999141796758,0.7967092676950283,0.7991896798287645,0.7953465162833812,0.7727237270933202
2026_05_SF_SEA,2026-10-10T13:03:18.705134+00:00,0.9390388806510199,0.593369754159424,3.0,45.5,"schedule quote, capture time unknown",3.0,12.496663073461637,16.734766744624586,12.592080478974413,17.546067108803673,12.922108112855314,45.5,13.108117878421503,47.07748635821561,13.246287801153064,49.46142366693049,13.574325203608367,0.9420337497062466,0.9327413856269102,0.9336531773431878,0.9319968349097895,0.9322580896661379,0.9390388806510197,0.9133174929518735
