target,arm,evaluation_season,evaluation_week,training_games,training_max_season,training_max_week,dispersion_source,dispersion_games,dispersion_max_season,dispersion_max_week
margin,market_centered,2020,1,191,2019,17,prior_market_residual_fallback,191,2019,17
margin,corrected,2020,1,191,2019,17,prior_market_residual_fallback,191,2019,17
margin,standalone,2020,1,191,2019,17,prior_market_residual_fallback,191,2019,17
total,market_centered,2020,1,191,2019,17,prior_market_residual_fallback,191,2019,17
total,corrected,2020,1,191,2019,17,prior_market_residual_fallback,191,2019,17
total,standalone,2020,1,191,2019,17,prior_market_residual_fallback,191,2019,17
margin,market_centered,2020,2,207,2020,1,prior_market_residual_fallback,207,2020,1
margin,corrected,2020,2,207,2020,1,prior_market_residual_fallback,207,2020,1
margin,standalone,2020,2,207,2020,1,prior_market_residual_fallback,207,2020,1
total,market_centered,2020,2,207,2020,1,prior_market_residual_fallback,207,2020,1
total,corrected,2020,2,207,2020,1,prior_market_residual_fallback,207,2020,1
total,standalone,2020,2,207,2020,1,prior_market_residual_fallback,207,2020,1
margin,market_centered,2020,3,223,2020,2,prior_market_residual_fallback,223,2020,2
margin,corrected,2020,3,223,2020,2,prior_market_residual_fallback,223,2020,2
margin,standalone,2020,3,223,2020,2,prior_market_residual_fallback,223,2020,2
total,market_centered,2020,3,223,2020,2,prior_market_residual_fallback,223,2020,2
total,corrected,2020,3,223,2020,2,prior_market_residual_fallback,223,2020,2
total,standalone,2020,3,223,2020,2,prior_market_residual_fallback,223,2020,2
margin,market_centered,2020,4,239,2020,3,prior_market_residual_fallback,239,2020,3
margin,corrected,2020,4,239,2020,3,prior_market_residual_fallback,239,2020,3
margin,standalone,2020,4,239,2020,3,prior_market_residual_fallback,239,2020,3
total,market_centered,2020,4,239,2020,3,prior_market_residual_fallback,239,2020,3
total,corrected,2020,4,239,2020,3,prior_market_residual_fallback,239,2020,3
total,standalone,2020,4,239,2020,3,prior_market_residual_fallback,239,2020,3
margin,market_centered,2020,5,254,2020,4,prior_market_residual_fallback,254,2020,4
margin,corrected,2020,5,254,2020,4,prior_market_residual_fallback,254,2020,4
margin,standalone,2020,5,254,2020,4,prior_market_residual_fallback,254,2020,4
total,market_centered,2020,5,254,2020,4,prior_market_residual_fallback,254,2020,4
total,corrected,2020,5,254,2020,4,prior_market_residual_fallback,254,2020,4
total,standalone,2020,5,254,2020,4,prior_market_residual_fallback,254,2020,4
margin,market_centered,2020,6,268,2020,5,prior_market_residual_fallback,268,2020,5
margin,corrected,2020,6,268,2020,5,prior_market_residual_fallback,268,2020,5
margin,standalone,2020,6,268,2020,5,prior_market_residual_fallback,268,2020,5
total,market_centered,2020,6,268,2020,5,prior_market_residual_fallback,268,2020,5
total,corrected,2020,6,268,2020,5,prior_market_residual_fallback,268,2020,5
total,standalone,2020,6,268,2020,5,prior_market_residual_fallback,268,2020,5
margin,market_centered,2020,7,282,2020,6,prior_weekly_forecast_errors,91,2020,6
margin,corrected,2020,7,282,2020,6,prior_weekly_forecast_errors,91,2020,6
margin,standalone,2020,7,282,2020,6,prior_weekly_forecast_errors,91,2020,6
total,market_centered,2020,7,282,2020,6,prior_weekly_forecast_errors,91,2020,6
total,corrected,2020,7,282,2020,6,prior_weekly_forecast_errors,91,2020,6
total,standalone,2020,7,282,2020,6,prior_weekly_forecast_errors,91,2020,6
margin,market_centered,2020,8,296,2020,7,prior_weekly_forecast_errors,105,2020,7
margin,corrected,2020,8,296,2020,7,prior_weekly_forecast_errors,105,2020,7
margin,standalone,2020,8,296,2020,7,prior_weekly_forecast_errors,105,2020,7
total,market_centered,2020,8,296,2020,7,prior_weekly_forecast_errors,105,2020,7
total,corrected,2020,8,296,2020,7,prior_weekly_forecast_errors,105,2020,7
total,standalone,2020,8,296,2020,7,prior_weekly_forecast_errors,105,2020,7
margin,market_centered,2020,9,310,2020,8,prior_weekly_forecast_errors,119,2020,8
margin,corrected,2020,9,310,2020,8,prior_weekly_forecast_errors,119,2020,8
margin,standalone,2020,9,310,2020,8,prior_weekly_forecast_errors,119,2020,8
total,market_centered,2020,9,310,2020,8,prior_weekly_forecast_errors,119,2020,8
total,corrected,2020,9,310,2020,8,prior_weekly_forecast_errors,119,2020,8
total,standalone,2020,9,310,2020,8,prior_weekly_forecast_errors,119,2020,8
margin,market_centered,2020,10,324,2020,9,prior_weekly_forecast_errors,133,2020,9
margin,corrected,2020,10,324,2020,9,prior_weekly_forecast_errors,133,2020,9
margin,standalone,2020,10,324,2020,9,prior_weekly_forecast_errors,133,2020,9
total,market_centered,2020,10,324,2020,9,prior_weekly_forecast_errors,133,2020,9
total,corrected,2020,10,324,2020,9,prior_weekly_forecast_errors,133,2020,9
total,standalone,2020,10,324,2020,9,prior_weekly_forecast_errors,133,2020,9
margin,market_centered,2020,11,338,2020,10,prior_weekly_forecast_errors,147,2020,10
margin,corrected,2020,11,338,2020,10,prior_weekly_forecast_errors,147,2020,10
margin,standalone,2020,11,338,2020,10,prior_weekly_forecast_errors,147,2020,10
total,market_centered,2020,11,338,2020,10,prior_weekly_forecast_errors,147,2020,10
total,corrected,2020,11,338,2020,10,prior_weekly_forecast_errors,147,2020,10
total,standalone,2020,11,338,2020,10,prior_weekly_forecast_errors,147,2020,10
margin,market_centered,2020,12,352,2020,11,prior_weekly_forecast_errors,161,2020,11
margin,corrected,2020,12,352,2020,11,prior_weekly_forecast_errors,161,2020,11
margin,standalone,2020,12,352,2020,11,prior_weekly_forecast_errors,161,2020,11
total,market_centered,2020,12,352,2020,11,prior_weekly_forecast_errors,161,2020,11
total,corrected,2020,12,352,2020,11,prior_weekly_forecast_errors,161,2020,11
total,standalone,2020,12,352,2020,11,prior_weekly_forecast_errors,161,2020,11
margin,market_centered,2020,13,368,2020,12,prior_weekly_forecast_errors,177,2020,12
margin,corrected,2020,13,368,2020,12,prior_weekly_forecast_errors,177,2020,12
margin,standalone,2020,13,368,2020,12,prior_weekly_forecast_errors,177,2020,12
total,market_centered,2020,13,368,2020,12,prior_weekly_forecast_errors,177,2020,12
total,corrected,2020,13,368,2020,12,prior_weekly_forecast_errors,177,2020,12
total,standalone,2020,13,368,2020,12,prior_weekly_forecast_errors,177,2020,12
margin,market_centered,2020,14,383,2020,13,prior_weekly_forecast_errors,192,2020,13
margin,corrected,2020,14,383,2020,13,prior_weekly_forecast_errors,192,2020,13
margin,standalone,2020,14,383,2020,13,prior_weekly_forecast_errors,192,2020,13
total,market_centered,2020,14,383,2020,13,prior_weekly_forecast_errors,192,2020,13
total,corrected,2020,14,383,2020,13,prior_weekly_forecast_errors,192,2020,13
total,standalone,2020,14,383,2020,13,prior_weekly_forecast_errors,192,2020,13
margin,market_centered,2020,15,399,2020,14,prior_weekly_forecast_errors,208,2020,14
margin,corrected,2020,15,399,2020,14,prior_weekly_forecast_errors,208,2020,14
margin,standalone,2020,15,399,2020,14,prior_weekly_forecast_errors,208,2020,14
total,market_centered,2020,15,399,2020,14,prior_weekly_forecast_errors,208,2020,14
total,corrected,2020,15,399,2020,14,prior_weekly_forecast_errors,208,2020,14
total,standalone,2020,15,399,2020,14,prior_weekly_forecast_errors,208,2020,14
margin,market_centered,2020,16,415,2020,15,prior_weekly_forecast_errors,224,2020,15
margin,corrected,2020,16,415,2020,15,prior_weekly_forecast_errors,224,2020,15
margin,standalone,2020,16,415,2020,15,prior_weekly_forecast_errors,224,2020,15
total,market_centered,2020,16,415,2020,15,prior_weekly_forecast_errors,224,2020,15
total,corrected,2020,16,415,2020,15,prior_weekly_forecast_errors,224,2020,15
total,standalone,2020,16,415,2020,15,prior_weekly_forecast_errors,224,2020,15
margin,market_centered,2020,17,431,2020,16,prior_weekly_forecast_errors,240,2020,16
margin,corrected,2020,17,431,2020,16,prior_weekly_forecast_errors,240,2020,16
margin,standalone,2020,17,431,2020,16,prior_weekly_forecast_errors,240,2020,16
total,market_centered,2020,17,431,2020,16,prior_weekly_forecast_errors,240,2020,16
total,corrected,2020,17,431,2020,16,prior_weekly_forecast_errors,240,2020,16
total,standalone,2020,17,431,2020,16,prior_weekly_forecast_errors,240,2020,16
margin,market_centered,2021,1,447,2020,17,prior_weekly_forecast_errors,256,2020,17
margin,corrected,2021,1,447,2020,17,prior_weekly_forecast_errors,256,2020,17
margin,standalone,2021,1,447,2020,17,prior_weekly_forecast_errors,256,2020,17
total,market_centered,2021,1,447,2020,17,prior_weekly_forecast_errors,256,2020,17
total,corrected,2021,1,447,2020,17,prior_weekly_forecast_errors,256,2020,17
total,standalone,2021,1,447,2020,17,prior_weekly_forecast_errors,256,2020,17
margin,market_centered,2021,2,463,2021,1,prior_weekly_forecast_errors,272,2021,1
margin,corrected,2021,2,463,2021,1,prior_weekly_forecast_errors,272,2021,1
margin,standalone,2021,2,463,2021,1,prior_weekly_forecast_errors,272,2021,1
total,market_centered,2021,2,463,2021,1,prior_weekly_forecast_errors,272,2021,1
total,corrected,2021,2,463,2021,1,prior_weekly_forecast_errors,272,2021,1
total,standalone,2021,2,463,2021,1,prior_weekly_forecast_errors,272,2021,1
margin,market_centered,2021,3,479,2021,2,prior_weekly_forecast_errors,288,2021,2
margin,corrected,2021,3,479,2021,2,prior_weekly_forecast_errors,288,2021,2
margin,standalone,2021,3,479,2021,2,prior_weekly_forecast_errors,288,2021,2
total,market_centered,2021,3,479,2021,2,prior_weekly_forecast_errors,288,2021,2
total,corrected,2021,3,479,2021,2,prior_weekly_forecast_errors,288,2021,2
total,standalone,2021,3,479,2021,2,prior_weekly_forecast_errors,288,2021,2
margin,market_centered,2021,4,495,2021,3,prior_weekly_forecast_errors,304,2021,3
margin,corrected,2021,4,495,2021,3,prior_weekly_forecast_errors,304,2021,3
margin,standalone,2021,4,495,2021,3,prior_weekly_forecast_errors,304,2021,3
total,market_centered,2021,4,495,2021,3,prior_weekly_forecast_errors,304,2021,3
total,corrected,2021,4,495,2021,3,prior_weekly_forecast_errors,304,2021,3
total,standalone,2021,4,495,2021,3,prior_weekly_forecast_errors,304,2021,3
margin,market_centered,2021,5,511,2021,4,prior_weekly_forecast_errors,320,2021,4
margin,corrected,2021,5,511,2021,4,prior_weekly_forecast_errors,320,2021,4
margin,standalone,2021,5,511,2021,4,prior_weekly_forecast_errors,320,2021,4
total,market_centered,2021,5,511,2021,4,prior_weekly_forecast_errors,320,2021,4
total,corrected,2021,5,511,2021,4,prior_weekly_forecast_errors,320,2021,4
total,standalone,2021,5,511,2021,4,prior_weekly_forecast_errors,320,2021,4
margin,market_centered,2021,6,527,2021,5,prior_weekly_forecast_errors,336,2021,5
margin,corrected,2021,6,527,2021,5,prior_weekly_forecast_errors,336,2021,5
margin,standalone,2021,6,527,2021,5,prior_weekly_forecast_errors,336,2021,5
total,market_centered,2021,6,527,2021,5,prior_weekly_forecast_errors,336,2021,5
total,corrected,2021,6,527,2021,5,prior_weekly_forecast_errors,336,2021,5
total,standalone,2021,6,527,2021,5,prior_weekly_forecast_errors,336,2021,5
margin,market_centered,2021,7,541,2021,6,prior_weekly_forecast_errors,350,2021,6
margin,corrected,2021,7,541,2021,6,prior_weekly_forecast_errors,350,2021,6
margin,standalone,2021,7,541,2021,6,prior_weekly_forecast_errors,350,2021,6
total,market_centered,2021,7,541,2021,6,prior_weekly_forecast_errors,350,2021,6
total,corrected,2021,7,541,2021,6,prior_weekly_forecast_errors,350,2021,6
total,standalone,2021,7,541,2021,6,prior_weekly_forecast_errors,350,2021,6
margin,market_centered,2021,8,554,2021,7,prior_weekly_forecast_errors,363,2021,7
margin,corrected,2021,8,554,2021,7,prior_weekly_forecast_errors,363,2021,7
margin,standalone,2021,8,554,2021,7,prior_weekly_forecast_errors,363,2021,7
total,market_centered,2021,8,554,2021,7,prior_weekly_forecast_errors,363,2021,7
total,corrected,2021,8,554,2021,7,prior_weekly_forecast_errors,363,2021,7
total,standalone,2021,8,554,2021,7,prior_weekly_forecast_errors,363,2021,7
margin,market_centered,2021,9,569,2021,8,prior_weekly_forecast_errors,378,2021,8
margin,corrected,2021,9,569,2021,8,prior_weekly_forecast_errors,378,2021,8
margin,standalone,2021,9,569,2021,8,prior_weekly_forecast_errors,378,2021,8
total,market_centered,2021,9,569,2021,8,prior_weekly_forecast_errors,378,2021,8
total,corrected,2021,9,569,2021,8,prior_weekly_forecast_errors,378,2021,8
total,standalone,2021,9,569,2021,8,prior_weekly_forecast_errors,378,2021,8
margin,market_centered,2021,10,583,2021,9,prior_weekly_forecast_errors,392,2021,9
margin,corrected,2021,10,583,2021,9,prior_weekly_forecast_errors,392,2021,9
margin,standalone,2021,10,583,2021,9,prior_weekly_forecast_errors,392,2021,9
total,market_centered,2021,10,583,2021,9,prior_weekly_forecast_errors,392,2021,9
total,corrected,2021,10,583,2021,9,prior_weekly_forecast_errors,392,2021,9
total,standalone,2021,10,583,2021,9,prior_weekly_forecast_errors,392,2021,9
margin,market_centered,2021,11,597,2021,10,prior_weekly_forecast_errors,406,2021,10
margin,corrected,2021,11,597,2021,10,prior_weekly_forecast_errors,406,2021,10
margin,standalone,2021,11,597,2021,10,prior_weekly_forecast_errors,406,2021,10
total,market_centered,2021,11,597,2021,10,prior_weekly_forecast_errors,406,2021,10
total,corrected,2021,11,597,2021,10,prior_weekly_forecast_errors,406,2021,10
total,standalone,2021,11,597,2021,10,prior_weekly_forecast_errors,406,2021,10
margin,market_centered,2021,12,612,2021,11,prior_weekly_forecast_errors,421,2021,11
margin,corrected,2021,12,612,2021,11,prior_weekly_forecast_errors,421,2021,11
margin,standalone,2021,12,612,2021,11,prior_weekly_forecast_errors,421,2021,11
total,market_centered,2021,12,612,2021,11,prior_weekly_forecast_errors,421,2021,11
total,corrected,2021,12,612,2021,11,prior_weekly_forecast_errors,421,2021,11
total,standalone,2021,12,612,2021,11,prior_weekly_forecast_errors,421,2021,11
margin,market_centered,2021,13,627,2021,12,prior_weekly_forecast_errors,436,2021,12
margin,corrected,2021,13,627,2021,12,prior_weekly_forecast_errors,436,2021,12
margin,standalone,2021,13,627,2021,12,prior_weekly_forecast_errors,436,2021,12
total,market_centered,2021,13,627,2021,12,prior_weekly_forecast_errors,436,2021,12
total,corrected,2021,13,627,2021,12,prior_weekly_forecast_errors,436,2021,12
total,standalone,2021,13,627,2021,12,prior_weekly_forecast_errors,436,2021,12
margin,market_centered,2021,14,641,2021,13,prior_weekly_forecast_errors,450,2021,13
margin,corrected,2021,14,641,2021,13,prior_weekly_forecast_errors,450,2021,13
margin,standalone,2021,14,641,2021,13,prior_weekly_forecast_errors,450,2021,13
total,market_centered,2021,14,641,2021,13,prior_weekly_forecast_errors,450,2021,13
total,corrected,2021,14,641,2021,13,prior_weekly_forecast_errors,450,2021,13
total,standalone,2021,14,641,2021,13,prior_weekly_forecast_errors,450,2021,13
margin,market_centered,2021,15,655,2021,14,prior_weekly_forecast_errors,464,2021,14
margin,corrected,2021,15,655,2021,14,prior_weekly_forecast_errors,464,2021,14
margin,standalone,2021,15,655,2021,14,prior_weekly_forecast_errors,464,2021,14
total,market_centered,2021,15,655,2021,14,prior_weekly_forecast_errors,464,2021,14
total,corrected,2021,15,655,2021,14,prior_weekly_forecast_errors,464,2021,14
total,standalone,2021,15,655,2021,14,prior_weekly_forecast_errors,464,2021,14
margin,market_centered,2021,16,671,2021,15,prior_weekly_forecast_errors,480,2021,15
margin,corrected,2021,16,671,2021,15,prior_weekly_forecast_errors,480,2021,15
margin,standalone,2021,16,671,2021,15,prior_weekly_forecast_errors,480,2021,15
total,market_centered,2021,16,671,2021,15,prior_weekly_forecast_errors,480,2021,15
total,corrected,2021,16,671,2021,15,prior_weekly_forecast_errors,480,2021,15
total,standalone,2021,16,671,2021,15,prior_weekly_forecast_errors,480,2021,15
margin,market_centered,2021,17,687,2021,16,prior_weekly_forecast_errors,496,2021,16
margin,corrected,2021,17,687,2021,16,prior_weekly_forecast_errors,496,2021,16
margin,standalone,2021,17,687,2021,16,prior_weekly_forecast_errors,496,2021,16
total,market_centered,2021,17,687,2021,16,prior_weekly_forecast_errors,496,2021,16
total,corrected,2021,17,687,2021,16,prior_weekly_forecast_errors,496,2021,16
total,standalone,2021,17,687,2021,16,prior_weekly_forecast_errors,496,2021,16
margin,market_centered,2021,18,703,2021,17,prior_weekly_forecast_errors,512,2021,17
margin,corrected,2021,18,703,2021,17,prior_weekly_forecast_errors,512,2021,17
margin,standalone,2021,18,703,2021,17,prior_weekly_forecast_errors,512,2021,17
total,market_centered,2021,18,703,2021,17,prior_weekly_forecast_errors,512,2021,17
total,corrected,2021,18,703,2021,17,prior_weekly_forecast_errors,512,2021,17
total,standalone,2021,18,703,2021,17,prior_weekly_forecast_errors,512,2021,17
margin,market_centered,2022,1,719,2021,18,prior_weekly_forecast_errors,528,2021,18
margin,corrected,2022,1,719,2021,18,prior_weekly_forecast_errors,528,2021,18
margin,standalone,2022,1,719,2021,18,prior_weekly_forecast_errors,528,2021,18
total,market_centered,2022,1,719,2021,18,prior_weekly_forecast_errors,528,2021,18
total,corrected,2022,1,719,2021,18,prior_weekly_forecast_errors,528,2021,18
total,standalone,2022,1,719,2021,18,prior_weekly_forecast_errors,528,2021,18
margin,market_centered,2022,2,735,2022,1,prior_weekly_forecast_errors,544,2022,1
margin,corrected,2022,2,735,2022,1,prior_weekly_forecast_errors,544,2022,1
margin,standalone,2022,2,735,2022,1,prior_weekly_forecast_errors,544,2022,1
total,market_centered,2022,2,735,2022,1,prior_weekly_forecast_errors,544,2022,1
total,corrected,2022,2,735,2022,1,prior_weekly_forecast_errors,544,2022,1
total,standalone,2022,2,735,2022,1,prior_weekly_forecast_errors,544,2022,1
margin,market_centered,2022,3,751,2022,2,prior_weekly_forecast_errors,560,2022,2
margin,corrected,2022,3,751,2022,2,prior_weekly_forecast_errors,560,2022,2
margin,standalone,2022,3,751,2022,2,prior_weekly_forecast_errors,560,2022,2
total,market_centered,2022,3,751,2022,2,prior_weekly_forecast_errors,560,2022,2
total,corrected,2022,3,751,2022,2,prior_weekly_forecast_errors,560,2022,2
total,standalone,2022,3,751,2022,2,prior_weekly_forecast_errors,560,2022,2
margin,market_centered,2022,4,767,2022,3,prior_weekly_forecast_errors,576,2022,3
margin,corrected,2022,4,767,2022,3,prior_weekly_forecast_errors,576,2022,3
margin,standalone,2022,4,767,2022,3,prior_weekly_forecast_errors,576,2022,3
total,market_centered,2022,4,767,2022,3,prior_weekly_forecast_errors,576,2022,3
total,corrected,2022,4,767,2022,3,prior_weekly_forecast_errors,576,2022,3
total,standalone,2022,4,767,2022,3,prior_weekly_forecast_errors,576,2022,3
margin,market_centered,2022,5,783,2022,4,prior_weekly_forecast_errors,592,2022,4
margin,corrected,2022,5,783,2022,4,prior_weekly_forecast_errors,592,2022,4
margin,standalone,2022,5,783,2022,4,prior_weekly_forecast_errors,592,2022,4
total,market_centered,2022,5,783,2022,4,prior_weekly_forecast_errors,592,2022,4
total,corrected,2022,5,783,2022,4,prior_weekly_forecast_errors,592,2022,4
total,standalone,2022,5,783,2022,4,prior_weekly_forecast_errors,592,2022,4
margin,market_centered,2022,6,799,2022,5,prior_weekly_forecast_errors,608,2022,5
margin,corrected,2022,6,799,2022,5,prior_weekly_forecast_errors,608,2022,5
margin,standalone,2022,6,799,2022,5,prior_weekly_forecast_errors,608,2022,5
total,market_centered,2022,6,799,2022,5,prior_weekly_forecast_errors,608,2022,5
total,corrected,2022,6,799,2022,5,prior_weekly_forecast_errors,608,2022,5
total,standalone,2022,6,799,2022,5,prior_weekly_forecast_errors,608,2022,5
margin,market_centered,2022,7,813,2022,6,prior_weekly_forecast_errors,622,2022,6
margin,corrected,2022,7,813,2022,6,prior_weekly_forecast_errors,622,2022,6
margin,standalone,2022,7,813,2022,6,prior_weekly_forecast_errors,622,2022,6
total,market_centered,2022,7,813,2022,6,prior_weekly_forecast_errors,622,2022,6
total,corrected,2022,7,813,2022,6,prior_weekly_forecast_errors,622,2022,6
total,standalone,2022,7,813,2022,6,prior_weekly_forecast_errors,622,2022,6
margin,market_centered,2022,8,827,2022,7,prior_weekly_forecast_errors,636,2022,7
margin,corrected,2022,8,827,2022,7,prior_weekly_forecast_errors,636,2022,7
margin,standalone,2022,8,827,2022,7,prior_weekly_forecast_errors,636,2022,7
total,market_centered,2022,8,827,2022,7,prior_weekly_forecast_errors,636,2022,7
total,corrected,2022,8,827,2022,7,prior_weekly_forecast_errors,636,2022,7
total,standalone,2022,8,827,2022,7,prior_weekly_forecast_errors,636,2022,7
margin,market_centered,2022,9,842,2022,8,prior_weekly_forecast_errors,651,2022,8
margin,corrected,2022,9,842,2022,8,prior_weekly_forecast_errors,651,2022,8
margin,standalone,2022,9,842,2022,8,prior_weekly_forecast_errors,651,2022,8
total,market_centered,2022,9,842,2022,8,prior_weekly_forecast_errors,651,2022,8
total,corrected,2022,9,842,2022,8,prior_weekly_forecast_errors,651,2022,8
total,standalone,2022,9,842,2022,8,prior_weekly_forecast_errors,651,2022,8
margin,market_centered,2022,10,855,2022,9,prior_weekly_forecast_errors,664,2022,9
margin,corrected,2022,10,855,2022,9,prior_weekly_forecast_errors,664,2022,9
margin,standalone,2022,10,855,2022,9,prior_weekly_forecast_errors,664,2022,9
total,market_centered,2022,10,855,2022,9,prior_weekly_forecast_errors,664,2022,9
total,corrected,2022,10,855,2022,9,prior_weekly_forecast_errors,664,2022,9
total,standalone,2022,10,855,2022,9,prior_weekly_forecast_errors,664,2022,9
margin,market_centered,2022,11,869,2022,10,prior_weekly_forecast_errors,678,2022,10
margin,corrected,2022,11,869,2022,10,prior_weekly_forecast_errors,678,2022,10
margin,standalone,2022,11,869,2022,10,prior_weekly_forecast_errors,678,2022,10
total,market_centered,2022,11,869,2022,10,prior_weekly_forecast_errors,678,2022,10
total,corrected,2022,11,869,2022,10,prior_weekly_forecast_errors,678,2022,10
total,standalone,2022,11,869,2022,10,prior_weekly_forecast_errors,678,2022,10
margin,market_centered,2022,12,883,2022,11,prior_weekly_forecast_errors,692,2022,11
margin,corrected,2022,12,883,2022,11,prior_weekly_forecast_errors,692,2022,11
margin,standalone,2022,12,883,2022,11,prior_weekly_forecast_errors,692,2022,11
total,market_centered,2022,12,883,2022,11,prior_weekly_forecast_errors,692,2022,11
total,corrected,2022,12,883,2022,11,prior_weekly_forecast_errors,692,2022,11
total,standalone,2022,12,883,2022,11,prior_weekly_forecast_errors,692,2022,11
margin,market_centered,2022,13,899,2022,12,prior_weekly_forecast_errors,708,2022,12
margin,corrected,2022,13,899,2022,12,prior_weekly_forecast_errors,708,2022,12
margin,standalone,2022,13,899,2022,12,prior_weekly_forecast_errors,708,2022,12
total,market_centered,2022,13,899,2022,12,prior_weekly_forecast_errors,708,2022,12
total,corrected,2022,13,899,2022,12,prior_weekly_forecast_errors,708,2022,12
total,standalone,2022,13,899,2022,12,prior_weekly_forecast_errors,708,2022,12
margin,market_centered,2022,14,914,2022,13,prior_weekly_forecast_errors,723,2022,13
margin,corrected,2022,14,914,2022,13,prior_weekly_forecast_errors,723,2022,13
margin,standalone,2022,14,914,2022,13,prior_weekly_forecast_errors,723,2022,13
total,market_centered,2022,14,914,2022,13,prior_weekly_forecast_errors,723,2022,13
total,corrected,2022,14,914,2022,13,prior_weekly_forecast_errors,723,2022,13
total,standalone,2022,14,914,2022,13,prior_weekly_forecast_errors,723,2022,13
margin,market_centered,2022,15,927,2022,14,prior_weekly_forecast_errors,736,2022,14
margin,corrected,2022,15,927,2022,14,prior_weekly_forecast_errors,736,2022,14
margin,standalone,2022,15,927,2022,14,prior_weekly_forecast_errors,736,2022,14
total,market_centered,2022,15,927,2022,14,prior_weekly_forecast_errors,736,2022,14
total,corrected,2022,15,927,2022,14,prior_weekly_forecast_errors,736,2022,14
total,standalone,2022,15,927,2022,14,prior_weekly_forecast_errors,736,2022,14
margin,market_centered,2022,16,943,2022,15,prior_weekly_forecast_errors,752,2022,15
margin,corrected,2022,16,943,2022,15,prior_weekly_forecast_errors,752,2022,15
margin,standalone,2022,16,943,2022,15,prior_weekly_forecast_errors,752,2022,15
total,market_centered,2022,16,943,2022,15,prior_weekly_forecast_errors,752,2022,15
total,corrected,2022,16,943,2022,15,prior_weekly_forecast_errors,752,2022,15
total,standalone,2022,16,943,2022,15,prior_weekly_forecast_errors,752,2022,15
margin,market_centered,2022,17,959,2022,16,prior_weekly_forecast_errors,768,2022,16
margin,corrected,2022,17,959,2022,16,prior_weekly_forecast_errors,768,2022,16
margin,standalone,2022,17,959,2022,16,prior_weekly_forecast_errors,768,2022,16
total,market_centered,2022,17,959,2022,16,prior_weekly_forecast_errors,768,2022,16
total,corrected,2022,17,959,2022,16,prior_weekly_forecast_errors,768,2022,16
total,standalone,2022,17,959,2022,16,prior_weekly_forecast_errors,768,2022,16
margin,market_centered,2022,18,974,2022,17,prior_weekly_forecast_errors,783,2022,17
margin,corrected,2022,18,974,2022,17,prior_weekly_forecast_errors,783,2022,17
margin,standalone,2022,18,974,2022,17,prior_weekly_forecast_errors,783,2022,17
total,market_centered,2022,18,974,2022,17,prior_weekly_forecast_errors,783,2022,17
total,corrected,2022,18,974,2022,17,prior_weekly_forecast_errors,783,2022,17
total,standalone,2022,18,974,2022,17,prior_weekly_forecast_errors,783,2022,17
margin,market_centered,2023,1,990,2022,18,prior_weekly_forecast_errors,799,2022,18
margin,corrected,2023,1,990,2022,18,prior_weekly_forecast_errors,799,2022,18
margin,standalone,2023,1,990,2022,18,prior_weekly_forecast_errors,799,2022,18
total,market_centered,2023,1,990,2022,18,prior_weekly_forecast_errors,799,2022,18
total,corrected,2023,1,990,2022,18,prior_weekly_forecast_errors,799,2022,18
total,standalone,2023,1,990,2022,18,prior_weekly_forecast_errors,799,2022,18
margin,market_centered,2023,2,1006,2023,1,prior_weekly_forecast_errors,815,2023,1
margin,corrected,2023,2,1006,2023,1,prior_weekly_forecast_errors,815,2023,1
margin,standalone,2023,2,1006,2023,1,prior_weekly_forecast_errors,815,2023,1
total,market_centered,2023,2,1006,2023,1,prior_weekly_forecast_errors,815,2023,1
total,corrected,2023,2,1006,2023,1,prior_weekly_forecast_errors,815,2023,1
total,standalone,2023,2,1006,2023,1,prior_weekly_forecast_errors,815,2023,1
margin,market_centered,2023,3,1022,2023,2,prior_weekly_forecast_errors,831,2023,2
margin,corrected,2023,3,1022,2023,2,prior_weekly_forecast_errors,831,2023,2
margin,standalone,2023,3,1022,2023,2,prior_weekly_forecast_errors,831,2023,2
total,market_centered,2023,3,1022,2023,2,prior_weekly_forecast_errors,831,2023,2
total,corrected,2023,3,1022,2023,2,prior_weekly_forecast_errors,831,2023,2
total,standalone,2023,3,1022,2023,2,prior_weekly_forecast_errors,831,2023,2
margin,market_centered,2023,4,1038,2023,3,prior_weekly_forecast_errors,847,2023,3
margin,corrected,2023,4,1038,2023,3,prior_weekly_forecast_errors,847,2023,3
margin,standalone,2023,4,1038,2023,3,prior_weekly_forecast_errors,847,2023,3
total,market_centered,2023,4,1038,2023,3,prior_weekly_forecast_errors,847,2023,3
total,corrected,2023,4,1038,2023,3,prior_weekly_forecast_errors,847,2023,3
total,standalone,2023,4,1038,2023,3,prior_weekly_forecast_errors,847,2023,3
margin,market_centered,2023,5,1054,2023,4,prior_weekly_forecast_errors,863,2023,4
margin,corrected,2023,5,1054,2023,4,prior_weekly_forecast_errors,863,2023,4
margin,standalone,2023,5,1054,2023,4,prior_weekly_forecast_errors,863,2023,4
total,market_centered,2023,5,1054,2023,4,prior_weekly_forecast_errors,863,2023,4
total,corrected,2023,5,1054,2023,4,prior_weekly_forecast_errors,863,2023,4
total,standalone,2023,5,1054,2023,4,prior_weekly_forecast_errors,863,2023,4
margin,market_centered,2023,6,1068,2023,5,prior_weekly_forecast_errors,877,2023,5
margin,corrected,2023,6,1068,2023,5,prior_weekly_forecast_errors,877,2023,5
margin,standalone,2023,6,1068,2023,5,prior_weekly_forecast_errors,877,2023,5
total,market_centered,2023,6,1068,2023,5,prior_weekly_forecast_errors,877,2023,5
total,corrected,2023,6,1068,2023,5,prior_weekly_forecast_errors,877,2023,5
total,standalone,2023,6,1068,2023,5,prior_weekly_forecast_errors,877,2023,5
margin,market_centered,2023,7,1083,2023,6,prior_weekly_forecast_errors,892,2023,6
margin,corrected,2023,7,1083,2023,6,prior_weekly_forecast_errors,892,2023,6
margin,standalone,2023,7,1083,2023,6,prior_weekly_forecast_errors,892,2023,6
total,market_centered,2023,7,1083,2023,6,prior_weekly_forecast_errors,892,2023,6
total,corrected,2023,7,1083,2023,6,prior_weekly_forecast_errors,892,2023,6
total,standalone,2023,7,1083,2023,6,prior_weekly_forecast_errors,892,2023,6
margin,market_centered,2023,8,1096,2023,7,prior_weekly_forecast_errors,905,2023,7
margin,corrected,2023,8,1096,2023,7,prior_weekly_forecast_errors,905,2023,7
margin,standalone,2023,8,1096,2023,7,prior_weekly_forecast_errors,905,2023,7
total,market_centered,2023,8,1096,2023,7,prior_weekly_forecast_errors,905,2023,7
total,corrected,2023,8,1096,2023,7,prior_weekly_forecast_errors,905,2023,7
total,standalone,2023,8,1096,2023,7,prior_weekly_forecast_errors,905,2023,7
margin,market_centered,2023,9,1112,2023,8,prior_weekly_forecast_errors,921,2023,8
margin,corrected,2023,9,1112,2023,8,prior_weekly_forecast_errors,921,2023,8
margin,standalone,2023,9,1112,2023,8,prior_weekly_forecast_errors,921,2023,8
total,market_centered,2023,9,1112,2023,8,prior_weekly_forecast_errors,921,2023,8
total,corrected,2023,9,1112,2023,8,prior_weekly_forecast_errors,921,2023,8
total,standalone,2023,9,1112,2023,8,prior_weekly_forecast_errors,921,2023,8
margin,market_centered,2023,10,1126,2023,9,prior_weekly_forecast_errors,935,2023,9
margin,corrected,2023,10,1126,2023,9,prior_weekly_forecast_errors,935,2023,9
margin,standalone,2023,10,1126,2023,9,prior_weekly_forecast_errors,935,2023,9
total,market_centered,2023,10,1126,2023,9,prior_weekly_forecast_errors,935,2023,9
total,corrected,2023,10,1126,2023,9,prior_weekly_forecast_errors,935,2023,9
total,standalone,2023,10,1126,2023,9,prior_weekly_forecast_errors,935,2023,9
margin,market_centered,2023,11,1140,2023,10,prior_weekly_forecast_errors,949,2023,10
margin,corrected,2023,11,1140,2023,10,prior_weekly_forecast_errors,949,2023,10
margin,standalone,2023,11,1140,2023,10,prior_weekly_forecast_errors,949,2023,10
total,market_centered,2023,11,1140,2023,10,prior_weekly_forecast_errors,949,2023,10
total,corrected,2023,11,1140,2023,10,prior_weekly_forecast_errors,949,2023,10
total,standalone,2023,11,1140,2023,10,prior_weekly_forecast_errors,949,2023,10
margin,market_centered,2023,12,1154,2023,11,prior_weekly_forecast_errors,963,2023,11
margin,corrected,2023,12,1154,2023,11,prior_weekly_forecast_errors,963,2023,11
margin,standalone,2023,12,1154,2023,11,prior_weekly_forecast_errors,963,2023,11
total,market_centered,2023,12,1154,2023,11,prior_weekly_forecast_errors,963,2023,11
total,corrected,2023,12,1154,2023,11,prior_weekly_forecast_errors,963,2023,11
total,standalone,2023,12,1154,2023,11,prior_weekly_forecast_errors,963,2023,11
margin,market_centered,2023,13,1170,2023,12,prior_weekly_forecast_errors,979,2023,12
margin,corrected,2023,13,1170,2023,12,prior_weekly_forecast_errors,979,2023,12
margin,standalone,2023,13,1170,2023,12,prior_weekly_forecast_errors,979,2023,12
total,market_centered,2023,13,1170,2023,12,prior_weekly_forecast_errors,979,2023,12
total,corrected,2023,13,1170,2023,12,prior_weekly_forecast_errors,979,2023,12
total,standalone,2023,13,1170,2023,12,prior_weekly_forecast_errors,979,2023,12
margin,market_centered,2023,14,1183,2023,13,prior_weekly_forecast_errors,992,2023,13
margin,corrected,2023,14,1183,2023,13,prior_weekly_forecast_errors,992,2023,13
margin,standalone,2023,14,1183,2023,13,prior_weekly_forecast_errors,992,2023,13
total,market_centered,2023,14,1183,2023,13,prior_weekly_forecast_errors,992,2023,13
total,corrected,2023,14,1183,2023,13,prior_weekly_forecast_errors,992,2023,13
total,standalone,2023,14,1183,2023,13,prior_weekly_forecast_errors,992,2023,13
margin,market_centered,2023,15,1198,2023,14,prior_weekly_forecast_errors,1007,2023,14
margin,corrected,2023,15,1198,2023,14,prior_weekly_forecast_errors,1007,2023,14
margin,standalone,2023,15,1198,2023,14,prior_weekly_forecast_errors,1007,2023,14
total,market_centered,2023,15,1198,2023,14,prior_weekly_forecast_errors,1007,2023,14
total,corrected,2023,15,1198,2023,14,prior_weekly_forecast_errors,1007,2023,14
total,standalone,2023,15,1198,2023,14,prior_weekly_forecast_errors,1007,2023,14
margin,market_centered,2023,16,1214,2023,15,prior_weekly_forecast_errors,1023,2023,15
margin,corrected,2023,16,1214,2023,15,prior_weekly_forecast_errors,1023,2023,15
margin,standalone,2023,16,1214,2023,15,prior_weekly_forecast_errors,1023,2023,15
total,market_centered,2023,16,1214,2023,15,prior_weekly_forecast_errors,1023,2023,15
total,corrected,2023,16,1214,2023,15,prior_weekly_forecast_errors,1023,2023,15
total,standalone,2023,16,1214,2023,15,prior_weekly_forecast_errors,1023,2023,15
margin,market_centered,2023,17,1230,2023,16,prior_weekly_forecast_errors,1039,2023,16
margin,corrected,2023,17,1230,2023,16,prior_weekly_forecast_errors,1039,2023,16
margin,standalone,2023,17,1230,2023,16,prior_weekly_forecast_errors,1039,2023,16
total,market_centered,2023,17,1230,2023,16,prior_weekly_forecast_errors,1039,2023,16
total,corrected,2023,17,1230,2023,16,prior_weekly_forecast_errors,1039,2023,16
total,standalone,2023,17,1230,2023,16,prior_weekly_forecast_errors,1039,2023,16
margin,market_centered,2023,18,1246,2023,17,prior_weekly_forecast_errors,1055,2023,17
margin,corrected,2023,18,1246,2023,17,prior_weekly_forecast_errors,1055,2023,17
margin,standalone,2023,18,1246,2023,17,prior_weekly_forecast_errors,1055,2023,17
total,market_centered,2023,18,1246,2023,17,prior_weekly_forecast_errors,1055,2023,17
total,corrected,2023,18,1246,2023,17,prior_weekly_forecast_errors,1055,2023,17
total,standalone,2023,18,1246,2023,17,prior_weekly_forecast_errors,1055,2023,17
margin,market_centered,2024,1,1262,2023,18,prior_weekly_forecast_errors,1071,2023,18
margin,corrected,2024,1,1262,2023,18,prior_weekly_forecast_errors,1071,2023,18
margin,standalone,2024,1,1262,2023,18,prior_weekly_forecast_errors,1071,2023,18
total,market_centered,2024,1,1262,2023,18,prior_weekly_forecast_errors,1071,2023,18
total,corrected,2024,1,1262,2023,18,prior_weekly_forecast_errors,1071,2023,18
total,standalone,2024,1,1262,2023,18,prior_weekly_forecast_errors,1071,2023,18
margin,market_centered,2024,2,1278,2024,1,prior_weekly_forecast_errors,1087,2024,1
margin,corrected,2024,2,1278,2024,1,prior_weekly_forecast_errors,1087,2024,1
margin,standalone,2024,2,1278,2024,1,prior_weekly_forecast_errors,1087,2024,1
total,market_centered,2024,2,1278,2024,1,prior_weekly_forecast_errors,1087,2024,1
total,corrected,2024,2,1278,2024,1,prior_weekly_forecast_errors,1087,2024,1
total,standalone,2024,2,1278,2024,1,prior_weekly_forecast_errors,1087,2024,1
margin,market_centered,2024,3,1294,2024,2,prior_weekly_forecast_errors,1103,2024,2
margin,corrected,2024,3,1294,2024,2,prior_weekly_forecast_errors,1103,2024,2
margin,standalone,2024,3,1294,2024,2,prior_weekly_forecast_errors,1103,2024,2
total,market_centered,2024,3,1294,2024,2,prior_weekly_forecast_errors,1103,2024,2
total,corrected,2024,3,1294,2024,2,prior_weekly_forecast_errors,1103,2024,2
total,standalone,2024,3,1294,2024,2,prior_weekly_forecast_errors,1103,2024,2
margin,market_centered,2024,4,1310,2024,3,prior_weekly_forecast_errors,1119,2024,3
margin,corrected,2024,4,1310,2024,3,prior_weekly_forecast_errors,1119,2024,3
margin,standalone,2024,4,1310,2024,3,prior_weekly_forecast_errors,1119,2024,3
total,market_centered,2024,4,1310,2024,3,prior_weekly_forecast_errors,1119,2024,3
total,corrected,2024,4,1310,2024,3,prior_weekly_forecast_errors,1119,2024,3
total,standalone,2024,4,1310,2024,3,prior_weekly_forecast_errors,1119,2024,3
margin,market_centered,2024,5,1326,2024,4,prior_weekly_forecast_errors,1135,2024,4
margin,corrected,2024,5,1326,2024,4,prior_weekly_forecast_errors,1135,2024,4
margin,standalone,2024,5,1326,2024,4,prior_weekly_forecast_errors,1135,2024,4
total,market_centered,2024,5,1326,2024,4,prior_weekly_forecast_errors,1135,2024,4
total,corrected,2024,5,1326,2024,4,prior_weekly_forecast_errors,1135,2024,4
total,standalone,2024,5,1326,2024,4,prior_weekly_forecast_errors,1135,2024,4
margin,market_centered,2024,6,1340,2024,5,prior_weekly_forecast_errors,1149,2024,5
margin,corrected,2024,6,1340,2024,5,prior_weekly_forecast_errors,1149,2024,5
margin,standalone,2024,6,1340,2024,5,prior_weekly_forecast_errors,1149,2024,5
total,market_centered,2024,6,1340,2024,5,prior_weekly_forecast_errors,1149,2024,5
total,corrected,2024,6,1340,2024,5,prior_weekly_forecast_errors,1149,2024,5
total,standalone,2024,6,1340,2024,5,prior_weekly_forecast_errors,1149,2024,5
margin,market_centered,2024,7,1354,2024,6,prior_weekly_forecast_errors,1163,2024,6
margin,corrected,2024,7,1354,2024,6,prior_weekly_forecast_errors,1163,2024,6
margin,standalone,2024,7,1354,2024,6,prior_weekly_forecast_errors,1163,2024,6
total,market_centered,2024,7,1354,2024,6,prior_weekly_forecast_errors,1163,2024,6
total,corrected,2024,7,1354,2024,6,prior_weekly_forecast_errors,1163,2024,6
total,standalone,2024,7,1354,2024,6,prior_weekly_forecast_errors,1163,2024,6
margin,market_centered,2024,8,1369,2024,7,prior_weekly_forecast_errors,1178,2024,7
margin,corrected,2024,8,1369,2024,7,prior_weekly_forecast_errors,1178,2024,7
margin,standalone,2024,8,1369,2024,7,prior_weekly_forecast_errors,1178,2024,7
total,market_centered,2024,8,1369,2024,7,prior_weekly_forecast_errors,1178,2024,7
total,corrected,2024,8,1369,2024,7,prior_weekly_forecast_errors,1178,2024,7
total,standalone,2024,8,1369,2024,7,prior_weekly_forecast_errors,1178,2024,7
margin,market_centered,2024,9,1385,2024,8,prior_weekly_forecast_errors,1194,2024,8
margin,corrected,2024,9,1385,2024,8,prior_weekly_forecast_errors,1194,2024,8
margin,standalone,2024,9,1385,2024,8,prior_weekly_forecast_errors,1194,2024,8
total,market_centered,2024,9,1385,2024,8,prior_weekly_forecast_errors,1194,2024,8
total,corrected,2024,9,1385,2024,8,prior_weekly_forecast_errors,1194,2024,8
total,standalone,2024,9,1385,2024,8,prior_weekly_forecast_errors,1194,2024,8
margin,market_centered,2024,10,1400,2024,9,prior_weekly_forecast_errors,1209,2024,9
margin,corrected,2024,10,1400,2024,9,prior_weekly_forecast_errors,1209,2024,9
margin,standalone,2024,10,1400,2024,9,prior_weekly_forecast_errors,1209,2024,9
total,market_centered,2024,10,1400,2024,9,prior_weekly_forecast_errors,1209,2024,9
total,corrected,2024,10,1400,2024,9,prior_weekly_forecast_errors,1209,2024,9
total,standalone,2024,10,1400,2024,9,prior_weekly_forecast_errors,1209,2024,9
margin,market_centered,2024,11,1414,2024,10,prior_weekly_forecast_errors,1223,2024,10
margin,corrected,2024,11,1414,2024,10,prior_weekly_forecast_errors,1223,2024,10
margin,standalone,2024,11,1414,2024,10,prior_weekly_forecast_errors,1223,2024,10
total,market_centered,2024,11,1414,2024,10,prior_weekly_forecast_errors,1223,2024,10
total,corrected,2024,11,1414,2024,10,prior_weekly_forecast_errors,1223,2024,10
total,standalone,2024,11,1414,2024,10,prior_weekly_forecast_errors,1223,2024,10
margin,market_centered,2024,12,1428,2024,11,prior_weekly_forecast_errors,1237,2024,11
margin,corrected,2024,12,1428,2024,11,prior_weekly_forecast_errors,1237,2024,11
margin,standalone,2024,12,1428,2024,11,prior_weekly_forecast_errors,1237,2024,11
total,market_centered,2024,12,1428,2024,11,prior_weekly_forecast_errors,1237,2024,11
total,corrected,2024,12,1428,2024,11,prior_weekly_forecast_errors,1237,2024,11
total,standalone,2024,12,1428,2024,11,prior_weekly_forecast_errors,1237,2024,11
margin,market_centered,2024,13,1441,2024,12,prior_weekly_forecast_errors,1250,2024,12
margin,corrected,2024,13,1441,2024,12,prior_weekly_forecast_errors,1250,2024,12
margin,standalone,2024,13,1441,2024,12,prior_weekly_forecast_errors,1250,2024,12
total,market_centered,2024,13,1441,2024,12,prior_weekly_forecast_errors,1250,2024,12
total,corrected,2024,13,1441,2024,12,prior_weekly_forecast_errors,1250,2024,12
total,standalone,2024,13,1441,2024,12,prior_weekly_forecast_errors,1250,2024,12
margin,market_centered,2024,14,1457,2024,13,prior_weekly_forecast_errors,1266,2024,13
margin,corrected,2024,14,1457,2024,13,prior_weekly_forecast_errors,1266,2024,13
margin,standalone,2024,14,1457,2024,13,prior_weekly_forecast_errors,1266,2024,13
total,market_centered,2024,14,1457,2024,13,prior_weekly_forecast_errors,1266,2024,13
total,corrected,2024,14,1457,2024,13,prior_weekly_forecast_errors,1266,2024,13
total,standalone,2024,14,1457,2024,13,prior_weekly_forecast_errors,1266,2024,13
margin,market_centered,2024,15,1470,2024,14,prior_weekly_forecast_errors,1279,2024,14
margin,corrected,2024,15,1470,2024,14,prior_weekly_forecast_errors,1279,2024,14
margin,standalone,2024,15,1470,2024,14,prior_weekly_forecast_errors,1279,2024,14
total,market_centered,2024,15,1470,2024,14,prior_weekly_forecast_errors,1279,2024,14
total,corrected,2024,15,1470,2024,14,prior_weekly_forecast_errors,1279,2024,14
total,standalone,2024,15,1470,2024,14,prior_weekly_forecast_errors,1279,2024,14
margin,market_centered,2024,16,1486,2024,15,prior_weekly_forecast_errors,1295,2024,15
margin,corrected,2024,16,1486,2024,15,prior_weekly_forecast_errors,1295,2024,15
margin,standalone,2024,16,1486,2024,15,prior_weekly_forecast_errors,1295,2024,15
total,market_centered,2024,16,1486,2024,15,prior_weekly_forecast_errors,1295,2024,15
total,corrected,2024,16,1486,2024,15,prior_weekly_forecast_errors,1295,2024,15
total,standalone,2024,16,1486,2024,15,prior_weekly_forecast_errors,1295,2024,15
margin,market_centered,2024,17,1502,2024,16,prior_weekly_forecast_errors,1311,2024,16
margin,corrected,2024,17,1502,2024,16,prior_weekly_forecast_errors,1311,2024,16
margin,standalone,2024,17,1502,2024,16,prior_weekly_forecast_errors,1311,2024,16
total,market_centered,2024,17,1502,2024,16,prior_weekly_forecast_errors,1311,2024,16
total,corrected,2024,17,1502,2024,16,prior_weekly_forecast_errors,1311,2024,16
total,standalone,2024,17,1502,2024,16,prior_weekly_forecast_errors,1311,2024,16
margin,market_centered,2024,18,1518,2024,17,prior_weekly_forecast_errors,1327,2024,17
margin,corrected,2024,18,1518,2024,17,prior_weekly_forecast_errors,1327,2024,17
margin,standalone,2024,18,1518,2024,17,prior_weekly_forecast_errors,1327,2024,17
total,market_centered,2024,18,1518,2024,17,prior_weekly_forecast_errors,1327,2024,17
total,corrected,2024,18,1518,2024,17,prior_weekly_forecast_errors,1327,2024,17
total,standalone,2024,18,1518,2024,17,prior_weekly_forecast_errors,1327,2024,17
margin,market_centered,2025,1,1534,2024,18,prior_weekly_forecast_errors,1343,2024,18
margin,corrected,2025,1,1534,2024,18,prior_weekly_forecast_errors,1343,2024,18
margin,standalone,2025,1,1534,2024,18,prior_weekly_forecast_errors,1343,2024,18
total,market_centered,2025,1,1534,2024,18,prior_weekly_forecast_errors,1343,2024,18
total,corrected,2025,1,1534,2024,18,prior_weekly_forecast_errors,1343,2024,18
total,standalone,2025,1,1534,2024,18,prior_weekly_forecast_errors,1343,2024,18
margin,market_centered,2025,2,1550,2025,1,prior_weekly_forecast_errors,1359,2025,1
margin,corrected,2025,2,1550,2025,1,prior_weekly_forecast_errors,1359,2025,1
margin,standalone,2025,2,1550,2025,1,prior_weekly_forecast_errors,1359,2025,1
total,market_centered,2025,2,1550,2025,1,prior_weekly_forecast_errors,1359,2025,1
total,corrected,2025,2,1550,2025,1,prior_weekly_forecast_errors,1359,2025,1
total,standalone,2025,2,1550,2025,1,prior_weekly_forecast_errors,1359,2025,1
margin,market_centered,2025,3,1566,2025,2,prior_weekly_forecast_errors,1375,2025,2
margin,corrected,2025,3,1566,2025,2,prior_weekly_forecast_errors,1375,2025,2
margin,standalone,2025,3,1566,2025,2,prior_weekly_forecast_errors,1375,2025,2
total,market_centered,2025,3,1566,2025,2,prior_weekly_forecast_errors,1375,2025,2
total,corrected,2025,3,1566,2025,2,prior_weekly_forecast_errors,1375,2025,2
total,standalone,2025,3,1566,2025,2,prior_weekly_forecast_errors,1375,2025,2
margin,market_centered,2025,4,1582,2025,3,prior_weekly_forecast_errors,1391,2025,3
margin,corrected,2025,4,1582,2025,3,prior_weekly_forecast_errors,1391,2025,3
margin,standalone,2025,4,1582,2025,3,prior_weekly_forecast_errors,1391,2025,3
total,market_centered,2025,4,1582,2025,3,prior_weekly_forecast_errors,1391,2025,3
total,corrected,2025,4,1582,2025,3,prior_weekly_forecast_errors,1391,2025,3
total,standalone,2025,4,1582,2025,3,prior_weekly_forecast_errors,1391,2025,3
margin,market_centered,2025,5,1598,2025,4,prior_weekly_forecast_errors,1407,2025,4
margin,corrected,2025,5,1598,2025,4,prior_weekly_forecast_errors,1407,2025,4
margin,standalone,2025,5,1598,2025,4,prior_weekly_forecast_errors,1407,2025,4
total,market_centered,2025,5,1598,2025,4,prior_weekly_forecast_errors,1407,2025,4
total,corrected,2025,5,1598,2025,4,prior_weekly_forecast_errors,1407,2025,4
total,standalone,2025,5,1598,2025,4,prior_weekly_forecast_errors,1407,2025,4
margin,market_centered,2025,6,1612,2025,5,prior_weekly_forecast_errors,1421,2025,5
margin,corrected,2025,6,1612,2025,5,prior_weekly_forecast_errors,1421,2025,5
margin,standalone,2025,6,1612,2025,5,prior_weekly_forecast_errors,1421,2025,5
total,market_centered,2025,6,1612,2025,5,prior_weekly_forecast_errors,1421,2025,5
total,corrected,2025,6,1612,2025,5,prior_weekly_forecast_errors,1421,2025,5
total,standalone,2025,6,1612,2025,5,prior_weekly_forecast_errors,1421,2025,5
margin,market_centered,2025,7,1627,2025,6,prior_weekly_forecast_errors,1436,2025,6
margin,corrected,2025,7,1627,2025,6,prior_weekly_forecast_errors,1436,2025,6
margin,standalone,2025,7,1627,2025,6,prior_weekly_forecast_errors,1436,2025,6
total,market_centered,2025,7,1627,2025,6,prior_weekly_forecast_errors,1436,2025,6
total,corrected,2025,7,1627,2025,6,prior_weekly_forecast_errors,1436,2025,6
total,standalone,2025,7,1627,2025,6,prior_weekly_forecast_errors,1436,2025,6
margin,market_centered,2025,8,1642,2025,7,prior_weekly_forecast_errors,1451,2025,7
margin,corrected,2025,8,1642,2025,7,prior_weekly_forecast_errors,1451,2025,7
margin,standalone,2025,8,1642,2025,7,prior_weekly_forecast_errors,1451,2025,7
total,market_centered,2025,8,1642,2025,7,prior_weekly_forecast_errors,1451,2025,7
total,corrected,2025,8,1642,2025,7,prior_weekly_forecast_errors,1451,2025,7
total,standalone,2025,8,1642,2025,7,prior_weekly_forecast_errors,1451,2025,7
margin,market_centered,2025,9,1655,2025,8,prior_weekly_forecast_errors,1464,2025,8
margin,corrected,2025,9,1655,2025,8,prior_weekly_forecast_errors,1464,2025,8
margin,standalone,2025,9,1655,2025,8,prior_weekly_forecast_errors,1464,2025,8
total,market_centered,2025,9,1655,2025,8,prior_weekly_forecast_errors,1464,2025,8
total,corrected,2025,9,1655,2025,8,prior_weekly_forecast_errors,1464,2025,8
total,standalone,2025,9,1655,2025,8,prior_weekly_forecast_errors,1464,2025,8
margin,market_centered,2025,10,1669,2025,9,prior_weekly_forecast_errors,1478,2025,9
margin,corrected,2025,10,1669,2025,9,prior_weekly_forecast_errors,1478,2025,9
margin,standalone,2025,10,1669,2025,9,prior_weekly_forecast_errors,1478,2025,9
total,market_centered,2025,10,1669,2025,9,prior_weekly_forecast_errors,1478,2025,9
total,corrected,2025,10,1669,2025,9,prior_weekly_forecast_errors,1478,2025,9
total,standalone,2025,10,1669,2025,9,prior_weekly_forecast_errors,1478,2025,9
margin,market_centered,2025,11,1683,2025,10,prior_weekly_forecast_errors,1492,2025,10
margin,corrected,2025,11,1683,2025,10,prior_weekly_forecast_errors,1492,2025,10
margin,standalone,2025,11,1683,2025,10,prior_weekly_forecast_errors,1492,2025,10
total,market_centered,2025,11,1683,2025,10,prior_weekly_forecast_errors,1492,2025,10
total,corrected,2025,11,1683,2025,10,prior_weekly_forecast_errors,1492,2025,10
total,standalone,2025,11,1683,2025,10,prior_weekly_forecast_errors,1492,2025,10
margin,market_centered,2025,12,1698,2025,11,prior_weekly_forecast_errors,1507,2025,11
margin,corrected,2025,12,1698,2025,11,prior_weekly_forecast_errors,1507,2025,11
margin,standalone,2025,12,1698,2025,11,prior_weekly_forecast_errors,1507,2025,11
total,market_centered,2025,12,1698,2025,11,prior_weekly_forecast_errors,1507,2025,11
total,corrected,2025,12,1698,2025,11,prior_weekly_forecast_errors,1507,2025,11
total,standalone,2025,12,1698,2025,11,prior_weekly_forecast_errors,1507,2025,11
margin,market_centered,2025,13,1712,2025,12,prior_weekly_forecast_errors,1521,2025,12
margin,corrected,2025,13,1712,2025,12,prior_weekly_forecast_errors,1521,2025,12
margin,standalone,2025,13,1712,2025,12,prior_weekly_forecast_errors,1521,2025,12
total,market_centered,2025,13,1712,2025,12,prior_weekly_forecast_errors,1521,2025,12
total,corrected,2025,13,1712,2025,12,prior_weekly_forecast_errors,1521,2025,12
total,standalone,2025,13,1712,2025,12,prior_weekly_forecast_errors,1521,2025,12
margin,market_centered,2025,14,1728,2025,13,prior_weekly_forecast_errors,1537,2025,13
margin,corrected,2025,14,1728,2025,13,prior_weekly_forecast_errors,1537,2025,13
margin,standalone,2025,14,1728,2025,13,prior_weekly_forecast_errors,1537,2025,13
total,market_centered,2025,14,1728,2025,13,prior_weekly_forecast_errors,1537,2025,13
total,corrected,2025,14,1728,2025,13,prior_weekly_forecast_errors,1537,2025,13
total,standalone,2025,14,1728,2025,13,prior_weekly_forecast_errors,1537,2025,13
margin,market_centered,2025,15,1742,2025,14,prior_weekly_forecast_errors,1551,2025,14
margin,corrected,2025,15,1742,2025,14,prior_weekly_forecast_errors,1551,2025,14
margin,standalone,2025,15,1742,2025,14,prior_weekly_forecast_errors,1551,2025,14
total,market_centered,2025,15,1742,2025,14,prior_weekly_forecast_errors,1551,2025,14
total,corrected,2025,15,1742,2025,14,prior_weekly_forecast_errors,1551,2025,14
total,standalone,2025,15,1742,2025,14,prior_weekly_forecast_errors,1551,2025,14
margin,market_centered,2025,16,1758,2025,15,prior_weekly_forecast_errors,1567,2025,15
margin,corrected,2025,16,1758,2025,15,prior_weekly_forecast_errors,1567,2025,15
margin,standalone,2025,16,1758,2025,15,prior_weekly_forecast_errors,1567,2025,15
total,market_centered,2025,16,1758,2025,15,prior_weekly_forecast_errors,1567,2025,15
total,corrected,2025,16,1758,2025,15,prior_weekly_forecast_errors,1567,2025,15
total,standalone,2025,16,1758,2025,15,prior_weekly_forecast_errors,1567,2025,15
margin,market_centered,2025,17,1774,2025,16,prior_weekly_forecast_errors,1583,2025,16
margin,corrected,2025,17,1774,2025,16,prior_weekly_forecast_errors,1583,2025,16
margin,standalone,2025,17,1774,2025,16,prior_weekly_forecast_errors,1583,2025,16
total,market_centered,2025,17,1774,2025,16,prior_weekly_forecast_errors,1583,2025,16
total,corrected,2025,17,1774,2025,16,prior_weekly_forecast_errors,1583,2025,16
total,standalone,2025,17,1774,2025,16,prior_weekly_forecast_errors,1583,2025,16
margin,market_centered,2025,18,1790,2025,17,prior_weekly_forecast_errors,1599,2025,17
margin,corrected,2025,18,1790,2025,17,prior_weekly_forecast_errors,1599,2025,17
margin,standalone,2025,18,1790,2025,17,prior_weekly_forecast_errors,1599,2025,17
total,market_centered,2025,18,1790,2025,17,prior_weekly_forecast_errors,1599,2025,17
total,corrected,2025,18,1790,2025,17,prior_weekly_forecast_errors,1599,2025,17
total,standalone,2025,18,1790,2025,17,prior_weekly_forecast_errors,1599,2025,17
margin,market_centered,2026,1,1806,2025,18,prior_weekly_forecast_errors,1615,2025,18
margin,corrected,2026,1,1806,2025,18,prior_weekly_forecast_errors,1615,2025,18
margin,standalone,2026,1,1806,2025,18,prior_weekly_forecast_errors,1615,2025,18
total,market_centered,2026,1,1806,2025,18,prior_weekly_forecast_errors,1615,2025,18
total,corrected,2026,1,1806,2025,18,prior_weekly_forecast_errors,1615,2025,18
total,standalone,2026,1,1806,2025,18,prior_weekly_forecast_errors,1615,2025,18
margin,market_centered,2026,2,1822,2026,1,prior_weekly_forecast_errors,1631,2026,1
margin,corrected,2026,2,1822,2026,1,prior_weekly_forecast_errors,1631,2026,1
margin,standalone,2026,2,1822,2026,1,prior_weekly_forecast_errors,1631,2026,1
total,market_centered,2026,2,1822,2026,1,prior_weekly_forecast_errors,1631,2026,1
total,corrected,2026,2,1822,2026,1,prior_weekly_forecast_errors,1631,2026,1
total,standalone,2026,2,1822,2026,1,prior_weekly_forecast_errors,1631,2026,1
margin,market_centered,2026,3,1838,2026,2,prior_weekly_forecast_errors,1647,2026,2
margin,corrected,2026,3,1838,2026,2,prior_weekly_forecast_errors,1647,2026,2
margin,standalone,2026,3,1838,2026,2,prior_weekly_forecast_errors,1647,2026,2
total,market_centered,2026,3,1838,2026,2,prior_weekly_forecast_errors,1647,2026,2
total,corrected,2026,3,1838,2026,2,prior_weekly_forecast_errors,1647,2026,2
total,standalone,2026,3,1838,2026,2,prior_weekly_forecast_errors,1647,2026,2
margin,market_centered,2026,4,1854,2026,3,prior_weekly_forecast_errors,1663,2026,3
margin,corrected,2026,4,1854,2026,3,prior_weekly_forecast_errors,1663,2026,3
margin,standalone,2026,4,1854,2026,3,prior_weekly_forecast_errors,1663,2026,3
total,market_centered,2026,4,1854,2026,3,prior_weekly_forecast_errors,1663,2026,3
total,corrected,2026,4,1854,2026,3,prior_weekly_forecast_errors,1663,2026,3
total,standalone,2026,4,1854,2026,3,prior_weekly_forecast_errors,1663,2026,3
margin,market_centered,2026,5,1870,2026,4,prior_weekly_forecast_errors,1679,2026,4
margin,corrected,2026,5,1870,2026,4,prior_weekly_forecast_errors,1679,2026,4
margin,standalone,2026,5,1870,2026,4,prior_weekly_forecast_errors,1679,2026,4
total,market_centered,2026,5,1870,2026,4,prior_weekly_forecast_errors,1679,2026,4
total,corrected,2026,5,1870,2026,4,prior_weekly_forecast_errors,1679,2026,4
total,standalone,2026,5,1870,2026,4,prior_weekly_forecast_errors,1679,2026,4
