game_id,generated_utc,archived_probability,market_only,with_market,without_market
2026_05_BAL_ATL,2026-10-10T13:03:18.705134+00:00,0.7097011510878918,0.6164383561643836,0.7097011510878919,0.6988296693465914
2026_05_CHI_GB,2026-10-10T13:03:18.705134+00:00,0.49856884026016274,0.4675324675324675,0.49856884026016296,0.430772575685173
2026_05_CIN_MIA,2026-10-10T13:03:18.705134+00:00,0.2579851567969552,0.2522172949002217,0.2579851567969551,0.37060881215917363
2026_05_CLE_NYJ,2026-10-10T13:03:18.705134+00:00,0.5438206168822776,0.551441114716549,0.5438206168822776,0.4851248844557772
2026_05_DEN_LAC,2026-10-10T13:03:18.705134+00:00,0.41344068614894,0.3690596562184025,0.41344068614893964,0.5409036298416073
2026_05_DET_ARI,2026-10-10T13:03:18.705134+00:00,0.34285279803148805,0.31460674157303364,0.342852798031488,0.3752139558375329
2026_05_HOU_TEN,2026-10-10T13:03:18.705134+00:00,0.2421923744647326,0.2491874322860238,0.2421923744647325,0.29993529821113435
2026_05_IND_PIT,2026-10-10T13:03:18.705134+00:00,0.5401720014638394,0.5720596355604638,0.5401720014638393,0.54983112163572
2026_05_LV_NE,2026-10-10T13:03:18.705134+00:00,0.611193219968726,0.6309403437815976,0.6111932199687258,0.6215634484823933
2026_05_MIN_NO,2026-10-10T13:03:18.705134+00:00,0.48200288579085104,0.43650793650793646,0.48200288579085104,0.5124467685222769
2026_05_NYG_WAS,2026-10-10T13:03:18.705134+00:00,0.576515359233271,0.6037569709421778,0.576515359233271,0.45508039507209286
2026_05_PHI_JAX,2026-10-10T13:03:18.705134+00:00,0.7953465162833812,0.7659021045164341,0.7953465162833812,0.7784400362107367
2026_05_SF_SEA,2026-10-10T13:03:18.705134+00:00,0.9390388806510199,0.593369754159424,0.9390388806510197,0.9369450248650151
