arm,evaluation_season,evaluation_week,training_games,training_max_season,training_max_week,market_offset
with_market,2023,1,986,2022,18,True
without_market,2023,1,986,2022,18,False
with_market,2023,2,1002,2023,1,True
without_market,2023,2,1002,2023,1,False
with_market,2023,3,1018,2023,2,True
without_market,2023,3,1018,2023,2,False
with_market,2023,4,1034,2023,3,True
without_market,2023,4,1034,2023,3,False
with_market,2023,5,1050,2023,4,True
without_market,2023,5,1050,2023,4,False
with_market,2023,6,1064,2023,5,True
without_market,2023,6,1064,2023,5,False
with_market,2023,7,1079,2023,6,True
without_market,2023,7,1079,2023,6,False
with_market,2023,8,1092,2023,7,True
without_market,2023,8,1092,2023,7,False
with_market,2023,9,1108,2023,8,True
without_market,2023,9,1108,2023,8,False
with_market,2023,10,1122,2023,9,True
without_market,2023,10,1122,2023,9,False
with_market,2023,11,1136,2023,10,True
without_market,2023,11,1136,2023,10,False
with_market,2023,12,1150,2023,11,True
without_market,2023,12,1150,2023,11,False
with_market,2023,13,1166,2023,12,True
without_market,2023,13,1166,2023,12,False
with_market,2023,14,1179,2023,13,True
without_market,2023,14,1179,2023,13,False
with_market,2023,15,1194,2023,14,True
without_market,2023,15,1194,2023,14,False
with_market,2023,16,1210,2023,15,True
without_market,2023,16,1210,2023,15,False
with_market,2023,17,1226,2023,16,True
without_market,2023,17,1226,2023,16,False
with_market,2023,18,1242,2023,17,True
without_market,2023,18,1242,2023,17,False
with_market,2024,1,1258,2023,18,True
without_market,2024,1,1258,2023,18,False
with_market,2024,2,1274,2024,1,True
without_market,2024,2,1274,2024,1,False
with_market,2024,3,1290,2024,2,True
without_market,2024,3,1290,2024,2,False
with_market,2024,4,1306,2024,3,True
without_market,2024,4,1306,2024,3,False
with_market,2024,5,1322,2024,4,True
without_market,2024,5,1322,2024,4,False
with_market,2024,6,1336,2024,5,True
without_market,2024,6,1336,2024,5,False
with_market,2024,7,1350,2024,6,True
without_market,2024,7,1350,2024,6,False
with_market,2024,8,1365,2024,7,True
without_market,2024,8,1365,2024,7,False
with_market,2024,9,1381,2024,8,True
without_market,2024,9,1381,2024,8,False
with_market,2024,10,1396,2024,9,True
without_market,2024,10,1396,2024,9,False
with_market,2024,11,1410,2024,10,True
without_market,2024,11,1410,2024,10,False
with_market,2024,12,1424,2024,11,True
without_market,2024,12,1424,2024,11,False
with_market,2024,13,1437,2024,12,True
without_market,2024,13,1437,2024,12,False
with_market,2024,14,1453,2024,13,True
without_market,2024,14,1453,2024,13,False
with_market,2024,15,1466,2024,14,True
without_market,2024,15,1466,2024,14,False
with_market,2024,16,1482,2024,15,True
without_market,2024,16,1482,2024,15,False
with_market,2024,17,1498,2024,16,True
without_market,2024,17,1498,2024,16,False
with_market,2024,18,1514,2024,17,True
without_market,2024,18,1514,2024,17,False
with_market,2025,1,1530,2024,18,True
without_market,2025,1,1530,2024,18,False
with_market,2025,2,1546,2025,1,True
without_market,2025,2,1546,2025,1,False
with_market,2025,3,1562,2025,2,True
without_market,2025,3,1562,2025,2,False
with_market,2025,4,1578,2025,3,True
without_market,2025,4,1578,2025,3,False
with_market,2025,5,1593,2025,4,True
without_market,2025,5,1593,2025,4,False
with_market,2025,6,1607,2025,5,True
without_market,2025,6,1607,2025,5,False
with_market,2025,7,1622,2025,6,True
without_market,2025,7,1622,2025,6,False
with_market,2025,8,1637,2025,7,True
without_market,2025,8,1637,2025,7,False
with_market,2025,9,1650,2025,8,True
without_market,2025,9,1650,2025,8,False
with_market,2025,10,1664,2025,9,True
without_market,2025,10,1664,2025,9,False
with_market,2025,11,1678,2025,10,True
without_market,2025,11,1678,2025,10,False
with_market,2025,12,1693,2025,11,True
without_market,2025,12,1693,2025,11,False
with_market,2025,13,1707,2025,12,True
without_market,2025,13,1707,2025,12,False
with_market,2025,14,1723,2025,13,True
without_market,2025,14,1723,2025,13,False
with_market,2025,15,1737,2025,14,True
without_market,2025,15,1737,2025,14,False
with_market,2025,16,1753,2025,15,True
without_market,2025,16,1753,2025,15,False
with_market,2025,17,1769,2025,16,True
without_market,2025,17,1769,2025,16,False
with_market,2025,18,1785,2025,17,True
without_market,2025,18,1785,2025,17,False
