game_id,season,week,home,away,home won,result,spread_line,home_moneyline,away_moneyline,q,ho,ad,ao,hd,fixed_market_product,context_probability,arm,incremental_units
2023_11_PIT_CLE,2023,11,CLE,PIT,1.0,3,2.5,-142,120,0.5634920634920635,-1.1164119979612972,0.4332371233098074,-0.9471115680565452,-0.9867631145547974,0.4974221437479748,0.5232281334669522,hinge_0.5,1.704225352112676
2023_14_BUF_KC,2023,14,KC,BUF,0.0,-3,2.0,-125,105,0.5324675324675325,1.0469426160513629,-0.8492967889970277,1.244690876803945,-1.176467727531462,0.5009880484137927,0.49356988714590305,hinge_0.5,2.05
2024_06_BUF_NYJ,2024,6,NYJ,BUF,0.0,-3,-1.0,102,-122,0.4739134147382802,-1.927697079892989,-1.0801435974171714,0.8765833099449184,-2.2426211279022144,0.514764524420768,0.4931679366868982,hinge_0.5,1.819672131147541
2024_08_ARI_MIA,2024,8,MIA,ARI,0.0,-1,4.0,-198,164,0.6369041816941223,0.370957849634227,1.7696399499313673,-0.517737804617329,-0.2575248010441467,0.5029246403015096,0.4964117580322218,hinge_0.5,2.6399999999999997
2025_01_DET_GB,2025,1,GB,DET,1.0,14,1.5,-120,100,0.5217391304347826,1.4533691958261794,0.8413154999215254,1.7824648523112705,-0.1317146807142502,0.5226678354488394,0.4850983200083849,hinge_0.5,-1.8333333333333335
2025_07_ATL_SF,2025,7,SF,ATL,1.0,10,1.5,-115,-105,0.5108342361863488,1.5548205440995282,-0.8112863100149534,0.8336316864715503,0.07964484741031659,0.5186273215830074,0.49840386887001653,hinge_0.5,-1.8695652173913042
2025_07_LA_JAX,2025,7,JAX,LA,0.0,-28,-3.0,140,-166,0.4003612281757977,-0.4630773770021499,-0.615247460112122,1.14185266034141,1.3129640918906464,0.4497842215274835,0.5023567346594232,hinge_0.5,-1.6024096385542168
2025_11_LAC_JAX,2025,11,JAX,LAC,1.0,29,-3.0,130,-155,0.4170073589533933,-0.7662417292491384,-1.2885568124152893,0.1539247059479792,1.0135967278176183,0.5005632963000146,0.4967383912621637,hinge_0.5,-2.3
2025_13_GB_DET,2025,13,DET,GB,0.0,-7,2.5,-155,130,0.5829926410466066,1.4487423564520945,-1.518306563199667,1.2862847207667483,0.31052148174708816,0.5706021371883633,0.4994806493763322,hinge_0.5,2.3
2025_14_PHI_LAC,2025,14,LAC,PHI,1.0,3,-1.5,100,-120,0.4782608695652174,-0.10593458607611225,-0.7963707216569105,0.4263011670339184,-1.3021947316503024,0.5012570134899652,0.4949517597350898,hinge_0.5,-2.0
2025_17_BAL_GB,2025,17,GB,BAL,0.0,-17,2.5,-142,120,0.5634920634920635,1.3630832746228554,-0.031226616284707777,0.7426947320074644,-0.643815997812286,0.5001555105073447,0.4996773792435687,hinge_0.5,2.2
2023_11_PIT_CLE,2023,11,CLE,PIT,1.0,3,2.5,-142,120,0.5634920634920635,-1.1164119979612972,0.4332371233098074,-0.9471115680565452,-0.9867631145547974,0.4974221437479748,0.5236151027686163,hinge_1,1.704225352112676
2023_14_BUF_KC,2023,14,KC,BUF,0.0,-3,2.0,-125,105,0.5324675324675325,1.0469426160513629,-0.8492967889970277,1.244690876803945,-1.176467727531462,0.5009880484137927,0.49337948847989216,hinge_1,2.05
2024_01_NYJ_SF,2024,1,SF,NYJ,1.0,13,3.5,-180,150,0.6164383561643836,2.5637774317240902,-1.5675930484634562,-2.0651068900880967,-0.7720234652366075,0.5289550747090831,0.3455775291149628,hinge_1,-1.5555555555555556
2024_06_BUF_NYJ,2024,6,NYJ,BUF,0.0,-3,-1.0,102,-122,0.4739134147382802,-1.927697079892989,-1.0801435974171714,0.8765833099449184,-2.2426211279022144,0.514764524420768,0.4853389717370692,hinge_1,1.819672131147541
2024_08_ARI_MIA,2024,8,MIA,ARI,0.0,-1,4.0,-198,164,0.6369041816941223,0.370957849634227,1.7696399499313673,-0.517737804617329,-0.2575248010441467,0.5029246403015096,0.49861491200162966,hinge_1,2.6399999999999997
2024_13_PHI_BAL,2024,13,BAL,PHI,0.0,-5,3.0,-162,136,0.593369754159424,2.348532607655086,-1.4724855315328593,0.8610691344040813,-0.043511573461175436,0.5786127317282578,0.4670221294353948,hinge_1,2.3600000000000003
2025_11_LAC_JAX,2025,11,JAX,LAC,1.0,29,-3.0,130,-155,0.4170073589533933,-0.7662417292491384,-1.2885568124152893,0.1539247059479792,1.0135967278176183,0.5005632963000146,0.4924454589553763,hinge_1,-2.3
2025_14_PHI_LAC,2025,14,LAC,PHI,1.0,3,-1.5,100,-120,0.4782608695652174,-0.10593458607611225,-0.7963707216569105,0.4263011670339184,-1.3021947316503024,0.5012570134899652,0.4909290933048078,hinge_1,-2.0
2025_17_BAL_GB,2025,17,GB,BAL,0.0,-17,2.5,-142,120,0.5634920634920635,1.3630832746228554,-0.031226616284707777,0.7426947320074644,-0.643815997812286,0.5001555105073447,0.49229888653084214,hinge_1,2.2
2023_14_JAX_CLE,2023,14,CLE,JAX,1.0,4,2.5,-142,120,0.5634920634920635,-1.597707557304412,0.766014167095598,0.6568346961298712,-1.050737543557122,0.5036042525351629,0.49792236466340606,hinge_1.5,-1.704225352112676
2023_15_CHI_CLE,2023,15,CLE,CHI,1.0,3,3.0,-148,124,0.5720596355604638,-1.4076314657715776,0.3084200646113665,-0.963118383560777,-1.283945432082413,0.5042596194570307,0.49493062329913984,hinge_1.5,-1.6756756756756757
2023_15_NYJ_MIA,2023,15,MIA,NYJ,1.0,30,7.5,-345,275,0.7440690150970525,2.106853585330753,-1.6457872692961928,-1.984758797466862,-0.5704378885524638,0.718837220262401,0.4615856533861767,hinge_1.5,-1.289855072463768
2023_16_BAL_SF,2023,16,SF,BAL,0.0,-14,6.5,-345,275,0.7440690150970525,3.5525390520072064,-1.906167353853673,0.44112116044596505,-0.9300772016750234,0.735018843736003,0.22432996261893176,hinge_1.5,3.75
2023_16_WAS_NYJ,2023,16,NYJ,WAS,1.0,2,3.0,-166,140,0.5996387718242023,-2.3307995364499208,1.4325491133296104,-0.865374629795521,-1.4309406917459826,0.5148862254462467,0.4891511584510913,hinge_1.5,-1.6024096385542168
2024_06_BUF_NYJ,2024,6,NYJ,BUF,0.0,-3,-1.0,102,-122,0.4739134147382802,-1.927697079892989,-1.0801435974171714,0.8765833099449184,-2.2426211279022144,0.514764524420768,0.49799486877506094,hinge_1.5,1.819672131147541
2024_08_ARI_MIA,2024,8,MIA,ARI,0.0,-1,4.0,-198,164,0.6369041816941223,0.370957849634227,1.7696399499313673,-0.517737804617329,-0.2575248010441467,0.5029246403015096,0.49697777330632725,hinge_1.5,2.6399999999999997
2025_14_PHI_LAC,2025,14,LAC,PHI,1.0,3,-1.5,100,-120,0.4782608695652174,-0.10593458607611225,-0.7963707216569105,0.4263011670339184,-1.3021947316503024,0.5012570134899652,0.4997181582610397,hinge_1.5,-2.0
2025_17_BAL_GB,2025,17,GB,BAL,0.0,-17,2.5,-142,120,0.5634920634920635,1.3630832746228554,-0.031226616284707777,0.7426947320074644,-0.643815997812286,0.5001555105073447,0.4997445196391176,hinge_1.5,2.2
2025_14_TEN_CLE,2025,14,CLE,TEN,0.0,-2,4.5,-205,170,0.644729178800233,-2.396459823763193,0.8532224890637363,-2.1136520549724502,-1.0367584620618113,0.5008963737506785,0.4978038592919051,hinge_2,2.7
2023_11_PIT_CLE,2023,11,CLE,PIT,1.0,3,2.5,-142,120,0.5634920634920635,-1.1164119979612972,0.4332371233098074,-0.9471115680565452,-0.9867631145547974,0.4974221437479748,0.5229463665773342,multiscale,1.704225352112676
2023_14_BUF_KC,2023,14,KC,BUF,0.0,-3,2.0,-125,105,0.5324675324675325,1.0469426160513629,-0.8492967889970277,1.244690876803945,-1.176467727531462,0.5009880484137927,0.49412862620122566,multiscale,2.05
2024_01_NYJ_SF,2024,1,SF,NYJ,1.0,13,3.5,-180,150,0.6164383561643836,2.5637774317240902,-1.5675930484634562,-2.0651068900880967,-0.7720234652366075,0.5289550747090831,0.49680961444464894,multiscale,-1.5555555555555556
2024_06_BUF_NYJ,2024,6,NYJ,BUF,0.0,-3,-1.0,102,-122,0.4739134147382802,-1.927697079892989,-1.0801435974171714,0.8765833099449184,-2.2426211279022144,0.514764524420768,0.4871177266853092,multiscale,1.819672131147541
2024_08_ARI_MIA,2024,8,MIA,ARI,0.0,-1,4.0,-198,164,0.6369041816941223,0.370957849634227,1.7696399499313673,-0.517737804617329,-0.2575248010441467,0.5029246403015096,0.4956423250380817,multiscale,2.6399999999999997
2025_11_LAC_JAX,2025,11,JAX,LAC,1.0,29,-3.0,130,-155,0.4170073589533933,-0.7662417292491384,-1.2885568124152893,0.1539247059479792,1.0135967278176183,0.5005632963000146,0.4928055273782175,multiscale,-2.3
2025_14_PHI_LAC,2025,14,LAC,PHI,1.0,3,-1.5,100,-120,0.4782608695652174,-0.10593458607611225,-0.7963707216569105,0.4263011670339184,-1.3021947316503024,0.5012570134899652,0.4903065196311715,multiscale,-2.0
2025_17_BAL_GB,2025,17,GB,BAL,0.0,-17,2.5,-142,120,0.5634920634920635,1.3630832746228554,-0.031226616284707777,0.7426947320074644,-0.643815997812286,0.5001555105073447,0.4928495096798513,multiscale,2.2
2023_11_PIT_CLE,2023,11,CLE,PIT,1.0,3,2.5,-142,120,0.5634920634920635,-1.1164119979612972,0.4332371233098074,-0.9471115680565452,-0.9867631145547974,0.4974221437479748,0.5237587847624171,one_extreme,1.704225352112676
2023_14_BUF_KC,2023,14,KC,BUF,0.0,-3,2.0,-125,105,0.5324675324675325,1.0469426160513629,-0.8492967889970277,1.244690876803945,-1.176467727531462,0.5009880484137927,0.49321790105733215,one_extreme,2.05
2024_06_BUF_NYJ,2024,6,NYJ,BUF,0.0,-3,-1.0,102,-122,0.4739134147382802,-1.927697079892989,-1.0801435974171714,0.8765833099449184,-2.2426211279022144,0.514764524420768,0.4922964309063974,one_extreme,1.819672131147541
2024_08_ARI_MIA,2024,8,MIA,ARI,0.0,-1,4.0,-198,164,0.6369041816941223,0.370957849634227,1.7696399499313673,-0.517737804617329,-0.2575248010441467,0.5029246403015096,0.4991937483543174,one_extreme,2.6399999999999997
2025_11_LAC_JAX,2025,11,JAX,LAC,1.0,29,-3.0,130,-155,0.4170073589533933,-0.7662417292491384,-1.2885568124152893,0.1539247059479792,1.0135967278176183,0.5005632963000146,0.493107451753103,one_extreme,-2.3
2025_14_PHI_LAC,2025,14,LAC,PHI,1.0,3,-1.5,100,-120,0.4782608695652174,-0.10593458607611225,-0.7963707216569105,0.4263011670339184,-1.3021947316503024,0.5012570134899652,0.49129344163564453,one_extreme,-2.0
2025_15_GB_DEN,2025,15,DEN,GB,1.0,8,-1.5,102,-122,0.4739134147382802,-0.3071371768056616,-1.3252391428331391,1.497165845824776,-1.963721154973146,0.5241244191977734,0.486033856734194,one_extreme,-2.02
2025_17_BAL_GB,2025,17,GB,BAL,0.0,-17,2.5,-142,120,0.5634920634920635,1.3630832746228554,-0.031226616284707777,0.7426947320074644,-0.643815997812286,0.5001555105073447,0.4920716535734116,one_extreme,2.2
2023_11_PIT_CLE,2023,11,CLE,PIT,1.0,3,2.5,-142,120,0.5634920634920635,-1.1164119979612972,0.4332371233098074,-0.9471115680565452,-0.9867631145547974,0.4974221437479748,0.5236321633178681,market_context,1.704225352112676
2023_14_BUF_KC,2023,14,KC,BUF,0.0,-3,2.0,-125,105,0.5324675324675325,1.0469426160513629,-0.8492967889970277,1.244690876803945,-1.176467727531462,0.5009880484137927,0.4927624213189642,market_context,2.05
2024_06_BUF_NYJ,2024,6,NYJ,BUF,0.0,-3,-1.0,102,-122,0.4739134147382802,-1.927697079892989,-1.0801435974171714,0.8765833099449184,-2.2426211279022144,0.514764524420768,0.4838675850179569,market_context,1.819672131147541
2024_08_ARI_MIA,2024,8,MIA,ARI,0.0,-1,4.0,-198,164,0.6369041816941223,0.370957849634227,1.7696399499313673,-0.517737804617329,-0.2575248010441467,0.5029246403015096,0.49866155385749655,market_context,2.6399999999999997
2025_11_LAC_JAX,2025,11,JAX,LAC,1.0,29,-3.0,130,-155,0.4170073589533933,-0.7662417292491384,-1.2885568124152893,0.1539247059479792,1.0135967278176183,0.5005632963000146,0.4928274304814057,market_context,-2.3
2025_14_PHI_LAC,2025,14,LAC,PHI,1.0,3,-1.5,100,-120,0.4782608695652174,-0.10593458607611225,-0.7963707216569105,0.4263011670339184,-1.3021947316503024,0.5012570134899652,0.49063862200610064,market_context,-2.0
2025_15_GB_DEN,2025,15,DEN,GB,1.0,8,-1.5,102,-122,0.4739134147382802,-0.3071371768056616,-1.3252391428331391,1.497165845824776,-1.963721154973146,0.5241244191977734,0.4697422753181093,market_context,-2.02
2025_17_BAL_GB,2025,17,GB,BAL,0.0,-17,2.5,-142,120,0.5634920634920635,1.3630832746228554,-0.031226616284707777,0.7426947320074644,-0.643815997812286,0.5001555105073447,0.49253070156495155,market_context,2.2
2023_11_PIT_CLE,2023,11,CLE,PIT,1.0,3,2.5,-142,120,0.5634920634920635,-1.1164119979612972,0.4332371233098074,-0.9471115680565452,-0.9867631145547974,0.4974221437479748,0.5236772631174808,early_context,1.704225352112676
2023_14_BUF_KC,2023,14,KC,BUF,0.0,-3,2.0,-125,105,0.5324675324675325,1.0469426160513629,-0.8492967889970277,1.244690876803945,-1.176467727531462,0.5009880484137927,0.49279393163043295,early_context,2.05
2024_06_BUF_NYJ,2024,6,NYJ,BUF,0.0,-3,-1.0,102,-122,0.4739134147382802,-1.927697079892989,-1.0801435974171714,0.8765833099449184,-2.2426211279022144,0.514764524420768,0.47537320390076154,early_context,1.819672131147541
2024_08_ARI_MIA,2024,8,MIA,ARI,0.0,-1,4.0,-198,164,0.6369041816941223,0.370957849634227,1.7696399499313673,-0.517737804617329,-0.2575248010441467,0.5029246403015096,0.4961094072700827,early_context,2.6399999999999997
2025_11_LAC_JAX,2025,11,JAX,LAC,1.0,29,-3.0,130,-155,0.4170073589533933,-0.7662417292491384,-1.2885568124152893,0.1539247059479792,1.0135967278176183,0.5005632963000146,0.490232104147382,early_context,-2.3
2025_14_PHI_LAC,2025,14,LAC,PHI,1.0,3,-1.5,100,-120,0.4782608695652174,-0.10593458607611225,-0.7963707216569105,0.4263011670339184,-1.3021947316503024,0.5012570134899652,0.4875471451116064,early_context,-2.0
2025_15_GB_DEN,2025,15,DEN,GB,1.0,8,-1.5,102,-122,0.4739134147382802,-0.3071371768056616,-1.3252391428331391,1.497165845824776,-1.963721154973146,0.5241244191977734,0.4537702086608845,early_context,-2.02
2025_17_BAL_GB,2025,17,GB,BAL,0.0,-17,2.5,-142,120,0.5634920634920635,1.3630832746228554,-0.031226616284707777,0.7426947320074644,-0.643815997812286,0.5001555105073447,0.49000428851285605,early_context,2.2
