experiment,revision,season,week,game_id,away,home,kickoff_utc,generated_utc,lead_hours,model_wp,market_wp,homefield_wp,spread_line,home_moneyline,away_moneyline,away_injury_report,home_injury_report,away_score,home_score,result,home won,status,model_pick,model_hit,market_hit,model_log_loss,market_log_loss,model_brier,market_brier,bet_side,bet_team,bet_price,bet_band,bet_q,bet_result,units,null_ev,fav_units,model_spread,spread_gap,ats_side,ats_result,kalshi_captured_utc,kalshi_lag_hours,kalshi_home_mid,kalshi_side_ask,kalshi_units,kalshi_null,kalshi_fav_units,alt_rule,alt_team,alt_strike,alt_ask,alt_result,alt_units,alt_fav_units,ladder_ticker,ladder_team,ladder_strike,ladder_est,ladder_ask,ladder_edge,ladder_result,ladder_units,ladder_null,h4_pass_term
9dad9b9ad0eda3c043c4227d211e8c1cb460beaac6c649f09787c296a62dcd26:rates_core_avail_cs_peaks_nosacks_h8_r0.1_market_product_1sd_i0.1:2026,boxscore-composite-v1.16,2026,5,2026_05_BAL_ATL,BAL,ATL,2026-10-12T00:20:00+00:00,2026-10-10T13:03:18.705134+00:00,35.3,0.709701,0.616438,0.542471,3.5,-180,150,final,final,,,,,pending,ATL,,,,,,,home,ATL,-180,−249 to −175,0.616438,,,-0.0410959,,6.83457,3.33457,home,,2026-10-10T13:03:19.035707+00:00,0,0.615,0.62,,-0.0346645,,False,,,,,,,,,,,,,,,,0.947868
70a1e09c4e3b71daa6e39d446f9b2e2553618ada59cf1f8fce017bcc85c3973f:rates_core_avail_cs_peaks_nosacks_h8_r0.1_market_pass_predicted_total_i0.1:2026,boxscore-composite-v1.17,2026,5,2026_05_BAL_ATL,BAL,ATL,2026-10-12T00:20:00+00:00,2026-10-10T22:30:19.129638+00:00,25.8,0.700461,0.616438,0.542471,3,-180,150,final,final,,,,,pending,ATL,,,,,,,home,ATL,-180,−249 to −175,0.616438,,,-0.0410959,,6.50322,3.50322,home,,2026-10-10T22:30:19.591256+00:00,0,0.615,0.62,,-0.0346645,,False,,,,,,,,,,,,,,,,0.947868
9dad9b9ad0eda3c043c4227d211e8c1cb460beaac6c649f09787c296a62dcd26:rates_core_avail_cs_peaks_nosacks_h8_r0.1_market_product_1sd_i0.1:2026,boxscore-composite-v1.16,2026,5,2026_05_DET_ARI,DET,ARI,2026-10-11T20:25:00+00:00,2026-10-10T13:03:18.705134+00:00,31.4,0.342853,0.314607,0.542471,-5.5,205,-250,final,final,,,,,pending,DET,,,,,,,away,DET,-250,≤ −250,0.685393,,,-0.0404494,,-5.00601,0.493988,home,,2026-10-10T13:03:19.035707+00:00,0,0.305,0.7,,-0.0281429,,True,DET,4.5,0.53,,,,,,,,,,,,,-2.27131
70a1e09c4e3b71daa6e39d446f9b2e2553618ada59cf1f8fce017bcc85c3973f:rates_core_avail_cs_peaks_nosacks_h8_r0.1_market_pass_predicted_total_i0.1:2026,boxscore-composite-v1.17,2026,5,2026_05_DET_ARI,DET,ARI,2026-10-11T20:25:00+00:00,2026-10-10T22:30:19.129638+00:00,21.9,0.268344,0.309207,0.542471,-5.5,210,-258,final,final,,,,,pending,DET,,,,,,,away,DET,-258,≤ −250,0.690793,,,-0.0414579,,-7.64253,-2.14253,away,,2026-10-10T22:30:19.591256+00:00,0,0.305,0.7,,-0.0281429,,False,,,,,,,,,,,,,,,,-2.27131
9dad9b9ad0eda3c043c4227d211e8c1cb460beaac6c649f09787c296a62dcd26:rates_core_avail_cs_peaks_nosacks_h8_r0.1_market_product_1sd_i0.1:2026,boxscore-composite-v1.16,2026,5,2026_05_SF_SEA,SF,SEA,2026-10-11T20:25:00+00:00,2026-10-10T13:03:18.705134+00:00,31.4,0.939039,0.59337,0.542471,3,-162,136,final,final,,,,,pending,SEA,,,,,,,home,SEA,-162,−174 to −130,0.59337,,,-0.0403526,,19.1334,16.1334,home,,2026-10-10T13:03:19.035707+00:00,0,0.615,0.62,,-0.0346645,,False,,,,,,,KXNFLSPREAD-26OCT11SFSEA-SF2,SF,1.5,0.4092,0.36,0.033072,,,-0.0586889,4.13385
70a1e09c4e3b71daa6e39d446f9b2e2553618ada59cf1f8fce017bcc85c3973f:rates_core_avail_cs_peaks_nosacks_h8_r0.1_market_pass_predicted_total_i0.1:2026,boxscore-composite-v1.17,2026,5,2026_05_SF_SEA,SF,SEA,2026-10-11T20:25:00+00:00,2026-10-10T22:30:19.129638+00:00,21.9,0.940683,0.59337,0.542471,3,-162,136,final,final,,,,,pending,SEA,,,,,,,home,SEA,-162,−174 to −130,0.59337,,,-0.0403526,,19.3037,16.3037,home,,2026-10-10T22:30:19.591256+00:00,0,0.615,0.62,,-0.0346645,,False,,,,,,,KXNFLSPREAD-26OCT11SFSEA-SF5,SF,4.5,0.2887,0.24,0.035932,,,-0.0740333,4.13385
9dad9b9ad0eda3c043c4227d211e8c1cb460beaac6c649f09787c296a62dcd26:rates_core_avail_cs_peaks_nosacks_h8_r0.1_market_product_1sd_i0.1:2026,boxscore-composite-v1.16,2026,5,2026_05_DEN_LAC,DEN,LAC,2026-10-11T20:05:00+00:00,2026-10-10T13:03:18.705134+00:00,31,0.413441,0.36906,0.542471,-3.5,160,-192,final,final,,,,,pending,DEN,,,,,,,away,DEN,-192,−249 to −175,0.63094,,,-0.0404449,,-2.70536,0.794643,home,,2026-10-10T13:03:19.035707+00:00,0,0.365,0.64,,-0.0330125,,True,DEN,2.5,0.59,,,,,,,,,,,,,0.695457
70a1e09c4e3b71daa6e39d446f9b2e2553618ada59cf1f8fce017bcc85c3973f:rates_core_avail_cs_peaks_nosacks_h8_r0.1_market_pass_predicted_total_i0.1:2026,boxscore-composite-v1.17,2026,5,2026_05_DEN_LAC,DEN,LAC,2026-10-11T20:05:00+00:00,2026-10-10T22:30:19.129638+00:00,21.6,0.424978,0.36906,0.542471,-3.5,160,-192,final,final,,,,,pending,DEN,,,,,,,away,DEN,-192,−249 to −175,0.63094,,,-0.0404449,,-2.34009,1.15991,home,,2026-10-10T22:30:19.591256+00:00,0,0.365,0.64,,-0.0330125,,True,DEN,1.5,0.61,,,,,,,,,,,,,0.695457
9dad9b9ad0eda3c043c4227d211e8c1cb460beaac6c649f09787c296a62dcd26:rates_core_avail_cs_peaks_nosacks_h8_r0.1_market_product_1sd_i0.1:2026,boxscore-composite-v1.16,2026,5,2026_05_CHI_GB,CHI,GB,2026-10-11T17:00:00+00:00,2026-10-10T13:03:18.705134+00:00,27.9,0.498569,0.467532,0.542471,-1.5,105,-125,final,final,,,,,pending,CHI,,,,,,,away,CHI,-125,−129 to −100,0.532468,,,-0.0415584,,-0.0443761,1.45562,home,,2026-10-10T13:03:19.035707+00:00,0,0.475,0.53,,-0.042334,,True,CHI,0,0.53,,,,,,,,,,,,,0.732322
70a1e09c4e3b71daa6e39d446f9b2e2553618ada59cf1f8fce017bcc85c3973f:rates_core_avail_cs_peaks_nosacks_h8_r0.1_market_pass_predicted_total_i0.1:2026,boxscore-composite-v1.17,2026,5,2026_05_CHI_GB,CHI,GB,2026-10-11T17:00:00+00:00,2026-10-10T22:30:19.129638+00:00,18.5,0.490153,0.457256,0.542471,-1.5,110,-130,final,final,,,,,pending,CHI,,,,,,,away,CHI,-130,−174 to −130,0.542744,,,-0.0397614,,-0.305361,1.19464,home,,2026-10-10T22:30:19.591256+00:00,0,0.475,0.53,,-0.042334,,True,CHI,0,0.53,,,,,,,,,,,,,0.732322
9dad9b9ad0eda3c043c4227d211e8c1cb460beaac6c649f09787c296a62dcd26:rates_core_avail_cs_peaks_nosacks_h8_r0.1_market_product_1sd_i0.1:2026,boxscore-composite-v1.16,2026,5,2026_05_CIN_MIA,CIN,MIA,2026-10-11T17:00:00+00:00,2026-10-10T13:03:18.705134+00:00,27.9,0.257985,0.252217,0.542471,-7,280,-355,final,final,,,,,pending,CIN,,,,,,,away,CIN,-355,≤ −250,0.747783,,,-0.0415743,,-8.03518,-1.03518,away,,2026-10-10T13:03:19.035707+00:00,0,0.245,0.76,,-0.0233789,,False,,,,,,,KXNFLSPREAD-26OCT11CINMIA-CIN15,CIN,14.5,0.3312,0.27,0.047403,,,-0.0696185,-0.625111
70a1e09c4e3b71daa6e39d446f9b2e2553618ada59cf1f8fce017bcc85c3973f:rates_core_avail_cs_peaks_nosacks_h8_r0.1_market_pass_predicted_total_i0.1:2026,boxscore-composite-v1.17,2026,5,2026_05_CIN_MIA,CIN,MIA,2026-10-11T17:00:00+00:00,2026-10-10T22:30:19.129638+00:00,18.5,0.260088,0.255931,0.542471,-7,275,-345,final,final,,,,,pending,CIN,,,,,,,away,CIN,-345,≤ −250,0.744069,,,-0.0402588,,-7.95481,-0.954814,away,,2026-10-10T22:30:19.591256+00:00,0,0.245,0.76,,-0.0233789,,False,,,,,,,KXNFLSPREAD-26OCT11CINMIA-CIN15,CIN,14.5,0.3189,0.27,0.035103,,,-0.0696185,-0.625111
9dad9b9ad0eda3c043c4227d211e8c1cb460beaac6c649f09787c296a62dcd26:rates_core_avail_cs_peaks_nosacks_h8_r0.1_market_product_1sd_i0.1:2026,boxscore-composite-v1.16,2026,5,2026_05_CLE_NYJ,CLE,NYJ,2026-10-11T17:00:00+00:00,2026-10-10T13:03:18.705134+00:00,27.9,0.543821,0.551441,0.542471,2.5,-135,114,final,final,,,,,pending,NYJ,,,,,,,home,NYJ,-135,−174 to −130,0.551441,,,-0.040084,,1.36149,-1.13851,away,,2026-10-10T13:03:19.035707+00:00,0,0.560606,0.56,,-0.0297177,,True,NYJ,0,0.56,,,,,,,,,,,,,1.45237
70a1e09c4e3b71daa6e39d446f9b2e2553618ada59cf1f8fce017bcc85c3973f:rates_core_avail_cs_peaks_nosacks_h8_r0.1_market_pass_predicted_total_i0.1:2026,boxscore-composite-v1.17,2026,5,2026_05_CLE_NYJ,CLE,NYJ,2026-10-11T17:00:00+00:00,2026-10-10T22:30:19.129638+00:00,18.5,0.536092,0.551441,0.542471,2.5,-135,114,final,final,,,,,pending,NYJ,,,,,,,home,NYJ,-135,−174 to −130,0.551441,,,-0.040084,,1.12064,-1.37936,away,,2026-10-10T22:30:19.591256+00:00,0,0.565,0.57,,-0.0388719,,True,NYJ,0,0.57,,,,,,,,,,,,,1.45237
9dad9b9ad0eda3c043c4227d211e8c1cb460beaac6c649f09787c296a62dcd26:rates_core_avail_cs_peaks_nosacks_h8_r0.1_market_product_1sd_i0.1:2026,boxscore-composite-v1.16,2026,5,2026_05_HOU_TEN,HOU,TEN,2026-10-11T17:00:00+00:00,2026-10-10T13:03:18.705134+00:00,27.9,0.242192,0.249187,0.542471,-7,285,-360,final,final,,,,,pending,HOU,,,,,,,away,HOU,-360,≤ −250,0.750813,,,-0.0406284,,-8.64994,-1.64994,away,,2026-10-10T13:03:19.035707+00:00,0,0.247475,0.75,,-0.014133,,False,,,,,,,KXNFLSPREAD-26OCT11HOUTEN-HOU17,HOU,16.5,0.2958,0.23,0.053403,,,-0.0756391,0.235065
70a1e09c4e3b71daa6e39d446f9b2e2553618ada59cf1f8fce017bcc85c3973f:rates_core_avail_cs_peaks_nosacks_h8_r0.1_market_pass_predicted_total_i0.1:2026,boxscore-composite-v1.17,2026,5,2026_05_HOU_TEN,HOU,TEN,2026-10-11T17:00:00+00:00,2026-10-10T22:30:19.129638+00:00,18.5,0.251574,0.252217,0.542471,-7,280,-355,final,final,,,,,pending,HOU,,,,,,,away,HOU,-355,≤ −250,0.747783,,,-0.0415743,,-8.28228,-1.28228,away,,2026-10-10T22:30:19.591256+00:00,0,0.247475,0.75,,-0.014133,,False,,,,,,,KXNFLSPREAD-26OCT11HOUTEN-HOU15,HOU,14.5,0.3312,0.26,0.057732,,,-0.0710308,0.235065
9dad9b9ad0eda3c043c4227d211e8c1cb460beaac6c649f09787c296a62dcd26:rates_core_avail_cs_peaks_nosacks_h8_r0.1_market_product_1sd_i0.1:2026,boxscore-composite-v1.16,2026,5,2026_05_IND_PIT,IND,PIT,2026-10-11T17:00:00+00:00,2026-10-10T13:03:18.705134+00:00,27.9,0.540172,0.57206,0.542471,3,-148,124,final,final,,,,,pending,PIT,,,,,,,home,PIT,-148,−174 to −130,0.57206,,,-0.0414136,,1.24773,-1.75227,away,,2026-10-10T13:03:19.035707+00:00,0,0.585,0.59,,-0.0371746,,True,PIT,0,0.59,,,,,,,,,,,,,-0.545379
70a1e09c4e3b71daa6e39d446f9b2e2553618ada59cf1f8fce017bcc85c3973f:rates_core_avail_cs_peaks_nosacks_h8_r0.1_market_pass_predicted_total_i0.1:2026,boxscore-composite-v1.17,2026,5,2026_05_IND_PIT,IND,PIT,2026-10-11T17:00:00+00:00,2026-10-10T22:30:19.129638+00:00,18.5,0.542488,0.57206,0.542471,3,-148,124,final,final,,,,,pending,PIT,,,,,,,home,PIT,-148,−174 to −130,0.57206,,,-0.0414136,,1.31992,-1.68008,away,,2026-10-10T22:30:19.591256+00:00,0,0.585,0.59,,-0.0371746,,True,PIT,0,0.59,,,,,,,,,,,,,-0.545379
9dad9b9ad0eda3c043c4227d211e8c1cb460beaac6c649f09787c296a62dcd26:rates_core_avail_cs_peaks_nosacks_h8_r0.1_market_product_1sd_i0.1:2026,boxscore-composite-v1.16,2026,5,2026_05_LV_NE,LV,NE,2026-10-11T17:00:00+00:00,2026-10-10T13:03:18.705134+00:00,27.9,0.611193,0.63094,0.542471,3.5,-192,160,final,final,,,,,pending,NE,,,,,,,home,NE,-192,−249 to −175,0.63094,,,-0.0404449,,3.49366,-0.0063368,away,,2026-10-10T13:03:19.035707+00:00,0,0.631841,0.64,,-0.0379488,,True,NE,2.5,0.59,,,,,,,,,,,,,-0.748611
70a1e09c4e3b71daa6e39d446f9b2e2553618ada59cf1f8fce017bcc85c3973f:rates_core_avail_cs_peaks_nosacks_h8_r0.1_market_pass_predicted_total_i0.1:2026,boxscore-composite-v1.17,2026,5,2026_05_LV_NE,LV,NE,2026-10-11T17:00:00+00:00,2026-10-10T22:30:19.129638+00:00,18.5,0.598425,0.63094,0.542471,3.5,-192,160,final,final,,,,,pending,NE,,,,,,,home,NE,-192,−249 to −175,0.63094,,,-0.0404449,,3.08349,-0.416511,away,,2026-10-10T22:30:19.591256+00:00,0,0.625,0.63,,-0.0338365,,True,NE,2.5,0.58,,,,,,,,,,,,,-0.748611
9dad9b9ad0eda3c043c4227d211e8c1cb460beaac6c649f09787c296a62dcd26:rates_core_avail_cs_peaks_nosacks_h8_r0.1_market_product_1sd_i0.1:2026,boxscore-composite-v1.16,2026,5,2026_05_MIN_NO,MIN,NO,2026-10-11T17:00:00+00:00,2026-10-10T13:03:18.705134+00:00,27.9,0.482003,0.436508,0.542471,-2.5,120,-142,final,final,,,,,pending,MIN,,,,,,,away,MIN,-142,−174 to −130,0.563492,,,-0.0396825,,-0.558226,1.94177,home,,2026-10-10T13:03:19.035707+00:00,0,0.439394,0.56,,-0.0297177,,True,MIN,0,0.56,,,,,,,,,,,,,0.218219
70a1e09c4e3b71daa6e39d446f9b2e2553618ada59cf1f8fce017bcc85c3973f:rates_core_avail_cs_peaks_nosacks_h8_r0.1_market_pass_predicted_total_i0.1:2026,boxscore-composite-v1.17,2026,5,2026_05_MIN_NO,MIN,NO,2026-10-11T17:00:00+00:00,2026-10-10T22:30:19.129638+00:00,18.5,0.507626,0.448559,0.542471,-2.5,114,-135,final,final,,,,,pending,NO,,,,,,,home,NO,114,+100 to +129,0.448559,,,-0.040084,,0.236464,2.73646,home,,2026-10-10T22:30:19.591256+00:00,0,0.439394,0.44,,-0.0405774,,False,,,,,,,,,,,,,,,,0.218219
9dad9b9ad0eda3c043c4227d211e8c1cb460beaac6c649f09787c296a62dcd26:rates_core_avail_cs_peaks_nosacks_h8_r0.1_market_product_1sd_i0.1:2026,boxscore-composite-v1.16,2026,5,2026_05_NYG_WAS,NYG,WAS,2026-10-11T17:00:00+00:00,2026-10-10T13:03:18.705134+00:00,27.9,0.576515,0.603757,0.542471,3.5,-170,142,final,final,,,,,pending,WAS,,,,,,,home,WAS,-170,−174 to −130,0.603757,,,-0.0410919,,2.38725,-1.11275,away,,2026-10-10T13:03:19.035707+00:00,0,0.625,0.63,,-0.0338365,,True,WAS,1.5,0.6,,,,KXNFLSPREAD-26OCT11NYGWAS-NYG3,NYG,2.5,0.38,0.33,0.034523,,,-0.0620515,0.525354
70a1e09c4e3b71daa6e39d446f9b2e2553618ada59cf1f8fce017bcc85c3973f:rates_core_avail_cs_peaks_nosacks_h8_r0.1_market_pass_predicted_total_i0.1:2026,boxscore-composite-v1.17,2026,5,2026_05_NYG_WAS,NYG,WAS,2026-10-11T17:00:00+00:00,2026-10-10T22:30:19.129638+00:00,18.5,0.58825,0.616438,0.542471,3.5,-180,150,final,final,,,,,pending,WAS,,,,,,,home,WAS,-180,−249 to −175,0.616438,,,-0.0410959,,2.75908,-0.74092,away,,2026-10-10T22:30:19.591256+00:00,0,0.625,0.63,,-0.0338365,,True,WAS,2.5,0.58,,,,,,,,,,,,,0.525354
9dad9b9ad0eda3c043c4227d211e8c1cb460beaac6c649f09787c296a62dcd26:rates_core_avail_cs_peaks_nosacks_h8_r0.1_market_product_1sd_i0.1:2026,boxscore-composite-v1.16,2026,5,2026_05_PHI_JAX,PHI,JAX,2026-10-11T13:30:00+00:00,2026-10-10T13:03:18.705134+00:00,24.4,0.795347,0.765902,0.542471,7.5,-395,310,final,final,,,,,pending,JAX,,,,,,,home,JAX,-395,≤ −250,0.765902,,,-0.0401986,,10.2067,2.70666,home,,2026-10-10T13:03:19.035707+00:00,0,0.765,0.77,,-0.0225935,,False,,,,,,,,,,,,,,,,-0.242439
70a1e09c4e3b71daa6e39d446f9b2e2553618ada59cf1f8fce017bcc85c3973f:rates_core_avail_cs_peaks_nosacks_h8_r0.1_market_pass_predicted_total_i0.1:2026,boxscore-composite-v1.17,2026,5,2026_05_PHI_JAX,PHI,JAX,2026-10-11T13:30:00+00:00,2026-10-10T22:30:19.129638+00:00,15,0.804659,0.771505,0.542471,7.5,-410,320,final,final,,,,,pending,JAX,,,,,,,home,JAX,-410,≤ −250,0.771505,,,-0.0403226,,10.6182,3.11818,home,,2026-10-10T22:30:19.591256+00:00,0,0.765,0.77,,-0.0225935,,False,,,,,,,,,,,,,,,,-0.242439
cfacc42e9143fdda8e2568cc4be208708ea6c086a9229fff08fb9421d42095fe:rates_core_avail_cs_margin_h8_r0.1:2026,boxscore-composite-v1.12,2026,5,2026_05_TB_DAL,TB,DAL,2026-10-09T00:15:00+00:00,2026-10-08T06:38:38.234998+00:00,17.6,0.644547,0.754005,0.542471,8.5,-470,360,final,final,24,16,-8,0,graded,DAL,0,0,1.03436,1.40244,0.415441,0.568523,home,DAL,-470,≤ −250,0.791362,L,-1,-0.0402635,-1,4.58482,-3.91518,away,W,2026-10-08T17:02:24.257738+00:00,10.4,0.795,0.8,-1.014,-0.02025,-1.014,True,DAL,4.5,0.66,L,-1.0238,-1.014,,,,,,,,,,1.83288
f60cc7a964979f3345f05bc7a2d1d5952e79ca5c991649da414443517209d920:rates_core_avail_cs_peaks_h8_r0.1:2026,boxscore-composite-v1.13,2026,5,2026_05_TB_DAL,TB,DAL,2026-10-09T00:15:00+00:00,2026-10-08T23:36:23.582088+00:00,0.6,0.632918,0.754005,0.542471,8.5,-500,380,final,final,24,16,-8,0,graded,DAL,0,0,1.00217,1.40244,0.400585,0.568523,home,DAL,-500,≤ −250,0.8,L,-1,-0.04,-1,4.20075,-4.29925,away,W,2026-10-08T17:02:24.257738+00:00,-6.57,0.795,0.8,-1.014,-0.02025,-1.014,True,DAL,3.5,0.69,L,-1.0217,-1.014,,,,,,,,,,1.83288
035443ef46ffa5d68c96c4c847657adac2f9eb6182d10308952090b4ddd4a90d:rates_core_avail_cs_peaks_nosacks_h8_r0.1:2026,boxscore-composite-v1.14,2026,5,2026_05_TB_DAL,TB,DAL,2026-10-09T00:15:00+00:00,2026-10-09T00:11:32.858353+00:00,0.1,0.619215,0.778753,0.542471,9.5,-535,400,final,final,24,16,-8,0,graded,DAL,0,0,0.96552,1.50847,0.383427,0.606456,home,DAL,-535,≤ −250,0.808157,L,-1,-0.0407855,-1,3.75329,-5.74671,away,W,2026-10-08T17:02:24.257738+00:00,-7.15,0.795,0.8,-1.014,-0.02025,-1.014,True,DAL,3.5,0.69,L,-1.0217,-1.014,,,,,,,,,,1.83288
