fav_wp,strike,p_over,tie,n
0.5,-30.5,0.9884,0.0,346
0.5,-29.5,0.9884,0.0,346
0.5,-28.5,0.9855,0.0,346
0.5,-27.5,0.9798,0.0,346
0.5,-26.5,0.9711,0.0,346
0.5,-25.5,0.9682,0.0,346
0.5,-24.5,0.9682,0.0,346
0.5,-23.5,0.9624,0.0,346
0.5,-22.5,0.9538,0.0,346
0.5,-21.5,0.948,0.0,346
0.5,-20.5,0.9393,0.0,346
0.5,-19.5,0.9277,0.0,346
0.5,-18.5,0.9249,0.0,346
0.5,-17.5,0.9104,0.0,346
0.5,-16.5,0.8902,0.0,346
0.5,-15.5,0.8844,0.0,346
0.5,-14.5,0.8815,0.0,346
0.5,-13.5,0.8613,0.0,346
0.5,-12.5,0.841,0.0,346
0.5,-11.5,0.8266,0.0,346
0.5,-10.5,0.8092,0.0,346
0.5,-9.5,0.7746,0.0,346
0.5,-8.5,0.7601,0.0,346
0.5,-7.5,0.737,0.0,346
0.5,-6.5,0.6936,0.0,346
0.5,-5.5,0.659,0.0,346
0.5,-4.5,0.6445,0.0,346
0.5,-3.5,0.6012,0.0,346
0.5,-2.5,0.5462,0.0,346
0.5,-1.5,0.5202,0.0,346
0.5,-0.5,0.5,0.0,346
0.5,0.5,0.5,0.0,346
0.5,1.5,0.4884,0.0,346
0.5,2.5,0.4653,0.0,346
0.5,3.5,0.3757,0.0,346
0.5,4.5,0.341,0.0,346
0.5,5.5,0.3324,0.0,346
0.5,6.5,0.3035,0.0,346
0.5,7.5,0.237,0.0,346
0.5,8.5,0.2139,0.0,346
0.5,9.5,0.2023,0.0,346
0.5,10.5,0.1821,0.0,346
0.5,11.5,0.1734,0.0,346
0.5,12.5,0.1676,0.0,346
0.5,13.5,0.159,0.0,346
0.5,14.5,0.1301,0.0,346
0.5,15.5,0.1272,0.0,346
0.5,16.5,0.1243,0.0,346
0.5,17.5,0.104,0.0,346
0.5,18.5,0.0954,0.0,346
0.5,19.5,0.0867,0.0,346
0.5,20.5,0.078,0.0,346
0.5,21.5,0.0607,0.0,346
0.5,22.5,0.052,0.0,346
0.5,23.5,0.0462,0.0,346
0.5,24.5,0.0405,0.0,346
0.5,25.5,0.0405,0.0,346
0.5,26.5,0.0376,0.0,346
0.5,27.5,0.0289,0.0,346
0.5,28.5,0.026,0.0,346
0.5,29.5,0.0173,0.0,346
0.5,30.5,0.0145,0.0,346
0.51,-30.5,0.9859,0.002,498
0.51,-29.5,0.9859,0.002,498
0.51,-28.5,0.9839,0.002,498
0.51,-27.5,0.9799,0.002,498
0.51,-26.5,0.9739,0.002,498
0.51,-25.5,0.9719,0.002,498
0.51,-24.5,0.9719,0.002,498
0.51,-23.5,0.9639,0.002,498
0.51,-22.5,0.9558,0.002,498
0.51,-21.5,0.9518,0.002,498
0.51,-20.5,0.9458,0.002,498
0.51,-19.5,0.9378,0.002,498
0.51,-18.5,0.9357,0.002,498
0.51,-17.5,0.9177,0.002,498
0.51,-16.5,0.8976,0.002,498
0.51,-15.5,0.8916,0.002,498
0.51,-14.5,0.8896,0.002,498
0.51,-13.5,0.8715,0.002,498
0.51,-12.5,0.8514,0.002,498
0.51,-11.5,0.8394,0.002,498
0.51,-10.5,0.8253,0.002,498
0.51,-9.5,0.7912,0.002,498
0.51,-8.5,0.7811,0.002,498
0.51,-7.5,0.745,0.002,498
0.51,-6.5,0.7068,0.002,498
0.51,-5.5,0.6787,0.002,498
0.51,-4.5,0.6667,0.002,498
0.51,-3.5,0.6225,0.002,498
0.51,-2.5,0.5683,0.002,498
0.51,-1.5,0.5422,0.002,498
0.51,-0.5,0.5201,0.002,498
0.51,0.5,0.5181,0.002,498
0.51,1.5,0.506,0.002,498
0.51,2.5,0.4699,0.002,498
0.51,3.5,0.3795,0.002,498
0.51,4.5,0.3454,0.002,498
0.51,5.5,0.3293,0.002,498
0.51,6.5,0.2952,0.002,498
0.51,7.5,0.2349,0.002,498
0.51,8.5,0.2129,0.002,498
0.51,9.5,0.1988,0.002,498
0.51,10.5,0.1787,0.002,498
0.51,11.5,0.1687,0.002,498
0.51,12.5,0.1606,0.002,498
0.51,13.5,0.1526,0.002,498
0.51,14.5,0.1265,0.002,498
0.51,15.5,0.1185,0.002,498
0.51,16.5,0.1104,0.002,498
0.51,17.5,0.0884,0.002,498
0.51,18.5,0.0803,0.002,498
0.51,19.5,0.0723,0.002,498
0.51,20.5,0.0663,0.002,498
0.51,21.5,0.0462,0.002,498
0.51,22.5,0.0402,0.002,498
0.51,23.5,0.0361,0.002,498
0.51,24.5,0.0321,0.002,498
0.51,25.5,0.0301,0.002,498
0.51,26.5,0.0281,0.002,498
0.51,27.5,0.0221,0.002,498
0.51,28.5,0.0181,0.002,498
0.51,29.5,0.012,0.002,498
0.51,30.5,0.01,0.002,498
0.52,-30.5,0.9857,0.0032,630
0.52,-29.5,0.9857,0.0032,630
0.52,-28.5,0.9841,0.0032,630
0.52,-27.5,0.9794,0.0032,630
0.52,-26.5,0.9746,0.0032,630
0.52,-25.5,0.973,0.0032,630
0.52,-24.5,0.9698,0.0032,630
0.52,-23.5,0.9619,0.0032,630
0.52,-22.5,0.954,0.0032,630
0.52,-21.5,0.9492,0.0032,630
0.52,-20.5,0.9444,0.0032,630
0.52,-19.5,0.9381,0.0032,630
0.52,-18.5,0.9365,0.0032,630
0.52,-17.5,0.9222,0.0032,630
0.52,-16.5,0.9032,0.0032,630
0.52,-15.5,0.8968,0.0032,630
0.52,-14.5,0.8952,0.0032,630
0.52,-13.5,0.8746,0.0032,630
0.52,-12.5,0.8571,0.0032,630
0.52,-11.5,0.8476,0.0032,630
0.52,-10.5,0.8349,0.0032,630
0.52,-9.5,0.8,0.0032,630
0.52,-8.5,0.7905,0.0032,630
0.52,-7.5,0.7603,0.0032,630
0.52,-6.5,0.7175,0.0032,630
0.52,-5.5,0.6857,0.0032,630
0.52,-4.5,0.6698,0.0032,630
0.52,-3.5,0.6302,0.0032,630
0.52,-2.5,0.5762,0.0032,630
0.52,-1.5,0.5476,0.0032,630
0.52,-0.5,0.5254,0.0032,630
0.52,0.5,0.5222,0.0032,630
0.52,1.5,0.5095,0.0032,630
0.52,2.5,0.4794,0.0032,630
0.52,3.5,0.3921,0.0032,630
0.52,4.5,0.3603,0.0032,630
0.52,5.5,0.3333,0.0032,630
0.52,6.5,0.3032,0.0032,630
0.52,7.5,0.2492,0.0032,630
0.52,8.5,0.2254,0.0032,630
0.52,9.5,0.2127,0.0032,630
0.52,10.5,0.1937,0.0032,630
0.52,11.5,0.173,0.0032,630
0.52,12.5,0.1667,0.0032,630
0.52,13.5,0.1571,0.0032,630
0.52,14.5,0.1317,0.0032,630
0.52,15.5,0.1254,0.0032,630
0.52,16.5,0.1175,0.0032,630
0.52,17.5,0.0952,0.0032,630
0.52,18.5,0.0873,0.0032,630
0.52,19.5,0.081,0.0032,630
0.52,20.5,0.0714,0.0032,630
0.52,21.5,0.0476,0.0032,630
0.52,22.5,0.0429,0.0032,630
0.52,23.5,0.0397,0.0032,630
0.52,24.5,0.0365,0.0032,630
0.52,25.5,0.0333,0.0032,630
0.52,26.5,0.0317,0.0032,630
0.52,27.5,0.027,0.0032,630
0.52,28.5,0.0206,0.0032,630
0.52,29.5,0.0143,0.0032,630
0.52,30.5,0.0127,0.0032,630
0.53,-30.5,0.9871,0.0039,776
0.53,-29.5,0.9871,0.0039,776
0.53,-28.5,0.9858,0.0039,776
0.53,-27.5,0.9794,0.0039,776
0.53,-26.5,0.9742,0.0039,776
0.53,-25.5,0.9716,0.0039,776
0.53,-24.5,0.9665,0.0039,776
0.53,-23.5,0.9613,0.0039,776
0.53,-22.5,0.9536,0.0039,776
0.53,-21.5,0.9485,0.0039,776
0.53,-20.5,0.9433,0.0039,776
0.53,-19.5,0.9394,0.0039,776
0.53,-18.5,0.9343,0.0039,776
0.53,-17.5,0.9175,0.0039,776
0.53,-16.5,0.9008,0.0039,776
0.53,-15.5,0.893,0.0039,776
0.53,-14.5,0.8918,0.0039,776
0.53,-13.5,0.8711,0.0039,776
0.53,-12.5,0.8531,0.0039,776
0.53,-11.5,0.8428,0.0039,776
0.53,-10.5,0.8338,0.0039,776
0.53,-9.5,0.7951,0.0039,776
0.53,-8.5,0.7874,0.0039,776
0.53,-7.5,0.7629,0.0039,776
0.53,-6.5,0.7229,0.0039,776
0.53,-5.5,0.6869,0.0039,776
0.53,-4.5,0.6701,0.0039,776
0.53,-3.5,0.6366,0.0039,776
0.53,-2.5,0.5786,0.0039,776
0.53,-1.5,0.5503,0.0039,776
0.53,-0.5,0.5271,0.0039,776
0.53,0.5,0.5232,0.0039,776
0.53,1.5,0.5052,0.0039,776
0.53,2.5,0.4768,0.0039,776
0.53,3.5,0.3956,0.0039,776
0.53,4.5,0.3686,0.0039,776
0.53,5.5,0.3441,0.0039,776
0.53,6.5,0.3106,0.0039,776
0.53,7.5,0.2603,0.0039,776
0.53,8.5,0.2371,0.0039,776
0.53,9.5,0.2281,0.0039,776
0.53,10.5,0.1997,0.0039,776
0.53,11.5,0.1791,0.0039,776
0.53,12.5,0.1727,0.0039,776
0.53,13.5,0.1572,0.0039,776
0.53,14.5,0.1353,0.0039,776
0.53,15.5,0.1289,0.0039,776
0.53,16.5,0.1211,0.0039,776
0.53,17.5,0.1005,0.0039,776
0.53,18.5,0.0928,0.0039,776
0.53,19.5,0.0876,0.0039,776
0.53,20.5,0.0773,0.0039,776
0.53,21.5,0.058,0.0039,776
0.53,22.5,0.0528,0.0039,776
0.53,23.5,0.049,0.0039,776
0.53,24.5,0.0425,0.0039,776
0.53,25.5,0.0374,0.0039,776
0.53,26.5,0.0361,0.0039,776
0.53,27.5,0.0335,0.0039,776
0.53,28.5,0.0258,0.0039,776
0.53,29.5,0.0193,0.0039,776
0.53,30.5,0.018,0.0039,776
0.54,-30.5,0.9874,0.0034,876
0.54,-29.5,0.9863,0.0034,876
0.54,-28.5,0.9852,0.0034,876
0.54,-27.5,0.9795,0.0034,876
0.54,-26.5,0.9737,0.0034,876
0.54,-25.5,0.9703,0.0034,876
0.54,-24.5,0.9635,0.0034,876
0.54,-23.5,0.96,0.0034,876
0.54,-22.5,0.9521,0.0034,876
0.54,-21.5,0.9475,0.0034,876
0.54,-20.5,0.9395,0.0034,876
0.54,-19.5,0.9361,0.0034,876
0.54,-18.5,0.9315,0.0034,876
0.54,-17.5,0.9121,0.0034,876
0.54,-16.5,0.8961,0.0034,876
0.54,-15.5,0.8858,0.0034,876
0.54,-14.5,0.8836,0.0034,876
0.54,-13.5,0.8619,0.0034,876
0.54,-12.5,0.8493,0.0034,876
0.54,-11.5,0.8402,0.0034,876
0.54,-10.5,0.8333,0.0034,876
0.54,-9.5,0.7991,0.0034,876
0.54,-8.5,0.79,0.0034,876
0.54,-7.5,0.7683,0.0034,876
0.54,-6.5,0.7295,0.0034,876
0.54,-5.5,0.6975,0.0034,876
0.54,-4.5,0.6826,0.0034,876
0.54,-3.5,0.6518,0.0034,876
0.54,-2.5,0.5879,0.0034,876
0.54,-1.5,0.5616,0.0034,876
0.54,-0.5,0.5377,0.0034,876
0.54,0.5,0.5342,0.0034,876
0.54,1.5,0.516,0.0034,876
0.54,2.5,0.4852,0.0034,876
0.54,3.5,0.4018,0.0034,876
0.54,4.5,0.3756,0.0034,876
0.54,5.5,0.3459,0.0034,876
0.54,6.5,0.3094,0.0034,876
0.54,7.5,0.2614,0.0034,876
0.54,8.5,0.2397,0.0034,876
0.54,9.5,0.2272,0.0034,876
0.54,10.5,0.1998,0.0034,876
0.54,11.5,0.1792,0.0034,876
0.54,12.5,0.1701,0.0034,876
0.54,13.5,0.1575,0.0034,876
0.54,14.5,0.1336,0.0034,876
0.54,15.5,0.1256,0.0034,876
0.54,16.5,0.1176,0.0034,876
0.54,17.5,0.0993,0.0034,876
0.54,18.5,0.0925,0.0034,876
0.54,19.5,0.0879,0.0034,876
0.54,20.5,0.0788,0.0034,876
0.54,21.5,0.0616,0.0034,876
0.54,22.5,0.0571,0.0034,876
0.54,23.5,0.0548,0.0034,876
0.54,24.5,0.0457,0.0034,876
0.54,25.5,0.0388,0.0034,876
0.54,26.5,0.0377,0.0034,876
0.54,27.5,0.0342,0.0034,876
0.54,28.5,0.0263,0.0034,876
0.54,29.5,0.0194,0.0034,876
0.54,30.5,0.0183,0.0034,876
0.55,-30.5,0.9883,0.0032,937
0.55,-29.5,0.9872,0.0032,937
0.55,-28.5,0.9861,0.0032,937
0.55,-27.5,0.9797,0.0032,937
0.55,-26.5,0.9755,0.0032,937
0.55,-25.5,0.9712,0.0032,937
0.55,-24.5,0.9637,0.0032,937
0.55,-23.5,0.9605,0.0032,937
0.55,-22.5,0.953,0.0032,937
0.55,-21.5,0.9498,0.0032,937
0.55,-20.5,0.9445,0.0032,937
0.55,-19.5,0.9381,0.0032,937
0.55,-18.5,0.9317,0.0032,937
0.55,-17.5,0.9157,0.0032,937
0.55,-16.5,0.9039,0.0032,937
0.55,-15.5,0.8933,0.0032,937
0.55,-14.5,0.8879,0.0032,937
0.55,-13.5,0.8698,0.0032,937
0.55,-12.5,0.8602,0.0032,937
0.55,-11.5,0.8538,0.0032,937
0.55,-10.5,0.8463,0.0032,937
0.55,-9.5,0.8122,0.0032,937
0.55,-8.5,0.8058,0.0032,937
0.55,-7.5,0.7855,0.0032,937
0.55,-6.5,0.7481,0.0032,937
0.55,-5.5,0.7161,0.0032,937
0.55,-4.5,0.698,0.0032,937
0.55,-3.5,0.666,0.0032,937
0.55,-2.5,0.603,0.0032,937
0.55,-1.5,0.5795,0.0032,937
0.55,-0.5,0.5571,0.0032,937
0.55,0.5,0.5539,0.0032,937
0.55,1.5,0.5272,0.0032,937
0.55,2.5,0.4941,0.0032,937
0.55,3.5,0.4088,0.0032,937
0.55,4.5,0.3874,0.0032,937
0.55,5.5,0.3554,0.0032,937
0.55,6.5,0.3127,0.0032,937
0.55,7.5,0.2668,0.0032,937
0.55,8.5,0.2412,0.0032,937
0.55,9.5,0.2295,0.0032,937
0.55,10.5,0.2006,0.0032,937
0.55,11.5,0.1782,0.0032,937
0.55,12.5,0.1686,0.0032,937
0.55,13.5,0.158,0.0032,937
0.55,14.5,0.1355,0.0032,937
0.55,15.5,0.1291,0.0032,937
0.55,16.5,0.1206,0.0032,937
0.55,17.5,0.1035,0.0032,937
0.55,18.5,0.0939,0.0032,937
0.55,19.5,0.0918,0.0032,937
0.55,20.5,0.0811,0.0032,937
0.55,21.5,0.0651,0.0032,937
0.55,22.5,0.0608,0.0032,937
0.55,23.5,0.0555,0.0032,937
0.55,24.5,0.048,0.0032,937
0.55,25.5,0.0416,0.0032,937
0.55,26.5,0.0406,0.0032,937
0.55,27.5,0.0352,0.0032,937
0.55,28.5,0.0288,0.0032,937
0.55,29.5,0.0213,0.0032,937
0.55,30.5,0.0192,0.0032,937
0.56,-30.5,0.9886,0.0052,963
0.56,-29.5,0.9875,0.0052,963
0.56,-28.5,0.9875,0.0052,963
0.56,-27.5,0.9823,0.0052,963
0.56,-26.5,0.9782,0.0052,963
0.56,-25.5,0.9751,0.0052,963
0.56,-24.5,0.9678,0.0052,963
0.56,-23.5,0.9637,0.0052,963
0.56,-22.5,0.9564,0.0052,963
0.56,-21.5,0.9522,0.0052,963
0.56,-20.5,0.947,0.0052,963
0.56,-19.5,0.9418,0.0052,963
0.56,-18.5,0.9346,0.0052,963
0.56,-17.5,0.9211,0.0052,963
0.56,-16.5,0.9107,0.0052,963
0.56,-15.5,0.9013,0.0052,963
0.56,-14.5,0.8951,0.0052,963
0.56,-13.5,0.8785,0.0052,963
0.56,-12.5,0.8671,0.0052,963
0.56,-11.5,0.864,0.0052,963
0.56,-10.5,0.8598,0.0052,963
0.56,-9.5,0.8276,0.0052,963
0.56,-8.5,0.8224,0.0052,963
0.56,-7.5,0.7996,0.0052,963
0.56,-6.5,0.7601,0.0052,963
0.56,-5.5,0.73,0.0052,963
0.56,-4.5,0.7113,0.0052,963
0.56,-3.5,0.6791,0.0052,963
0.56,-2.5,0.6106,0.0052,963
0.56,-1.5,0.5888,0.0052,963
0.56,-0.5,0.5639,0.0052,963
0.56,0.5,0.5587,0.0052,963
0.56,1.5,0.5337,0.0052,963
0.56,2.5,0.4995,0.0052,963
0.56,3.5,0.4195,0.0052,963
0.56,4.5,0.3956,0.0052,963
0.56,5.5,0.3624,0.0052,963
0.56,6.5,0.3209,0.0052,963
0.56,7.5,0.27,0.0052,963
0.56,8.5,0.2451,0.0052,963
0.56,9.5,0.2336,0.0052,963
0.56,10.5,0.2035,0.0052,963
0.56,11.5,0.1828,0.0052,963
0.56,12.5,0.1724,0.0052,963
0.56,13.5,0.1599,0.0052,963
0.56,14.5,0.136,0.0052,963
0.56,15.5,0.1298,0.0052,963
0.56,16.5,0.1184,0.0052,963
0.56,17.5,0.1038,0.0052,963
0.56,18.5,0.0966,0.0052,963
0.56,19.5,0.0935,0.0052,963
0.56,20.5,0.0831,0.0052,963
0.56,21.5,0.0675,0.0052,963
0.56,22.5,0.0644,0.0052,963
0.56,23.5,0.0582,0.0052,963
0.56,24.5,0.0478,0.0052,963
0.56,25.5,0.0415,0.0052,963
0.56,26.5,0.0415,0.0052,963
0.56,27.5,0.0363,0.0052,963
0.56,28.5,0.0291,0.0052,963
0.56,29.5,0.0228,0.0052,963
0.56,30.5,0.0218,0.0052,963
0.57,-30.5,0.992,0.004,995
0.57,-29.5,0.9899,0.004,995
0.57,-28.5,0.9889,0.004,995
0.57,-27.5,0.9819,0.004,995
0.57,-26.5,0.9779,0.004,995
0.57,-25.5,0.9739,0.004,995
0.57,-24.5,0.9668,0.004,995
0.57,-23.5,0.9608,0.004,995
0.57,-22.5,0.9518,0.004,995
0.57,-21.5,0.9447,0.004,995
0.57,-20.5,0.9387,0.004,995
0.57,-19.5,0.9307,0.004,995
0.57,-18.5,0.9236,0.004,995
0.57,-17.5,0.9146,0.004,995
0.57,-16.5,0.9035,0.004,995
0.57,-15.5,0.8925,0.004,995
0.57,-14.5,0.8854,0.004,995
0.57,-13.5,0.8663,0.004,995
0.57,-12.5,0.8533,0.004,995
0.57,-11.5,0.8513,0.004,995
0.57,-10.5,0.8452,0.004,995
0.57,-9.5,0.8141,0.004,995
0.57,-8.5,0.808,0.004,995
0.57,-7.5,0.796,0.004,995
0.57,-6.5,0.7508,0.004,995
0.57,-5.5,0.7196,0.004,995
0.57,-4.5,0.6995,0.004,995
0.57,-3.5,0.6734,0.004,995
0.57,-2.5,0.6,0.004,995
0.57,-1.5,0.5799,0.004,995
0.57,-0.5,0.5548,0.004,995
0.57,0.5,0.5508,0.004,995
0.57,1.5,0.5206,0.004,995
0.57,2.5,0.4905,0.004,995
0.57,3.5,0.4121,0.004,995
0.57,4.5,0.3899,0.004,995
0.57,5.5,0.3588,0.004,995
0.57,6.5,0.3176,0.004,995
0.57,7.5,0.2693,0.004,995
0.57,8.5,0.2462,0.004,995
0.57,9.5,0.2382,0.004,995
0.57,10.5,0.208,0.004,995
0.57,11.5,0.1889,0.004,995
0.57,12.5,0.1789,0.004,995
0.57,13.5,0.1658,0.004,995
0.57,14.5,0.1387,0.004,995
0.57,15.5,0.1347,0.004,995
0.57,16.5,0.1246,0.004,995
0.57,17.5,0.1106,0.004,995
0.57,18.5,0.1035,0.004,995
0.57,19.5,0.0995,0.004,995
0.57,20.5,0.0884,0.004,995
0.57,21.5,0.0774,0.004,995
0.57,22.5,0.0744,0.004,995
0.57,23.5,0.0673,0.004,995
0.57,24.5,0.0563,0.004,995
0.57,25.5,0.0492,0.004,995
0.57,26.5,0.0482,0.004,995
0.57,27.5,0.0402,0.004,995
0.57,28.5,0.0322,0.004,995
0.57,29.5,0.0261,0.004,995
0.57,30.5,0.0251,0.004,995
0.58,-30.5,0.9933,0.0029,1041
0.58,-29.5,0.9914,0.0029,1041
0.58,-28.5,0.9904,0.0029,1041
0.58,-27.5,0.9846,0.0029,1041
0.58,-26.5,0.9798,0.0029,1041
0.58,-25.5,0.976,0.0029,1041
0.58,-24.5,0.9712,0.0029,1041
0.58,-23.5,0.9635,0.0029,1041
0.58,-22.5,0.9539,0.0029,1041
0.58,-21.5,0.9462,0.0029,1041
0.58,-20.5,0.9404,0.0029,1041
0.58,-19.5,0.9308,0.0029,1041
0.58,-18.5,0.9232,0.0029,1041
0.58,-17.5,0.9145,0.0029,1041
0.58,-16.5,0.9059,0.0029,1041
0.58,-15.5,0.8934,0.0029,1041
0.58,-14.5,0.8828,0.0029,1041
0.58,-13.5,0.8665,0.0029,1041
0.58,-12.5,0.854,0.0029,1041
0.58,-11.5,0.8511,0.0029,1041
0.58,-10.5,0.8463,0.0029,1041
0.58,-9.5,0.8136,0.0029,1041
0.58,-8.5,0.8088,0.0029,1041
0.58,-7.5,0.7983,0.0029,1041
0.58,-6.5,0.756,0.0029,1041
0.58,-5.5,0.7243,0.0029,1041
0.58,-4.5,0.7051,0.0029,1041
0.58,-3.5,0.6782,0.0029,1041
0.58,-2.5,0.6023,0.0029,1041
0.58,-1.5,0.585,0.0029,1041
0.58,-0.5,0.562,0.0029,1041
0.58,0.5,0.5591,0.0029,1041
0.58,1.5,0.5283,0.0029,1041
0.58,2.5,0.4938,0.0029,1041
0.58,3.5,0.4102,0.0029,1041
0.58,4.5,0.3881,0.0029,1041
0.58,5.5,0.3622,0.0029,1041
0.58,6.5,0.318,0.0029,1041
0.58,7.5,0.2661,0.0029,1041
0.58,8.5,0.244,0.0029,1041
0.58,9.5,0.2373,0.0029,1041
0.58,10.5,0.2065,0.0029,1041
0.58,11.5,0.195,0.0029,1041
0.58,12.5,0.1854,0.0029,1041
0.58,13.5,0.172,0.0029,1041
0.58,14.5,0.1431,0.0029,1041
0.58,15.5,0.1393,0.0029,1041
0.58,16.5,0.1297,0.0029,1041
0.58,17.5,0.1134,0.0029,1041
0.58,18.5,0.1057,0.0029,1041
0.58,19.5,0.1018,0.0029,1041
0.58,20.5,0.0932,0.0029,1041
0.58,21.5,0.0826,0.0029,1041
0.58,22.5,0.0778,0.0029,1041
0.58,23.5,0.0692,0.0029,1041
0.58,24.5,0.0557,0.0029,1041
0.58,25.5,0.05,0.0029,1041
0.58,26.5,0.048,0.0029,1041
0.58,27.5,0.0384,0.0029,1041
0.58,28.5,0.0317,0.0029,1041
0.58,29.5,0.0269,0.0029,1041
0.58,30.5,0.0259,0.0029,1041
0.59,-30.5,0.9933,0.0029,1046
0.59,-29.5,0.9914,0.0029,1046
0.59,-28.5,0.9904,0.0029,1046
0.59,-27.5,0.9857,0.0029,1046
0.59,-26.5,0.9818,0.0029,1046
0.59,-25.5,0.978,0.0029,1046
0.59,-24.5,0.9751,0.0029,1046
0.59,-23.5,0.9675,0.0029,1046
0.59,-22.5,0.9589,0.0029,1046
0.59,-21.5,0.9522,0.0029,1046
0.59,-20.5,0.9474,0.0029,1046
0.59,-19.5,0.9369,0.0029,1046
0.59,-18.5,0.9321,0.0029,1046
0.59,-17.5,0.9273,0.0029,1046
0.59,-16.5,0.9197,0.0029,1046
0.59,-15.5,0.9054,0.0029,1046
0.59,-14.5,0.8939,0.0029,1046
0.59,-13.5,0.8738,0.0029,1046
0.59,-12.5,0.8623,0.0029,1046
0.59,-11.5,0.8595,0.0029,1046
0.59,-10.5,0.8537,0.0029,1046
0.59,-9.5,0.825,0.0029,1046
0.59,-8.5,0.8203,0.0029,1046
0.59,-7.5,0.8059,0.0029,1046
0.59,-6.5,0.761,0.0029,1046
0.59,-5.5,0.7314,0.0029,1046
0.59,-4.5,0.7113,0.0029,1046
0.59,-3.5,0.6855,0.0029,1046
0.59,-2.5,0.6052,0.0029,1046
0.59,-1.5,0.5908,0.0029,1046
0.59,-0.5,0.5698,0.0029,1046
0.59,0.5,0.5669,0.0029,1046
0.59,1.5,0.5392,0.0029,1046
0.59,2.5,0.5029,0.0029,1046
0.59,3.5,0.4111,0.0029,1046
0.59,4.5,0.3881,0.0029,1046
0.59,5.5,0.3623,0.0029,1046
0.59,6.5,0.3212,0.0029,1046
0.59,7.5,0.2696,0.0029,1046
0.59,8.5,0.2476,0.0029,1046
0.59,9.5,0.24,0.0029,1046
0.59,10.5,0.2141,0.0029,1046
0.59,11.5,0.2036,0.0029,1046
0.59,12.5,0.1931,0.0029,1046
0.59,13.5,0.1826,0.0029,1046
0.59,14.5,0.152,0.0029,1046
0.59,15.5,0.1472,0.0029,1046
0.59,16.5,0.1386,0.0029,1046
0.59,17.5,0.1224,0.0029,1046
0.59,18.5,0.1147,0.0029,1046
0.59,19.5,0.109,0.0029,1046
0.59,20.5,0.1004,0.0029,1046
0.59,21.5,0.088,0.0029,1046
0.59,22.5,0.0841,0.0029,1046
0.59,23.5,0.0736,0.0029,1046
0.59,24.5,0.0602,0.0029,1046
0.59,25.5,0.0554,0.0029,1046
0.59,26.5,0.0526,0.0029,1046
0.59,27.5,0.0421,0.0029,1046
0.59,28.5,0.0354,0.0029,1046
0.59,29.5,0.0306,0.0029,1046
0.59,30.5,0.0287,0.0029,1046
0.6,-30.5,0.9914,0.0029,1050
0.6,-29.5,0.9905,0.0029,1050
0.6,-28.5,0.9895,0.0029,1050
0.6,-27.5,0.9838,0.0029,1050
0.6,-26.5,0.9819,0.0029,1050
0.6,-25.5,0.9781,0.0029,1050
0.6,-24.5,0.9771,0.0029,1050
0.6,-23.5,0.9686,0.0029,1050
0.6,-22.5,0.9619,0.0029,1050
0.6,-21.5,0.9562,0.0029,1050
0.6,-20.5,0.9533,0.0029,1050
0.6,-19.5,0.9438,0.0029,1050
0.6,-18.5,0.939,0.0029,1050
0.6,-17.5,0.9381,0.0029,1050
0.6,-16.5,0.9324,0.0029,1050
0.6,-15.5,0.921,0.0029,1050
0.6,-14.5,0.9105,0.0029,1050
0.6,-13.5,0.8943,0.0029,1050
0.6,-12.5,0.881,0.0029,1050
0.6,-11.5,0.8781,0.0029,1050
0.6,-10.5,0.8695,0.0029,1050
0.6,-9.5,0.84,0.0029,1050
0.6,-8.5,0.8371,0.0029,1050
0.6,-7.5,0.8238,0.0029,1050
0.6,-6.5,0.779,0.0029,1050
0.6,-5.5,0.7476,0.0029,1050
0.6,-4.5,0.7257,0.0029,1050
0.6,-3.5,0.7048,0.0029,1050
0.6,-2.5,0.62,0.0029,1050
0.6,-1.5,0.6019,0.0029,1050
0.6,-0.5,0.579,0.0029,1050
0.6,0.5,0.5762,0.0029,1050
0.6,1.5,0.5486,0.0029,1050
0.6,2.5,0.5152,0.0029,1050
0.6,3.5,0.4305,0.0029,1050
0.6,4.5,0.4048,0.0029,1050
0.6,5.5,0.379,0.0029,1050
0.6,6.5,0.3419,0.0029,1050
0.6,7.5,0.2905,0.0029,1050
0.6,8.5,0.2657,0.0029,1050
0.6,9.5,0.261,0.0029,1050
0.6,10.5,0.2314,0.0029,1050
0.6,11.5,0.22,0.0029,1050
0.6,12.5,0.2124,0.0029,1050
0.6,13.5,0.201,0.0029,1050
0.6,14.5,0.1705,0.0029,1050
0.6,15.5,0.1657,0.0029,1050
0.6,16.5,0.1552,0.0029,1050
0.6,17.5,0.1352,0.0029,1050
0.6,18.5,0.1248,0.0029,1050
0.6,19.5,0.119,0.0029,1050
0.6,20.5,0.1086,0.0029,1050
0.6,21.5,0.0962,0.0029,1050
0.6,22.5,0.0914,0.0029,1050
0.6,23.5,0.079,0.0029,1050
0.6,24.5,0.0619,0.0029,1050
0.6,25.5,0.0571,0.0029,1050
0.6,26.5,0.0533,0.0029,1050
0.6,27.5,0.0429,0.0029,1050
0.6,28.5,0.0371,0.0029,1050
0.6,29.5,0.0324,0.0029,1050
0.6,30.5,0.0295,0.0029,1050
0.61,-30.5,0.9909,0.0027,1097
0.61,-29.5,0.9891,0.0027,1097
0.61,-28.5,0.9881,0.0027,1097
0.61,-27.5,0.9845,0.0027,1097
0.61,-26.5,0.9827,0.0027,1097
0.61,-25.5,0.9799,0.0027,1097
0.61,-24.5,0.979,0.0027,1097
0.61,-23.5,0.9708,0.0027,1097
0.61,-22.5,0.9654,0.0027,1097
0.61,-21.5,0.9599,0.0027,1097
0.61,-20.5,0.9562,0.0027,1097
0.61,-19.5,0.949,0.0027,1097
0.61,-18.5,0.9462,0.0027,1097
0.61,-17.5,0.9444,0.0027,1097
0.61,-16.5,0.9371,0.0027,1097
0.61,-15.5,0.928,0.0027,1097
0.61,-14.5,0.9207,0.0027,1097
0.61,-13.5,0.9006,0.0027,1097
0.61,-12.5,0.8861,0.0027,1097
0.61,-11.5,0.8815,0.0027,1097
0.61,-10.5,0.8724,0.0027,1097
0.61,-9.5,0.8469,0.0027,1097
0.61,-8.5,0.8414,0.0027,1097
0.61,-7.5,0.8268,0.0027,1097
0.61,-6.5,0.7748,0.0027,1097
0.61,-5.5,0.7457,0.0027,1097
0.61,-4.5,0.7311,0.0027,1097
0.61,-3.5,0.7156,0.0027,1097
0.61,-2.5,0.6299,0.0027,1097
0.61,-1.5,0.608,0.0027,1097
0.61,-0.5,0.5852,0.0027,1097
0.61,0.5,0.5825,0.0027,1097
0.61,1.5,0.5588,0.0027,1097
0.61,2.5,0.5314,0.0027,1097
0.61,3.5,0.4467,0.0027,1097
0.61,4.5,0.4166,0.0027,1097
0.61,5.5,0.3892,0.0027,1097
0.61,6.5,0.3528,0.0027,1097
0.61,7.5,0.3017,0.0027,1097
0.61,8.5,0.2799,0.0027,1097
0.61,9.5,0.2744,0.0027,1097
0.61,10.5,0.2452,0.0027,1097
0.61,11.5,0.2343,0.0027,1097
0.61,12.5,0.2242,0.0027,1097
0.61,13.5,0.2097,0.0027,1097
0.61,14.5,0.1759,0.0027,1097
0.61,15.5,0.1714,0.0027,1097
0.61,16.5,0.1613,0.0027,1097
0.61,17.5,0.1376,0.0027,1097
0.61,18.5,0.1285,0.0027,1097
0.61,19.5,0.1222,0.0027,1097
0.61,20.5,0.1103,0.0027,1097
0.61,21.5,0.0957,0.0027,1097
0.61,22.5,0.0912,0.0027,1097
0.61,23.5,0.0802,0.0027,1097
0.61,24.5,0.0629,0.0027,1097
0.61,25.5,0.0565,0.0027,1097
0.61,26.5,0.0501,0.0027,1097
0.61,27.5,0.0419,0.0027,1097
0.61,28.5,0.0346,0.0027,1097
0.61,29.5,0.031,0.0027,1097
0.61,30.5,0.0292,0.0027,1097
0.62,-30.5,0.9909,0.0009,1103
0.62,-29.5,0.9891,0.0009,1103
0.62,-28.5,0.9882,0.0009,1103
0.62,-27.5,0.9846,0.0009,1103
0.62,-26.5,0.9828,0.0009,1103
0.62,-25.5,0.9791,0.0009,1103
0.62,-24.5,0.9782,0.0009,1103
0.62,-23.5,0.9692,0.0009,1103
0.62,-22.5,0.9646,0.0009,1103
0.62,-21.5,0.9601,0.0009,1103
0.62,-20.5,0.9547,0.0009,1103
0.62,-19.5,0.9474,0.0009,1103
0.62,-18.5,0.9456,0.0009,1103
0.62,-17.5,0.9411,0.0009,1103
0.62,-16.5,0.932,0.0009,1103
0.62,-15.5,0.9229,0.0009,1103
0.62,-14.5,0.9166,0.0009,1103
0.62,-13.5,0.8948,0.0009,1103
0.62,-12.5,0.8821,0.0009,1103
0.62,-11.5,0.8767,0.0009,1103
0.62,-10.5,0.8667,0.0009,1103
0.62,-9.5,0.8459,0.0009,1103
0.62,-8.5,0.8404,0.0009,1103
0.62,-7.5,0.8305,0.0009,1103
0.62,-6.5,0.7806,0.0009,1103
0.62,-5.5,0.748,0.0009,1103
0.62,-4.5,0.7289,0.0009,1103
0.62,-3.5,0.7153,0.0009,1103
0.62,-2.5,0.631,0.0009,1103
0.62,-1.5,0.6092,0.0009,1103
0.62,-0.5,0.5839,0.0009,1103
0.62,0.5,0.583,0.0009,1103
0.62,1.5,0.5603,0.0009,1103
0.62,2.5,0.5367,0.0009,1103
0.62,3.5,0.4433,0.0009,1103
0.62,4.5,0.4152,0.0009,1103
0.62,5.5,0.3889,0.0009,1103
0.62,6.5,0.3518,0.0009,1103
0.62,7.5,0.3064,0.0009,1103
0.62,8.5,0.2838,0.0009,1103
0.62,9.5,0.2774,0.0009,1103
0.62,10.5,0.2457,0.0009,1103
0.62,11.5,0.2339,0.0009,1103
0.62,12.5,0.2257,0.0009,1103
0.62,13.5,0.2121,0.0009,1103
0.62,14.5,0.1795,0.0009,1103
0.62,15.5,0.1732,0.0009,1103
0.62,16.5,0.1632,0.0009,1103
0.62,17.5,0.1369,0.0009,1103
0.62,18.5,0.1269,0.0009,1103
0.62,19.5,0.1215,0.0009,1103
0.62,20.5,0.1097,0.0009,1103
0.62,21.5,0.0934,0.0009,1103
0.62,22.5,0.0888,0.0009,1103
0.62,23.5,0.078,0.0009,1103
0.62,24.5,0.0607,0.0009,1103
0.62,25.5,0.0535,0.0009,1103
0.62,26.5,0.0471,0.0009,1103
0.62,27.5,0.0408,0.0009,1103
0.62,28.5,0.0335,0.0009,1103
0.62,29.5,0.0308,0.0009,1103
0.62,30.5,0.029,0.0009,1103
0.63,-30.5,0.9906,0.0009,1064
0.63,-29.5,0.9897,0.0009,1064
0.63,-28.5,0.9897,0.0009,1064
0.63,-27.5,0.9878,0.0009,1064
0.63,-26.5,0.9859,0.0009,1064
0.63,-25.5,0.9831,0.0009,1064
0.63,-24.5,0.9821,0.0009,1064
0.63,-23.5,0.9756,0.0009,1064
0.63,-22.5,0.9737,0.0009,1064
0.63,-21.5,0.9718,0.0009,1064
0.63,-20.5,0.9652,0.0009,1064
0.63,-19.5,0.9596,0.0009,1064
0.63,-18.5,0.9577,0.0009,1064
0.63,-17.5,0.9511,0.0009,1064
0.63,-16.5,0.9445,0.0009,1064
0.63,-15.5,0.937,0.0009,1064
0.63,-14.5,0.9295,0.0009,1064
0.63,-13.5,0.9088,0.0009,1064
0.63,-12.5,0.8994,0.0009,1064
0.63,-11.5,0.8938,0.0009,1064
0.63,-10.5,0.8853,0.0009,1064
0.63,-9.5,0.8665,0.0009,1064
0.63,-8.5,0.8609,0.0009,1064
0.63,-7.5,0.8477,0.0009,1064
0.63,-6.5,0.8008,0.0009,1064
0.63,-5.5,0.765,0.0009,1064
0.63,-4.5,0.7472,0.0009,1064
0.63,-3.5,0.734,0.0009,1064
0.63,-2.5,0.6523,0.0009,1064
0.63,-1.5,0.6297,0.0009,1064
0.63,-0.5,0.6062,0.0009,1064
0.63,0.5,0.6053,0.0009,1064
0.63,1.5,0.5883,0.0009,1064
0.63,2.5,0.5695,0.0009,1064
0.63,3.5,0.4737,0.0009,1064
0.63,4.5,0.4427,0.0009,1064
0.63,5.5,0.4145,0.0009,1064
0.63,6.5,0.3769,0.0009,1064
0.63,7.5,0.3214,0.0009,1064
0.63,8.5,0.2961,0.0009,1064
0.63,9.5,0.2885,0.0009,1064
0.63,10.5,0.2566,0.0009,1064
0.63,11.5,0.2415,0.0009,1064
0.63,12.5,0.234,0.0009,1064
0.63,13.5,0.218,0.0009,1064
0.63,14.5,0.1908,0.0009,1064
0.63,15.5,0.1842,0.0009,1064
0.63,16.5,0.1729,0.0009,1064
0.63,17.5,0.1466,0.0009,1064
0.63,18.5,0.1353,0.0009,1064
0.63,19.5,0.1297,0.0009,1064
0.63,20.5,0.1147,0.0009,1064
0.63,21.5,0.0959,0.0009,1064
0.63,22.5,0.0912,0.0009,1064
0.63,23.5,0.0808,0.0009,1064
0.63,24.5,0.063,0.0009,1064
0.63,25.5,0.0555,0.0009,1064
0.63,26.5,0.0498,0.0009,1064
0.63,27.5,0.0451,0.0009,1064
0.63,28.5,0.0385,0.0009,1064
0.63,29.5,0.0357,0.0009,1064
0.63,30.5,0.0329,0.0009,1064
0.64,-30.5,0.9911,0.001,1013
0.64,-29.5,0.9901,0.001,1013
0.64,-28.5,0.9901,0.001,1013
0.64,-27.5,0.9882,0.001,1013
0.64,-26.5,0.9872,0.001,1013
0.64,-25.5,0.9842,0.001,1013
0.64,-24.5,0.9832,0.001,1013
0.64,-23.5,0.9793,0.001,1013
0.64,-22.5,0.9793,0.001,1013
0.64,-21.5,0.9793,0.001,1013
0.64,-20.5,0.9714,0.001,1013
0.64,-19.5,0.9664,0.001,1013
0.64,-18.5,0.9654,0.001,1013
0.64,-17.5,0.9576,0.001,1013
0.64,-16.5,0.9497,0.001,1013
0.64,-15.5,0.9437,0.001,1013
0.64,-14.5,0.9388,0.001,1013
0.64,-13.5,0.9171,0.001,1013
0.64,-12.5,0.9062,0.001,1013
0.64,-11.5,0.9003,0.001,1013
0.64,-10.5,0.8904,0.001,1013
0.64,-9.5,0.8776,0.001,1013
0.64,-8.5,0.8697,0.001,1013
0.64,-7.5,0.8549,0.001,1013
0.64,-6.5,0.8075,0.001,1013
0.64,-5.5,0.7769,0.001,1013
0.64,-4.5,0.7611,0.001,1013
0.64,-3.5,0.7502,0.001,1013
0.64,-2.5,0.6703,0.001,1013
0.64,-1.5,0.6466,0.001,1013
0.64,-0.5,0.6229,0.001,1013
0.64,0.5,0.6219,0.001,1013
0.64,1.5,0.6041,0.001,1013
0.64,2.5,0.5903,0.001,1013
0.64,3.5,0.4926,0.001,1013
0.64,4.5,0.463,0.001,1013
0.64,5.5,0.4373,0.001,1013
0.64,6.5,0.4008,0.001,1013
0.64,7.5,0.3425,0.001,1013
0.64,8.5,0.3149,0.001,1013
0.64,9.5,0.306,0.001,1013
0.64,10.5,0.2646,0.001,1013
0.64,11.5,0.2478,0.001,1013
0.64,12.5,0.2379,0.001,1013
0.64,13.5,0.2231,0.001,1013
0.64,14.5,0.1974,0.001,1013
0.64,15.5,0.1876,0.001,1013
0.64,16.5,0.1737,0.001,1013
0.64,17.5,0.151,0.001,1013
0.64,18.5,0.1382,0.001,1013
0.64,19.5,0.1303,0.001,1013
0.64,20.5,0.1155,0.001,1013
0.64,21.5,0.0997,0.001,1013
0.64,22.5,0.0967,0.001,1013
0.64,23.5,0.0829,0.001,1013
0.64,24.5,0.0671,0.001,1013
0.64,25.5,0.0573,0.001,1013
0.64,26.5,0.0523,0.001,1013
0.64,27.5,0.0484,0.001,1013
0.64,28.5,0.0415,0.001,1013
0.64,29.5,0.0375,0.001,1013
0.64,30.5,0.0346,0.001,1013
0.65,-30.5,0.9929,0.0,985
0.65,-29.5,0.9919,0.0,985
0.65,-28.5,0.9919,0.0,985
0.65,-27.5,0.9898,0.0,985
0.65,-26.5,0.9888,0.0,985
0.65,-25.5,0.9868,0.0,985
0.65,-24.5,0.9858,0.0,985
0.65,-23.5,0.9817,0.0,985
0.65,-22.5,0.9817,0.0,985
0.65,-21.5,0.9807,0.0,985
0.65,-20.5,0.9726,0.0,985
0.65,-19.5,0.9685,0.0,985
0.65,-18.5,0.9675,0.0,985
0.65,-17.5,0.9584,0.0,985
0.65,-16.5,0.9472,0.0,985
0.65,-15.5,0.9452,0.0,985
0.65,-14.5,0.9401,0.0,985
0.65,-13.5,0.9218,0.0,985
0.65,-12.5,0.9127,0.0,985
0.65,-11.5,0.9086,0.0,985
0.65,-10.5,0.8995,0.0,985
0.65,-9.5,0.8873,0.0,985
0.65,-8.5,0.8761,0.0,985
0.65,-7.5,0.865,0.0,985
0.65,-6.5,0.8193,0.0,985
0.65,-5.5,0.7898,0.0,985
0.65,-4.5,0.7746,0.0,985
0.65,-3.5,0.7635,0.0,985
0.65,-2.5,0.6893,0.0,985
0.65,-1.5,0.665,0.0,985
0.65,-0.5,0.6416,0.0,985
0.65,0.5,0.6416,0.0,985
0.65,1.5,0.6213,0.0,985
0.65,2.5,0.6091,0.0,985
0.65,3.5,0.5127,0.0,985
0.65,4.5,0.4772,0.0,985
0.65,5.5,0.4508,0.0,985
0.65,6.5,0.4081,0.0,985
0.65,7.5,0.3503,0.0,985
0.65,8.5,0.3188,0.0,985
0.65,9.5,0.3096,0.0,985
0.65,10.5,0.265,0.0,985
0.65,11.5,0.2497,0.0,985
0.65,12.5,0.2406,0.0,985
0.65,13.5,0.2264,0.0,985
0.65,14.5,0.198,0.0,985
0.65,15.5,0.1888,0.0,985
0.65,16.5,0.1706,0.0,985
0.65,17.5,0.1462,0.0,985
0.65,18.5,0.133,0.0,985
0.65,19.5,0.1259,0.0,985
0.65,20.5,0.1117,0.0,985
0.65,21.5,0.0914,0.0,985
0.65,22.5,0.0873,0.0,985
0.65,23.5,0.0751,0.0,985
0.65,24.5,0.0609,0.0,985
0.65,25.5,0.0518,0.0,985
0.65,26.5,0.0467,0.0,985
0.65,27.5,0.0437,0.0,985
0.65,28.5,0.0355,0.0,985
0.65,29.5,0.0325,0.0,985
0.65,30.5,0.0294,0.0,985
0.66,-30.5,0.997,0.001,987
0.66,-29.5,0.9939,0.001,987
0.66,-28.5,0.9939,0.001,987
0.66,-27.5,0.9909,0.001,987
0.66,-26.5,0.9899,0.001,987
0.66,-25.5,0.9889,0.001,987
0.66,-24.5,0.9878,0.001,987
0.66,-23.5,0.9848,0.001,987
0.66,-22.5,0.9848,0.001,987
0.66,-21.5,0.9838,0.001,987
0.66,-20.5,0.9757,0.001,987
0.66,-19.5,0.9726,0.001,987
0.66,-18.5,0.9696,0.001,987
0.66,-17.5,0.9605,0.001,987
0.66,-16.5,0.9483,0.001,987
0.66,-15.5,0.9443,0.001,987
0.66,-14.5,0.9382,0.001,987
0.66,-13.5,0.9159,0.001,987
0.66,-12.5,0.9078,0.001,987
0.66,-11.5,0.9007,0.001,987
0.66,-10.5,0.8936,0.001,987
0.66,-9.5,0.8835,0.001,987
0.66,-8.5,0.8713,0.001,987
0.66,-7.5,0.8602,0.001,987
0.66,-6.5,0.8207,0.001,987
0.66,-5.5,0.7923,0.001,987
0.66,-4.5,0.7771,0.001,987
0.66,-3.5,0.766,0.001,987
0.66,-2.5,0.696,0.001,987
0.66,-1.5,0.6798,0.001,987
0.66,-0.5,0.6555,0.001,987
0.66,0.5,0.6545,0.001,987
0.66,1.5,0.6302,0.001,987
0.66,2.5,0.6211,0.001,987
0.66,3.5,0.5177,0.001,987
0.66,4.5,0.4833,0.001,987
0.66,5.5,0.4559,0.001,987
0.66,6.5,0.4164,0.001,987
0.66,7.5,0.3607,0.001,987
0.66,8.5,0.3323,0.001,987
0.66,9.5,0.3222,0.001,987
0.66,10.5,0.2746,0.001,987
0.66,11.5,0.2624,0.001,987
0.66,12.5,0.2513,0.001,987
0.66,13.5,0.234,0.001,987
0.66,14.5,0.2097,0.001,987
0.66,15.5,0.1996,0.001,987
0.66,16.5,0.1763,0.001,987
0.66,17.5,0.154,0.001,987
0.66,18.5,0.1398,0.001,987
0.66,19.5,0.1327,0.001,987
0.66,20.5,0.1155,0.001,987
0.66,21.5,0.0922,0.001,987
0.66,22.5,0.0871,0.001,987
0.66,23.5,0.075,0.001,987
0.66,24.5,0.0659,0.001,987
0.66,25.5,0.0578,0.001,987
0.66,26.5,0.0537,0.001,987
0.66,27.5,0.0507,0.001,987
0.66,28.5,0.0395,0.001,987
0.66,29.5,0.0355,0.001,987
0.66,30.5,0.0314,0.001,987
0.67,-30.5,0.9989,0.0011,906
0.67,-29.5,0.9967,0.0011,906
0.67,-28.5,0.9967,0.0011,906
0.67,-27.5,0.9923,0.0011,906
0.67,-26.5,0.9923,0.0011,906
0.67,-25.5,0.9912,0.0011,906
0.67,-24.5,0.9901,0.0011,906
0.67,-23.5,0.9857,0.0011,906
0.67,-22.5,0.9857,0.0011,906
0.67,-21.5,0.9845,0.0011,906
0.67,-20.5,0.9746,0.0011,906
0.67,-19.5,0.9713,0.0011,906
0.67,-18.5,0.9669,0.0011,906
0.67,-17.5,0.9581,0.0011,906
0.67,-16.5,0.947,0.0011,906
0.67,-15.5,0.9426,0.0011,906
0.67,-14.5,0.936,0.0011,906
0.67,-13.5,0.915,0.0011,906
0.67,-12.5,0.9062,0.0011,906
0.67,-11.5,0.8996,0.0011,906
0.67,-10.5,0.8918,0.0011,906
0.67,-9.5,0.883,0.0011,906
0.67,-8.5,0.872,0.0011,906
0.67,-7.5,0.862,0.0011,906
0.67,-6.5,0.83,0.0011,906
0.67,-5.5,0.7947,0.0011,906
0.67,-4.5,0.777,0.0011,906
0.67,-3.5,0.7649,0.0011,906
0.67,-2.5,0.6998,0.0011,906
0.67,-1.5,0.6854,0.0011,906
0.67,-0.5,0.6611,0.0011,906
0.67,0.5,0.66,0.0011,906
0.67,1.5,0.6369,0.0011,906
0.67,2.5,0.6247,0.0011,906
0.67,3.5,0.5254,0.0011,906
0.67,4.5,0.4923,0.0011,906
0.67,5.5,0.468,0.0011,906
0.67,6.5,0.4316,0.0011,906
0.67,7.5,0.3775,0.0011,906
0.67,8.5,0.3433,0.0011,906
0.67,9.5,0.3355,0.0011,906
0.67,10.5,0.2837,0.0011,906
0.67,11.5,0.2704,0.0011,906
0.67,12.5,0.2616,0.0011,906
0.67,13.5,0.245,0.0011,906
0.67,14.5,0.2208,0.0011,906
0.67,15.5,0.2086,0.0011,906
0.67,16.5,0.1821,0.0011,906
0.67,17.5,0.1645,0.0011,906
0.67,18.5,0.1468,0.0011,906
0.67,19.5,0.1402,0.0011,906
0.67,20.5,0.1247,0.0011,906
0.67,21.5,0.1015,0.0011,906
0.67,22.5,0.0982,0.0011,906
0.67,23.5,0.085,0.0011,906
0.67,24.5,0.0717,0.0011,906
0.67,25.5,0.0618,0.0011,906
0.67,26.5,0.0596,0.0011,906
0.67,27.5,0.0552,0.0011,906
0.67,28.5,0.0442,0.0011,906
0.67,29.5,0.0408,0.0011,906
0.67,30.5,0.0353,0.0011,906
0.68,-30.5,0.9989,0.0023,888
0.68,-29.5,0.9966,0.0023,888
0.68,-28.5,0.9966,0.0023,888
0.68,-27.5,0.9921,0.0023,888
0.68,-26.5,0.9921,0.0023,888
0.68,-25.5,0.991,0.0023,888
0.68,-24.5,0.9899,0.0023,888
0.68,-23.5,0.9876,0.0023,888
0.68,-22.5,0.9876,0.0023,888
0.68,-21.5,0.9865,0.0023,888
0.68,-20.5,0.9786,0.0023,888
0.68,-19.5,0.9752,0.0023,888
0.68,-18.5,0.9718,0.0023,888
0.68,-17.5,0.9662,0.0023,888
0.68,-16.5,0.9561,0.0023,888
0.68,-15.5,0.9516,0.0023,888
0.68,-14.5,0.9448,0.0023,888
0.68,-13.5,0.9257,0.0023,888
0.68,-12.5,0.9167,0.0023,888
0.68,-11.5,0.9099,0.0023,888
0.68,-10.5,0.9032,0.0023,888
0.68,-9.5,0.8941,0.0023,888
0.68,-8.5,0.8818,0.0023,888
0.68,-7.5,0.8705,0.0023,888
0.68,-6.5,0.8378,0.0023,888
0.68,-5.5,0.8029,0.0023,888
0.68,-4.5,0.7894,0.0023,888
0.68,-3.5,0.7759,0.0023,888
0.68,-2.5,0.7095,0.0023,888
0.68,-1.5,0.6971,0.0023,888
0.68,-0.5,0.6779,0.0023,888
0.68,0.5,0.6757,0.0023,888
0.68,1.5,0.6498,0.0023,888
0.68,2.5,0.6363,0.0023,888
0.68,3.5,0.5484,0.0023,888
0.68,4.5,0.5124,0.0023,888
0.68,5.5,0.4865,0.0023,888
0.68,6.5,0.4505,0.0023,888
0.68,7.5,0.3885,0.0023,888
0.68,8.5,0.3547,0.0023,888
0.68,9.5,0.348,0.0023,888
0.68,10.5,0.2962,0.0023,888
0.68,11.5,0.2838,0.0023,888
0.68,12.5,0.2736,0.0023,888
0.68,13.5,0.2556,0.0023,888
0.68,14.5,0.232,0.0023,888
0.68,15.5,0.2196,0.0023,888
0.68,16.5,0.1948,0.0023,888
0.68,17.5,0.1779,0.0023,888
0.68,18.5,0.1565,0.0023,888
0.68,19.5,0.1486,0.0023,888
0.68,20.5,0.134,0.0023,888
0.68,21.5,0.1137,0.0023,888
0.68,22.5,0.1081,0.0023,888
0.68,23.5,0.0946,0.0023,888
0.68,24.5,0.0845,0.0023,888
0.68,25.5,0.0721,0.0023,888
0.68,26.5,0.0687,0.0023,888
0.68,27.5,0.0619,0.0023,888
0.68,28.5,0.0507,0.0023,888
0.68,29.5,0.0473,0.0023,888
0.68,30.5,0.0383,0.0023,888
0.69,-30.5,0.9978,0.0022,899
0.69,-29.5,0.9956,0.0022,899
0.69,-28.5,0.9956,0.0022,899
0.69,-27.5,0.9911,0.0022,899
0.69,-26.5,0.9911,0.0022,899
0.69,-25.5,0.99,0.0022,899
0.69,-24.5,0.9878,0.0022,899
0.69,-23.5,0.9855,0.0022,899
0.69,-22.5,0.9855,0.0022,899
0.69,-21.5,0.9844,0.0022,899
0.69,-20.5,0.9789,0.0022,899
0.69,-19.5,0.9766,0.0022,899
0.69,-18.5,0.9733,0.0022,899
0.69,-17.5,0.9677,0.0022,899
0.69,-16.5,0.9577,0.0022,899
0.69,-15.5,0.9544,0.0022,899
0.69,-14.5,0.9499,0.0022,899
0.69,-13.5,0.9344,0.0022,899
0.69,-12.5,0.9255,0.0022,899
0.69,-11.5,0.9166,0.0022,899
0.69,-10.5,0.911,0.0022,899
0.69,-9.5,0.9021,0.0022,899
0.69,-8.5,0.891,0.0022,899
0.69,-7.5,0.881,0.0022,899
0.69,-6.5,0.8532,0.0022,899
0.69,-5.5,0.8198,0.0022,899
0.69,-4.5,0.8065,0.0022,899
0.69,-3.5,0.7887,0.0022,899
0.69,-2.5,0.7275,0.0022,899
0.69,-1.5,0.7141,0.0022,899
0.69,-0.5,0.6952,0.0022,899
0.69,0.5,0.693,0.0022,899
0.69,1.5,0.6607,0.0022,899
0.69,2.5,0.6474,0.0022,899
0.69,3.5,0.5617,0.0022,899
0.69,4.5,0.5295,0.0022,899
0.69,5.5,0.505,0.0022,899
0.69,6.5,0.465,0.0022,899
0.69,7.5,0.416,0.0022,899
0.69,8.5,0.3782,0.0022,899
0.69,9.5,0.3682,0.0022,899
0.69,10.5,0.3103,0.0022,899
0.69,11.5,0.3014,0.0022,899
0.69,12.5,0.2914,0.0022,899
0.69,13.5,0.277,0.0022,899
0.69,14.5,0.2469,0.0022,899
0.69,15.5,0.2347,0.0022,899
0.69,16.5,0.2091,0.0022,899
0.69,17.5,0.1913,0.0022,899
0.69,18.5,0.1691,0.0022,899
0.69,19.5,0.1635,0.0022,899
0.69,20.5,0.1457,0.0022,899
0.69,21.5,0.119,0.0022,899
0.69,22.5,0.1123,0.0022,899
0.69,23.5,0.0968,0.0022,899
0.69,24.5,0.0868,0.0022,899
0.69,25.5,0.0745,0.0022,899
0.69,26.5,0.0701,0.0022,899
0.69,27.5,0.0634,0.0022,899
0.69,28.5,0.0523,0.0022,899
0.69,29.5,0.0478,0.0022,899
0.69,30.5,0.0389,0.0022,899
0.7,-30.5,0.9977,0.0034,887
0.7,-29.5,0.9955,0.0034,887
0.7,-28.5,0.9955,0.0034,887
0.7,-27.5,0.991,0.0034,887
0.7,-26.5,0.991,0.0034,887
0.7,-25.5,0.9899,0.0034,887
0.7,-24.5,0.9876,0.0034,887
0.7,-23.5,0.9853,0.0034,887
0.7,-22.5,0.9853,0.0034,887
0.7,-21.5,0.9842,0.0034,887
0.7,-20.5,0.9797,0.0034,887
0.7,-19.5,0.9786,0.0034,887
0.7,-18.5,0.9752,0.0034,887
0.7,-17.5,0.9696,0.0034,887
0.7,-16.5,0.9605,0.0034,887
0.7,-15.5,0.9572,0.0034,887
0.7,-14.5,0.9526,0.0034,887
0.7,-13.5,0.938,0.0034,887
0.7,-12.5,0.9312,0.0034,887
0.7,-11.5,0.9233,0.0034,887
0.7,-10.5,0.9132,0.0034,887
0.7,-9.5,0.9019,0.0034,887
0.7,-8.5,0.8918,0.0034,887
0.7,-7.5,0.8805,0.0034,887
0.7,-6.5,0.8579,0.0034,887
0.7,-5.5,0.823,0.0034,887
0.7,-4.5,0.8106,0.0034,887
0.7,-3.5,0.7914,0.0034,887
0.7,-2.5,0.7317,0.0034,887
0.7,-1.5,0.7159,0.0034,887
0.7,-0.5,0.6967,0.0034,887
0.7,0.5,0.6933,0.0034,887
0.7,1.5,0.664,0.0034,887
0.7,2.5,0.6505,0.0034,887
0.7,3.5,0.5671,0.0034,887
0.7,4.5,0.5287,0.0034,887
0.7,5.5,0.5039,0.0034,887
0.7,6.5,0.4622,0.0034,887
0.7,7.5,0.4138,0.0034,887
0.7,8.5,0.3799,0.0034,887
0.7,9.5,0.3698,0.0034,887
0.7,10.5,0.3224,0.0034,887
0.7,11.5,0.3089,0.0034,887
0.7,12.5,0.2988,0.0034,887
0.7,13.5,0.2852,0.0034,887
0.7,14.5,0.2503,0.0034,887
0.7,15.5,0.239,0.0034,887
0.7,16.5,0.2153,0.0034,887
0.7,17.5,0.1973,0.0034,887
0.7,18.5,0.1747,0.0034,887
0.7,19.5,0.1691,0.0034,887
0.7,20.5,0.1499,0.0034,887
0.7,21.5,0.1218,0.0034,887
0.7,22.5,0.1139,0.0034,887
0.7,23.5,0.1003,0.0034,887
0.7,24.5,0.0879,0.0034,887
0.7,25.5,0.0755,0.0034,887
0.7,26.5,0.0699,0.0034,887
0.7,27.5,0.0631,0.0034,887
0.7,28.5,0.053,0.0034,887
0.7,29.5,0.0496,0.0034,887
0.7,30.5,0.0406,0.0034,887
0.71,-30.5,0.9966,0.0034,895
0.71,-29.5,0.9944,0.0034,895
0.71,-28.5,0.9944,0.0034,895
0.71,-27.5,0.9899,0.0034,895
0.71,-26.5,0.9899,0.0034,895
0.71,-25.5,0.9888,0.0034,895
0.71,-24.5,0.9866,0.0034,895
0.71,-23.5,0.9844,0.0034,895
0.71,-22.5,0.9832,0.0034,895
0.71,-21.5,0.9832,0.0034,895
0.71,-20.5,0.9788,0.0034,895
0.71,-19.5,0.9765,0.0034,895
0.71,-18.5,0.9732,0.0034,895
0.71,-17.5,0.9687,0.0034,895
0.71,-16.5,0.9631,0.0034,895
0.71,-15.5,0.9575,0.0034,895
0.71,-14.5,0.9531,0.0034,895
0.71,-13.5,0.9419,0.0034,895
0.71,-12.5,0.9341,0.0034,895
0.71,-11.5,0.9263,0.0034,895
0.71,-10.5,0.9173,0.0034,895
0.71,-9.5,0.9084,0.0034,895
0.71,-8.5,0.9017,0.0034,895
0.71,-7.5,0.8916,0.0034,895
0.71,-6.5,0.8693,0.0034,895
0.71,-5.5,0.8346,0.0034,895
0.71,-4.5,0.8223,0.0034,895
0.71,-3.5,0.8056,0.0034,895
0.71,-2.5,0.7453,0.0034,895
0.71,-1.5,0.7274,0.0034,895
0.71,-0.5,0.705,0.0034,895
0.71,0.5,0.7017,0.0034,895
0.71,1.5,0.6726,0.0034,895
0.71,2.5,0.6547,0.0034,895
0.71,3.5,0.5721,0.0034,895
0.71,4.5,0.5419,0.0034,895
0.71,5.5,0.5173,0.0034,895
0.71,6.5,0.4838,0.0034,895
0.71,7.5,0.4302,0.0034,895
0.71,8.5,0.4022,0.0034,895
0.71,9.5,0.3944,0.0034,895
0.71,10.5,0.3497,0.0034,895
0.71,11.5,0.3341,0.0034,895
0.71,12.5,0.3207,0.0034,895
0.71,13.5,0.3073,0.0034,895
0.71,14.5,0.276,0.0034,895
0.71,15.5,0.2615,0.0034,895
0.71,16.5,0.2402,0.0034,895
0.71,17.5,0.2201,0.0034,895
0.71,18.5,0.1922,0.0034,895
0.71,19.5,0.1855,0.0034,895
0.71,20.5,0.1631,0.0034,895
0.71,21.5,0.1408,0.0034,895
0.71,22.5,0.1318,0.0034,895
0.71,23.5,0.1173,0.0034,895
0.71,24.5,0.105,0.0034,895
0.71,25.5,0.0883,0.0034,895
0.71,26.5,0.0827,0.0034,895
0.71,27.5,0.0737,0.0034,895
0.71,28.5,0.0648,0.0034,895
0.71,29.5,0.0581,0.0034,895
0.71,30.5,0.0492,0.0034,895
0.72,-30.5,0.9954,0.0034,873
0.72,-29.5,0.9954,0.0034,873
0.72,-28.5,0.9954,0.0034,873
0.72,-27.5,0.9931,0.0034,873
0.72,-26.5,0.9931,0.0034,873
0.72,-25.5,0.9908,0.0034,873
0.72,-24.5,0.9874,0.0034,873
0.72,-23.5,0.984,0.0034,873
0.72,-22.5,0.9828,0.0034,873
0.72,-21.5,0.9828,0.0034,873
0.72,-20.5,0.9794,0.0034,873
0.72,-19.5,0.9748,0.0034,873
0.72,-18.5,0.9725,0.0034,873
0.72,-17.5,0.9679,0.0034,873
0.72,-16.5,0.9633,0.0034,873
0.72,-15.5,0.9588,0.0034,873
0.72,-14.5,0.953,0.0034,873
0.72,-13.5,0.9462,0.0034,873
0.72,-12.5,0.9393,0.0034,873
0.72,-11.5,0.9347,0.0034,873
0.72,-10.5,0.9244,0.0034,873
0.72,-9.5,0.9175,0.0034,873
0.72,-8.5,0.9118,0.0034,873
0.72,-7.5,0.9026,0.0034,873
0.72,-6.5,0.8774,0.0034,873
0.72,-5.5,0.8419,0.0034,873
0.72,-4.5,0.8316,0.0034,873
0.72,-3.5,0.8144,0.0034,873
0.72,-2.5,0.7629,0.0034,873
0.72,-1.5,0.7434,0.0034,873
0.72,-0.5,0.7251,0.0034,873
0.72,0.5,0.7216,0.0034,873
0.72,1.5,0.6942,0.0034,873
0.72,2.5,0.6712,0.0034,873
0.72,3.5,0.5922,0.0034,873
0.72,4.5,0.5601,0.0034,873
0.72,5.5,0.5395,0.0034,873
0.72,6.5,0.4994,0.0034,873
0.72,7.5,0.4422,0.0034,873
0.72,8.5,0.4135,0.0034,873
0.72,9.5,0.4078,0.0034,873
0.72,10.5,0.37,0.0034,873
0.72,11.5,0.3505,0.0034,873
0.72,12.5,0.3368,0.0034,873
0.72,13.5,0.3253,0.0034,873
0.72,14.5,0.2852,0.0034,873
0.72,15.5,0.2715,0.0034,873
0.72,16.5,0.2577,0.0034,873
0.72,17.5,0.2314,0.0034,873
0.72,18.5,0.205,0.0034,873
0.72,19.5,0.1982,0.0034,873
0.72,20.5,0.1764,0.0034,873
0.72,21.5,0.1546,0.0034,873
0.72,22.5,0.142,0.0034,873
0.72,23.5,0.1283,0.0034,873
0.72,24.5,0.1111,0.0034,873
0.72,25.5,0.0928,0.0034,873
0.72,26.5,0.0871,0.0034,873
0.72,27.5,0.0779,0.0034,873
0.72,28.5,0.0676,0.0034,873
0.72,29.5,0.063,0.0034,873
0.72,30.5,0.055,0.0034,873
0.73,-30.5,0.9941,0.0048,842
0.73,-29.5,0.9929,0.0048,842
0.73,-28.5,0.9929,0.0048,842
0.73,-27.5,0.9905,0.0048,842
0.73,-26.5,0.9905,0.0048,842
0.73,-25.5,0.9869,0.0048,842
0.73,-24.5,0.9846,0.0048,842
0.73,-23.5,0.9822,0.0048,842
0.73,-22.5,0.981,0.0048,842
0.73,-21.5,0.981,0.0048,842
0.73,-20.5,0.9786,0.0048,842
0.73,-19.5,0.9751,0.0048,842
0.73,-18.5,0.9739,0.0048,842
0.73,-17.5,0.9691,0.0048,842
0.73,-16.5,0.9644,0.0048,842
0.73,-15.5,0.9584,0.0048,842
0.73,-14.5,0.9513,0.0048,842
0.73,-13.5,0.9454,0.0048,842
0.73,-12.5,0.9406,0.0048,842
0.73,-11.5,0.9359,0.0048,842
0.73,-10.5,0.9276,0.0048,842
0.73,-9.5,0.9192,0.0048,842
0.73,-8.5,0.9145,0.0048,842
0.73,-7.5,0.9062,0.0048,842
0.73,-6.5,0.8848,0.0048,842
0.73,-5.5,0.8539,0.0048,842
0.73,-4.5,0.842,0.0048,842
0.73,-3.5,0.8242,0.0048,842
0.73,-2.5,0.7743,0.0048,842
0.73,-1.5,0.7577,0.0048,842
0.73,-0.5,0.7423,0.0048,842
0.73,0.5,0.7375,0.0048,842
0.73,1.5,0.7078,0.0048,842
0.73,2.5,0.6841,0.0048,842
0.73,3.5,0.5998,0.0048,842
0.73,4.5,0.5713,0.0048,842
0.73,5.5,0.5511,0.0048,842
0.73,6.5,0.5083,0.0048,842
0.73,7.5,0.4454,0.0048,842
0.73,8.5,0.4204,0.0048,842
0.73,9.5,0.4133,0.0048,842
0.73,10.5,0.3812,0.0048,842
0.73,11.5,0.3634,0.0048,842
0.73,12.5,0.348,0.0048,842
0.73,13.5,0.3397,0.0048,842
0.73,14.5,0.2981,0.0048,842
0.73,15.5,0.2827,0.0048,842
0.73,16.5,0.2648,0.0048,842
0.73,17.5,0.2352,0.0048,842
0.73,18.5,0.209,0.0048,842
0.73,19.5,0.1983,0.0048,842
0.73,20.5,0.177,0.0048,842
0.73,21.5,0.152,0.0048,842
0.73,22.5,0.1366,0.0048,842
0.73,23.5,0.1247,0.0048,842
0.73,24.5,0.1081,0.0048,842
0.73,25.5,0.0914,0.0048,842
0.73,26.5,0.0867,0.0048,842
0.73,27.5,0.076,0.0048,842
0.73,28.5,0.0653,0.0048,842
0.73,29.5,0.0606,0.0048,842
0.73,30.5,0.0534,0.0048,842
0.74,-30.5,0.9951,0.0037,809
0.74,-29.5,0.9938,0.0037,809
0.74,-28.5,0.9938,0.0037,809
0.74,-27.5,0.9913,0.0037,809
0.74,-26.5,0.9913,0.0037,809
0.74,-25.5,0.9889,0.0037,809
0.74,-24.5,0.9864,0.0037,809
0.74,-23.5,0.9815,0.0037,809
0.74,-22.5,0.9802,0.0037,809
0.74,-21.5,0.9802,0.0037,809
0.74,-20.5,0.9778,0.0037,809
0.74,-19.5,0.9716,0.0037,809
0.74,-18.5,0.9703,0.0037,809
0.74,-17.5,0.9654,0.0037,809
0.74,-16.5,0.9604,0.0037,809
0.74,-15.5,0.9543,0.0037,809
0.74,-14.5,0.9468,0.0037,809
0.74,-13.5,0.9419,0.0037,809
0.74,-12.5,0.9382,0.0037,809
0.74,-11.5,0.9333,0.0037,809
0.74,-10.5,0.9234,0.0037,809
0.74,-9.5,0.9147,0.0037,809
0.74,-8.5,0.9135,0.0037,809
0.74,-7.5,0.9073,0.0037,809
0.74,-6.5,0.8875,0.0037,809
0.74,-5.5,0.8616,0.0037,809
0.74,-4.5,0.8517,0.0037,809
0.74,-3.5,0.8331,0.0037,809
0.74,-2.5,0.7911,0.0037,809
0.74,-1.5,0.7738,0.0037,809
0.74,-0.5,0.7602,0.0037,809
0.74,0.5,0.7565,0.0037,809
0.74,1.5,0.7293,0.0037,809
0.74,2.5,0.707,0.0037,809
0.74,3.5,0.623,0.0037,809
0.74,4.5,0.5946,0.0037,809
0.74,5.5,0.576,0.0037,809
0.74,6.5,0.5303,0.0037,809
0.74,7.5,0.4697,0.0037,809
0.74,8.5,0.4462,0.0037,809
0.74,9.5,0.4351,0.0037,809
0.74,10.5,0.4054,0.0037,809
0.74,11.5,0.3869,0.0037,809
0.74,12.5,0.3708,0.0037,809
0.74,13.5,0.3634,0.0037,809
0.74,14.5,0.3189,0.0037,809
0.74,15.5,0.3053,0.0037,809
0.74,16.5,0.2843,0.0037,809
0.74,17.5,0.2522,0.0037,809
0.74,18.5,0.2274,0.0037,809
0.74,19.5,0.2163,0.0037,809
0.74,20.5,0.1891,0.0037,809
0.74,21.5,0.157,0.0037,809
0.74,22.5,0.1422,0.0037,809
0.74,23.5,0.131,0.0037,809
0.74,24.5,0.1075,0.0037,809
0.74,25.5,0.0939,0.0037,809
0.74,26.5,0.089,0.0037,809
0.74,27.5,0.0791,0.0037,809
0.74,28.5,0.0643,0.0037,809
0.74,29.5,0.0593,0.0037,809
0.74,30.5,0.0556,0.0037,809
0.75,-30.5,0.9948,0.0052,764
0.75,-29.5,0.9935,0.0052,764
0.75,-28.5,0.9935,0.0052,764
0.75,-27.5,0.9908,0.0052,764
0.75,-26.5,0.9908,0.0052,764
0.75,-25.5,0.9882,0.0052,764
0.75,-24.5,0.9856,0.0052,764
0.75,-23.5,0.9817,0.0052,764
0.75,-22.5,0.9804,0.0052,764
0.75,-21.5,0.9804,0.0052,764
0.75,-20.5,0.9764,0.0052,764
0.75,-19.5,0.9699,0.0052,764
0.75,-18.5,0.966,0.0052,764
0.75,-17.5,0.9634,0.0052,764
0.75,-16.5,0.9581,0.0052,764
0.75,-15.5,0.9516,0.0052,764
0.75,-14.5,0.9437,0.0052,764
0.75,-13.5,0.9359,0.0052,764
0.75,-12.5,0.9319,0.0052,764
0.75,-11.5,0.9267,0.0052,764
0.75,-10.5,0.9162,0.0052,764
0.75,-9.5,0.9084,0.0052,764
0.75,-8.5,0.9071,0.0052,764
0.75,-7.5,0.9018,0.0052,764
0.75,-6.5,0.8809,0.0052,764
0.75,-5.5,0.8573,0.0052,764
0.75,-4.5,0.8469,0.0052,764
0.75,-3.5,0.8325,0.0052,764
0.75,-2.5,0.7853,0.0052,764
0.75,-1.5,0.767,0.0052,764
0.75,-0.5,0.7539,0.0052,764
0.75,0.5,0.7487,0.0052,764
0.75,1.5,0.7291,0.0052,764
0.75,2.5,0.7055,0.0052,764
0.75,3.5,0.6309,0.0052,764
0.75,4.5,0.6008,0.0052,764
0.75,5.5,0.5851,0.0052,764
0.75,6.5,0.5471,0.0052,764
0.75,7.5,0.483,0.0052,764
0.75,8.5,0.4594,0.0052,764
0.75,9.5,0.4529,0.0052,764
0.75,10.5,0.4267,0.0052,764
0.75,11.5,0.4071,0.0052,764
0.75,12.5,0.3914,0.0052,764
0.75,13.5,0.3783,0.0052,764
0.75,14.5,0.3312,0.0052,764
0.75,15.5,0.3154,0.0052,764
0.75,16.5,0.2958,0.0052,764
0.75,17.5,0.2618,0.0052,764
0.75,18.5,0.2343,0.0052,764
0.75,19.5,0.2225,0.0052,764
0.75,20.5,0.1976,0.0052,764
0.75,21.5,0.1702,0.0052,764
0.75,22.5,0.1531,0.0052,764
0.75,23.5,0.1427,0.0052,764
0.75,24.5,0.1126,0.0052,764
0.75,25.5,0.1008,0.0052,764
0.75,26.5,0.0942,0.0052,764
0.75,27.5,0.0851,0.0052,764
0.75,28.5,0.0694,0.0052,764
0.75,29.5,0.0615,0.0052,764
0.75,30.5,0.0589,0.0052,764
0.76,-30.5,0.9934,0.0039,760
0.76,-29.5,0.9921,0.0039,760
0.76,-28.5,0.9921,0.0039,760
0.76,-27.5,0.9895,0.0039,760
0.76,-26.5,0.9895,0.0039,760
0.76,-25.5,0.9868,0.0039,760
0.76,-24.5,0.9842,0.0039,760
0.76,-23.5,0.9803,0.0039,760
0.76,-22.5,0.9789,0.0039,760
0.76,-21.5,0.9789,0.0039,760
0.76,-20.5,0.975,0.0039,760
0.76,-19.5,0.9684,0.0039,760
0.76,-18.5,0.9645,0.0039,760
0.76,-17.5,0.9632,0.0039,760
0.76,-16.5,0.9566,0.0039,760
0.76,-15.5,0.95,0.0039,760
0.76,-14.5,0.9434,0.0039,760
0.76,-13.5,0.9368,0.0039,760
0.76,-12.5,0.9329,0.0039,760
0.76,-11.5,0.9276,0.0039,760
0.76,-10.5,0.9237,0.0039,760
0.76,-9.5,0.9184,0.0039,760
0.76,-8.5,0.9184,0.0039,760
0.76,-7.5,0.9158,0.0039,760
0.76,-6.5,0.8921,0.0039,760
0.76,-5.5,0.8711,0.0039,760
0.76,-4.5,0.8605,0.0039,760
0.76,-3.5,0.8474,0.0039,760
0.76,-2.5,0.8,0.0039,760
0.76,-1.5,0.7882,0.0039,760
0.76,-0.5,0.7737,0.0039,760
0.76,0.5,0.7697,0.0039,760
0.76,1.5,0.7474,0.0039,760
0.76,2.5,0.7184,0.0039,760
0.76,3.5,0.6513,0.0039,760
0.76,4.5,0.6224,0.0039,760
0.76,5.5,0.6013,0.0039,760
0.76,6.5,0.5592,0.0039,760
0.76,7.5,0.5,0.0039,760
0.76,8.5,0.4711,0.0039,760
0.76,9.5,0.4632,0.0039,760
0.76,10.5,0.4329,0.0039,760
0.76,11.5,0.4197,0.0039,760
0.76,12.5,0.4053,0.0039,760
0.76,13.5,0.3895,0.0039,760
0.76,14.5,0.3408,0.0039,760
0.76,15.5,0.325,0.0039,760
0.76,16.5,0.3053,0.0039,760
0.76,17.5,0.2697,0.0039,760
0.76,18.5,0.2421,0.0039,760
0.76,19.5,0.2316,0.0039,760
0.76,20.5,0.2039,0.0039,760
0.76,21.5,0.175,0.0039,760
0.76,22.5,0.1566,0.0039,760
0.76,23.5,0.1487,0.0039,760
0.76,24.5,0.1145,0.0039,760
0.76,25.5,0.1053,0.0039,760
0.76,26.5,0.1,0.0039,760
0.76,27.5,0.0921,0.0039,760
0.76,28.5,0.0711,0.0039,760
0.76,29.5,0.0618,0.0039,760
0.76,30.5,0.0579,0.0039,760
0.77,-30.5,0.9944,0.0042,713
0.77,-29.5,0.993,0.0042,713
0.77,-28.5,0.993,0.0042,713
0.77,-27.5,0.9916,0.0042,713
0.77,-26.5,0.9916,0.0042,713
0.77,-25.5,0.9888,0.0042,713
0.77,-24.5,0.986,0.0042,713
0.77,-23.5,0.9818,0.0042,713
0.77,-22.5,0.9818,0.0042,713
0.77,-21.5,0.9818,0.0042,713
0.77,-20.5,0.9776,0.0042,713
0.77,-19.5,0.9705,0.0042,713
0.77,-18.5,0.9663,0.0042,713
0.77,-17.5,0.9649,0.0042,713
0.77,-16.5,0.9579,0.0042,713
0.77,-15.5,0.9537,0.0042,713
0.77,-14.5,0.9467,0.0042,713
0.77,-13.5,0.9383,0.0042,713
0.77,-12.5,0.9341,0.0042,713
0.77,-11.5,0.9285,0.0042,713
0.77,-10.5,0.9215,0.0042,713
0.77,-9.5,0.9173,0.0042,713
0.77,-8.5,0.9144,0.0042,713
0.77,-7.5,0.9116,0.0042,713
0.77,-6.5,0.8892,0.0042,713
0.77,-5.5,0.8724,0.0042,713
0.77,-4.5,0.8654,0.0042,713
0.77,-3.5,0.8527,0.0042,713
0.77,-2.5,0.8079,0.0042,713
0.77,-1.5,0.798,0.0042,713
0.77,-0.5,0.7868,0.0042,713
0.77,0.5,0.7826,0.0042,713
0.77,1.5,0.7644,0.0042,713
0.77,2.5,0.7377,0.0042,713
0.77,3.5,0.6648,0.0042,713
0.77,4.5,0.6311,0.0042,713
0.77,5.5,0.6129,0.0042,713
0.77,6.5,0.568,0.0042,713
0.77,7.5,0.5077,0.0042,713
0.77,8.5,0.4769,0.0042,713
0.77,9.5,0.4684,0.0042,713
0.77,10.5,0.4334,0.0042,713
0.77,11.5,0.4208,0.0042,713
0.77,12.5,0.4081,0.0042,713
0.77,13.5,0.3899,0.0042,713
0.77,14.5,0.3296,0.0042,713
0.77,15.5,0.317,0.0042,713
0.77,16.5,0.2959,0.0042,713
0.77,17.5,0.2637,0.0042,713
0.77,18.5,0.2398,0.0042,713
0.77,19.5,0.23,0.0042,713
0.77,20.5,0.2006,0.0042,713
0.77,21.5,0.1697,0.0042,713
0.77,22.5,0.1529,0.0042,713
0.77,23.5,0.1473,0.0042,713
0.77,24.5,0.1094,0.0042,713
0.77,25.5,0.1052,0.0042,713
0.77,26.5,0.101,0.0042,713
0.77,27.5,0.094,0.0042,713
0.77,28.5,0.0715,0.0042,713
0.77,29.5,0.0631,0.0042,713
0.77,30.5,0.0603,0.0042,713
0.78,-30.5,0.9952,0.0032,630
0.78,-29.5,0.9937,0.0032,630
0.78,-28.5,0.9937,0.0032,630
0.78,-27.5,0.9921,0.0032,630
0.78,-26.5,0.9921,0.0032,630
0.78,-25.5,0.9905,0.0032,630
0.78,-24.5,0.9889,0.0032,630
0.78,-23.5,0.9857,0.0032,630
0.78,-22.5,0.9857,0.0032,630
0.78,-21.5,0.9857,0.0032,630
0.78,-20.5,0.9825,0.0032,630
0.78,-19.5,0.9762,0.0032,630
0.78,-18.5,0.973,0.0032,630
0.78,-17.5,0.973,0.0032,630
0.78,-16.5,0.9651,0.0032,630
0.78,-15.5,0.9619,0.0032,630
0.78,-14.5,0.9556,0.0032,630
0.78,-13.5,0.946,0.0032,630
0.78,-12.5,0.9429,0.0032,630
0.78,-11.5,0.9365,0.0032,630
0.78,-10.5,0.9302,0.0032,630
0.78,-9.5,0.9238,0.0032,630
0.78,-8.5,0.9206,0.0032,630
0.78,-7.5,0.9143,0.0032,630
0.78,-6.5,0.8873,0.0032,630
0.78,-5.5,0.8698,0.0032,630
0.78,-4.5,0.8619,0.0032,630
0.78,-3.5,0.8492,0.0032,630
0.78,-2.5,0.8079,0.0032,630
0.78,-1.5,0.7968,0.0032,630
0.78,-0.5,0.7873,0.0032,630
0.78,0.5,0.7841,0.0032,630
0.78,1.5,0.7698,0.0032,630
0.78,2.5,0.7444,0.0032,630
0.78,3.5,0.6714,0.0032,630
0.78,4.5,0.6429,0.0032,630
0.78,5.5,0.627,0.0032,630
0.78,6.5,0.5841,0.0032,630
0.78,7.5,0.5238,0.0032,630
0.78,8.5,0.4889,0.0032,630
0.78,9.5,0.4794,0.0032,630
0.78,10.5,0.4429,0.0032,630
0.78,11.5,0.4302,0.0032,630
0.78,12.5,0.4175,0.0032,630
0.78,13.5,0.3984,0.0032,630
0.78,14.5,0.3349,0.0032,630
0.78,15.5,0.3222,0.0032,630
0.78,16.5,0.3,0.0032,630
0.78,17.5,0.273,0.0032,630
0.78,18.5,0.2444,0.0032,630
0.78,19.5,0.2333,0.0032,630
0.78,20.5,0.2032,0.0032,630
0.78,21.5,0.1714,0.0032,630
0.78,22.5,0.1587,0.0032,630
0.78,23.5,0.154,0.0032,630
0.78,24.5,0.1159,0.0032,630
0.78,25.5,0.1143,0.0032,630
0.78,26.5,0.1048,0.0032,630
0.78,27.5,0.0937,0.0032,630
0.78,28.5,0.0746,0.0032,630
0.78,29.5,0.0651,0.0032,630
0.78,30.5,0.0619,0.0032,630
0.79,-30.5,0.9966,0.0017,588
0.79,-29.5,0.9966,0.0017,588
0.79,-28.5,0.9966,0.0017,588
0.79,-27.5,0.9966,0.0017,588
0.79,-26.5,0.9966,0.0017,588
0.79,-25.5,0.9966,0.0017,588
0.79,-24.5,0.9949,0.0017,588
0.79,-23.5,0.9915,0.0017,588
0.79,-22.5,0.9915,0.0017,588
0.79,-21.5,0.9915,0.0017,588
0.79,-20.5,0.9898,0.0017,588
0.79,-19.5,0.9813,0.0017,588
0.79,-18.5,0.9779,0.0017,588
0.79,-17.5,0.9779,0.0017,588
0.79,-16.5,0.9711,0.0017,588
0.79,-15.5,0.9694,0.0017,588
0.79,-14.5,0.9643,0.0017,588
0.79,-13.5,0.9575,0.0017,588
0.79,-12.5,0.9541,0.0017,588
0.79,-11.5,0.949,0.0017,588
0.79,-10.5,0.9422,0.0017,588
0.79,-9.5,0.9371,0.0017,588
0.79,-8.5,0.932,0.0017,588
0.79,-7.5,0.9252,0.0017,588
0.79,-6.5,0.898,0.0017,588
0.79,-5.5,0.8861,0.0017,588
0.79,-4.5,0.8776,0.0017,588
0.79,-3.5,0.8622,0.0017,588
0.79,-2.5,0.8163,0.0017,588
0.79,-1.5,0.801,0.0017,588
0.79,-0.5,0.7908,0.0017,588
0.79,0.5,0.7891,0.0017,588
0.79,1.5,0.7772,0.0017,588
0.79,2.5,0.7483,0.0017,588
0.79,3.5,0.682,0.0017,588
0.79,4.5,0.6514,0.0017,588
0.79,5.5,0.6344,0.0017,588
0.79,6.5,0.5986,0.0017,588
0.79,7.5,0.5425,0.0017,588
0.79,8.5,0.5085,0.0017,588
0.79,9.5,0.4966,0.0017,588
0.79,10.5,0.4558,0.0017,588
0.79,11.5,0.4422,0.0017,588
0.79,12.5,0.4286,0.0017,588
0.79,13.5,0.4031,0.0017,588
0.79,14.5,0.3418,0.0017,588
0.79,15.5,0.3282,0.0017,588
0.79,16.5,0.3095,0.0017,588
0.79,17.5,0.2823,0.0017,588
0.79,18.5,0.2517,0.0017,588
0.79,19.5,0.2449,0.0017,588
0.79,20.5,0.2092,0.0017,588
0.79,21.5,0.1769,0.0017,588
0.79,22.5,0.1667,0.0017,588
0.79,23.5,0.1616,0.0017,588
0.79,24.5,0.1224,0.0017,588
0.79,25.5,0.1207,0.0017,588
0.79,26.5,0.1088,0.0017,588
0.79,27.5,0.0969,0.0017,588
0.79,28.5,0.0782,0.0017,588
0.79,29.5,0.068,0.0017,588
0.79,30.5,0.0646,0.0017,588
0.8,-30.5,0.9964,0.0018,551
0.8,-29.5,0.9964,0.0018,551
0.8,-28.5,0.9964,0.0018,551
0.8,-27.5,0.9964,0.0018,551
0.8,-26.5,0.9964,0.0018,551
0.8,-25.5,0.9964,0.0018,551
0.8,-24.5,0.9946,0.0018,551
0.8,-23.5,0.9946,0.0018,551
0.8,-22.5,0.9946,0.0018,551
0.8,-21.5,0.9946,0.0018,551
0.8,-20.5,0.9927,0.0018,551
0.8,-19.5,0.9873,0.0018,551
0.8,-18.5,0.9837,0.0018,551
0.8,-17.5,0.9837,0.0018,551
0.8,-16.5,0.98,0.0018,551
0.8,-15.5,0.9782,0.0018,551
0.8,-14.5,0.9746,0.0018,551
0.8,-13.5,0.9673,0.0018,551
0.8,-12.5,0.9619,0.0018,551
0.8,-11.5,0.9583,0.0018,551
0.8,-10.5,0.9528,0.0018,551
0.8,-9.5,0.9456,0.0018,551
0.8,-8.5,0.9401,0.0018,551
0.8,-7.5,0.9292,0.0018,551
0.8,-6.5,0.9038,0.0018,551
0.8,-5.5,0.8911,0.0018,551
0.8,-4.5,0.882,0.0018,551
0.8,-3.5,0.8693,0.0018,551
0.8,-2.5,0.8185,0.0018,551
0.8,-1.5,0.804,0.0018,551
0.8,-0.5,0.7949,0.0018,551
0.8,0.5,0.7931,0.0018,551
0.8,1.5,0.7768,0.0018,551
0.8,2.5,0.7477,0.0018,551
0.8,3.5,0.6824,0.0018,551
0.8,4.5,0.6515,0.0018,551
0.8,5.5,0.6334,0.0018,551
0.8,6.5,0.5971,0.0018,551
0.8,7.5,0.5445,0.0018,551
0.8,8.5,0.5082,0.0018,551
0.8,9.5,0.5009,0.0018,551
0.8,10.5,0.4574,0.0018,551
0.8,11.5,0.4446,0.0018,551
0.8,12.5,0.4301,0.0018,551
0.8,13.5,0.4011,0.0018,551
0.8,14.5,0.3285,0.0018,551
0.8,15.5,0.314,0.0018,551
0.8,16.5,0.2976,0.0018,551
0.8,17.5,0.274,0.0018,551
0.8,18.5,0.2432,0.0018,551
0.8,19.5,0.2341,0.0018,551
0.8,20.5,0.2051,0.0018,551
0.8,21.5,0.1797,0.0018,551
0.8,22.5,0.1706,0.0018,551
0.8,23.5,0.1652,0.0018,551
0.8,24.5,0.1307,0.0018,551
0.8,25.5,0.1289,0.0018,551
0.8,26.5,0.1162,0.0018,551
0.8,27.5,0.1034,0.0018,551
0.8,28.5,0.0853,0.0018,551
0.8,29.5,0.0726,0.0018,551
0.8,30.5,0.069,0.0018,551
0.81,-30.5,0.998,0.0,498
0.81,-29.5,0.998,0.0,498
0.81,-28.5,0.998,0.0,498
0.81,-27.5,0.998,0.0,498
0.81,-26.5,0.998,0.0,498
0.81,-25.5,0.998,0.0,498
0.81,-24.5,0.998,0.0,498
0.81,-23.5,0.998,0.0,498
0.81,-22.5,0.998,0.0,498
0.81,-21.5,0.998,0.0,498
0.81,-20.5,0.998,0.0,498
0.81,-19.5,0.992,0.0,498
0.81,-18.5,0.992,0.0,498
0.81,-17.5,0.99,0.0,498
0.81,-16.5,0.9859,0.0,498
0.81,-15.5,0.9839,0.0,498
0.81,-14.5,0.9799,0.0,498
0.81,-13.5,0.9759,0.0,498
0.81,-12.5,0.9699,0.0,498
0.81,-11.5,0.9659,0.0,498
0.81,-10.5,0.9598,0.0,498
0.81,-9.5,0.9538,0.0,498
0.81,-8.5,0.9478,0.0,498
0.81,-7.5,0.9378,0.0,498
0.81,-6.5,0.9137,0.0,498
0.81,-5.5,0.9016,0.0,498
0.81,-4.5,0.8916,0.0,498
0.81,-3.5,0.8775,0.0,498
0.81,-2.5,0.8353,0.0,498
0.81,-1.5,0.8253,0.0,498
0.81,-0.5,0.8173,0.0,498
0.81,0.5,0.8173,0.0,498
0.81,1.5,0.7992,0.0,498
0.81,2.5,0.7651,0.0,498
0.81,3.5,0.6888,0.0,498
0.81,4.5,0.6586,0.0,498
0.81,5.5,0.6386,0.0,498
0.81,6.5,0.6024,0.0,498
0.81,7.5,0.5462,0.0,498
0.81,8.5,0.5181,0.0,498
0.81,9.5,0.506,0.0,498
0.81,10.5,0.4578,0.0,498
0.81,11.5,0.4418,0.0,498
0.81,12.5,0.4237,0.0,498
0.81,13.5,0.3996,0.0,498
0.81,14.5,0.3273,0.0,498
0.81,15.5,0.3133,0.0,498
0.81,16.5,0.2952,0.0,498
0.81,17.5,0.2771,0.0,498
0.81,18.5,0.247,0.0,498
0.81,19.5,0.2329,0.0,498
0.81,20.5,0.2068,0.0,498
0.81,21.5,0.1827,0.0,498
0.81,22.5,0.1707,0.0,498
0.81,23.5,0.1647,0.0,498
0.81,24.5,0.1345,0.0,498
0.81,25.5,0.1325,0.0,498
0.81,26.5,0.1205,0.0,498
0.81,27.5,0.1064,0.0,498
0.81,28.5,0.0843,0.0,498
0.81,29.5,0.0743,0.0,498
0.81,30.5,0.0703,0.0,498
0.82,-30.5,1.0,0.0023,435
0.82,-29.5,1.0,0.0023,435
0.82,-28.5,1.0,0.0023,435
0.82,-27.5,1.0,0.0023,435
0.82,-26.5,1.0,0.0023,435
0.82,-25.5,1.0,0.0023,435
0.82,-24.5,1.0,0.0023,435
0.82,-23.5,1.0,0.0023,435
0.82,-22.5,1.0,0.0023,435
0.82,-21.5,1.0,0.0023,435
0.82,-20.5,1.0,0.0023,435
0.82,-19.5,0.9931,0.0023,435
0.82,-18.5,0.9931,0.0023,435
0.82,-17.5,0.9885,0.0023,435
0.82,-16.5,0.9862,0.0023,435
0.82,-15.5,0.9862,0.0023,435
0.82,-14.5,0.9793,0.0023,435
0.82,-13.5,0.9747,0.0023,435
0.82,-12.5,0.9678,0.0023,435
0.82,-11.5,0.9632,0.0023,435
0.82,-10.5,0.9563,0.0023,435
0.82,-9.5,0.9517,0.0023,435
0.82,-8.5,0.9448,0.0023,435
0.82,-7.5,0.9333,0.0023,435
0.82,-6.5,0.9103,0.0023,435
0.82,-5.5,0.8966,0.0023,435
0.82,-4.5,0.8851,0.0023,435
0.82,-3.5,0.8713,0.0023,435
0.82,-2.5,0.8322,0.0023,435
0.82,-1.5,0.8184,0.0023,435
0.82,-0.5,0.8138,0.0023,435
0.82,0.5,0.8115,0.0023,435
0.82,1.5,0.7954,0.0023,435
0.82,2.5,0.7655,0.0023,435
0.82,3.5,0.6782,0.0023,435
0.82,4.5,0.6506,0.0023,435
0.82,5.5,0.6368,0.0023,435
0.82,6.5,0.6069,0.0023,435
0.82,7.5,0.5517,0.0023,435
0.82,8.5,0.531,0.0023,435
0.82,9.5,0.5218,0.0023,435
0.82,10.5,0.4736,0.0023,435
0.82,11.5,0.4552,0.0023,435
0.82,12.5,0.4345,0.0023,435
0.82,13.5,0.4115,0.0023,435
0.82,14.5,0.3425,0.0023,435
0.82,15.5,0.3287,0.0023,435
0.82,16.5,0.308,0.0023,435
0.82,17.5,0.2828,0.0023,435
0.82,18.5,0.2552,0.0023,435
0.82,19.5,0.2414,0.0023,435
0.82,20.5,0.2184,0.0023,435
0.82,21.5,0.1954,0.0023,435
0.82,22.5,0.1839,0.0023,435
0.82,23.5,0.177,0.0023,435
0.82,24.5,0.1517,0.0023,435
0.82,25.5,0.1471,0.0023,435
0.82,26.5,0.131,0.0023,435
0.82,27.5,0.1057,0.0023,435
0.82,28.5,0.0874,0.0023,435
0.82,29.5,0.0782,0.0023,435
0.82,30.5,0.0759,0.0023,435
0.83,-30.5,1.0,0.0027,374
0.83,-29.5,1.0,0.0027,374
0.83,-28.5,1.0,0.0027,374
0.83,-27.5,1.0,0.0027,374
0.83,-26.5,1.0,0.0027,374
0.83,-25.5,1.0,0.0027,374
0.83,-24.5,1.0,0.0027,374
0.83,-23.5,1.0,0.0027,374
0.83,-22.5,1.0,0.0027,374
0.83,-21.5,1.0,0.0027,374
0.83,-20.5,1.0,0.0027,374
0.83,-19.5,0.9947,0.0027,374
0.83,-18.5,0.9947,0.0027,374
0.83,-17.5,0.9893,0.0027,374
0.83,-16.5,0.9866,0.0027,374
0.83,-15.5,0.9866,0.0027,374
0.83,-14.5,0.9813,0.0027,374
0.83,-13.5,0.9786,0.0027,374
0.83,-12.5,0.9706,0.0027,374
0.83,-11.5,0.9652,0.0027,374
0.83,-10.5,0.9626,0.0027,374
0.83,-9.5,0.9572,0.0027,374
0.83,-8.5,0.9545,0.0027,374
0.83,-7.5,0.9439,0.0027,374
0.83,-6.5,0.9225,0.0027,374
0.83,-5.5,0.9091,0.0027,374
0.83,-4.5,0.8957,0.0027,374
0.83,-3.5,0.877,0.0027,374
0.83,-2.5,0.8449,0.0027,374
0.83,-1.5,0.8316,0.0027,374
0.83,-0.5,0.8262,0.0027,374
0.83,0.5,0.8235,0.0027,374
0.83,1.5,0.8048,0.0027,374
0.83,2.5,0.7754,0.0027,374
0.83,3.5,0.7139,0.0027,374
0.83,4.5,0.6898,0.0027,374
0.83,5.5,0.6684,0.0027,374
0.83,6.5,0.6364,0.0027,374
0.83,7.5,0.5775,0.0027,374
0.83,8.5,0.5588,0.0027,374
0.83,9.5,0.5455,0.0027,374
0.83,10.5,0.5053,0.0027,374
0.83,11.5,0.4866,0.0027,374
0.83,12.5,0.4652,0.0027,374
0.83,13.5,0.4439,0.0027,374
0.83,14.5,0.377,0.0027,374
0.83,15.5,0.3636,0.0027,374
0.83,16.5,0.3476,0.0027,374
0.83,17.5,0.3182,0.0027,374
0.83,18.5,0.2914,0.0027,374
0.83,19.5,0.2781,0.0027,374
0.83,20.5,0.2567,0.0027,374
0.83,21.5,0.2299,0.0027,374
0.83,22.5,0.2166,0.0027,374
0.83,23.5,0.2059,0.0027,374
0.83,24.5,0.1765,0.0027,374
0.83,25.5,0.1684,0.0027,374
0.83,26.5,0.1471,0.0027,374
0.83,27.5,0.1203,0.0027,374
0.83,28.5,0.0989,0.0027,374
0.83,29.5,0.0909,0.0027,374
0.83,30.5,0.0856,0.0027,374
0.84,-30.5,1.0,0.0029,340
0.84,-29.5,1.0,0.0029,340
0.84,-28.5,1.0,0.0029,340
0.84,-27.5,1.0,0.0029,340
0.84,-26.5,1.0,0.0029,340
0.84,-25.5,1.0,0.0029,340
0.84,-24.5,1.0,0.0029,340
0.84,-23.5,1.0,0.0029,340
0.84,-22.5,1.0,0.0029,340
0.84,-21.5,1.0,0.0029,340
0.84,-20.5,1.0,0.0029,340
0.84,-19.5,0.9971,0.0029,340
0.84,-18.5,0.9971,0.0029,340
0.84,-17.5,0.9912,0.0029,340
0.84,-16.5,0.9882,0.0029,340
0.84,-15.5,0.9882,0.0029,340
0.84,-14.5,0.9853,0.0029,340
0.84,-13.5,0.9824,0.0029,340
0.84,-12.5,0.9735,0.0029,340
0.84,-11.5,0.9676,0.0029,340
0.84,-10.5,0.9676,0.0029,340
0.84,-9.5,0.9647,0.0029,340
0.84,-8.5,0.9618,0.0029,340
0.84,-7.5,0.9559,0.0029,340
0.84,-6.5,0.9471,0.0029,340
0.84,-5.5,0.9382,0.0029,340
0.84,-4.5,0.9265,0.0029,340
0.84,-3.5,0.9118,0.0029,340
0.84,-2.5,0.8735,0.0029,340
0.84,-1.5,0.8618,0.0029,340
0.84,-0.5,0.8529,0.0029,340
0.84,0.5,0.85,0.0029,340
0.84,1.5,0.8294,0.0029,340
0.84,2.5,0.8029,0.0029,340
0.84,3.5,0.7412,0.0029,340
0.84,4.5,0.7088,0.0029,340
0.84,5.5,0.6853,0.0029,340
0.84,6.5,0.6471,0.0029,340
0.84,7.5,0.5912,0.0029,340
0.84,8.5,0.5735,0.0029,340
0.84,9.5,0.5559,0.0029,340
0.84,10.5,0.5147,0.0029,340
0.84,11.5,0.5029,0.0029,340
0.84,12.5,0.4824,0.0029,340
0.84,13.5,0.4588,0.0029,340
0.84,14.5,0.4,0.0029,340
0.84,15.5,0.3853,0.0029,340
0.84,16.5,0.3647,0.0029,340
0.84,17.5,0.3324,0.0029,340
0.84,18.5,0.3088,0.0029,340
0.84,19.5,0.2941,0.0029,340
0.84,20.5,0.2735,0.0029,340
0.84,21.5,0.2471,0.0029,340
0.84,22.5,0.2324,0.0029,340
0.84,23.5,0.2176,0.0029,340
0.84,24.5,0.1882,0.0029,340
0.84,25.5,0.1794,0.0029,340
0.84,26.5,0.1618,0.0029,340
0.84,27.5,0.1412,0.0029,340
0.84,28.5,0.1088,0.0029,340
0.84,29.5,0.1,0.0029,340
0.84,30.5,0.0941,0.0029,340
0.85,-30.5,1.0,0.0033,306
0.85,-29.5,1.0,0.0033,306
0.85,-28.5,1.0,0.0033,306
0.85,-27.5,1.0,0.0033,306
0.85,-26.5,1.0,0.0033,306
0.85,-25.5,1.0,0.0033,306
0.85,-24.5,1.0,0.0033,306
0.85,-23.5,1.0,0.0033,306
0.85,-22.5,1.0,0.0033,306
0.85,-21.5,1.0,0.0033,306
0.85,-20.5,1.0,0.0033,306
0.85,-19.5,1.0,0.0033,306
0.85,-18.5,1.0,0.0033,306
0.85,-17.5,0.9869,0.0033,306
0.85,-16.5,0.9837,0.0033,306
0.85,-15.5,0.9837,0.0033,306
0.85,-14.5,0.9771,0.0033,306
0.85,-13.5,0.9739,0.0033,306
0.85,-12.5,0.9641,0.0033,306
0.85,-11.5,0.9575,0.0033,306
0.85,-10.5,0.9575,0.0033,306
0.85,-9.5,0.9477,0.0033,306
0.85,-8.5,0.9477,0.0033,306
0.85,-7.5,0.9412,0.0033,306
0.85,-6.5,0.9314,0.0033,306
0.85,-5.5,0.9216,0.0033,306
0.85,-4.5,0.9183,0.0033,306
0.85,-3.5,0.9085,0.0033,306
0.85,-2.5,0.8758,0.0033,306
0.85,-1.5,0.8693,0.0033,306
0.85,-0.5,0.8627,0.0033,306
0.85,0.5,0.8595,0.0033,306
0.85,1.5,0.8399,0.0033,306
0.85,2.5,0.8235,0.0033,306
0.85,3.5,0.7484,0.0033,306
0.85,4.5,0.7124,0.0033,306
0.85,5.5,0.6928,0.0033,306
0.85,6.5,0.6569,0.0033,306
0.85,7.5,0.5915,0.0033,306
0.85,8.5,0.5686,0.0033,306
0.85,9.5,0.5425,0.0033,306
0.85,10.5,0.5033,0.0033,306
0.85,11.5,0.4902,0.0033,306
0.85,12.5,0.4739,0.0033,306
0.85,13.5,0.4575,0.0033,306
0.85,14.5,0.3987,0.0033,306
0.85,15.5,0.3889,0.0033,306
0.85,16.5,0.3725,0.0033,306
0.85,17.5,0.3431,0.0033,306
0.85,18.5,0.3235,0.0033,306
0.85,19.5,0.3072,0.0033,306
0.85,20.5,0.2908,0.0033,306
0.85,21.5,0.268,0.0033,306
0.85,22.5,0.2516,0.0033,306
0.85,23.5,0.2353,0.0033,306
0.85,24.5,0.2092,0.0033,306
0.85,25.5,0.1961,0.0033,306
0.85,26.5,0.1765,0.0033,306
0.85,27.5,0.1601,0.0033,306
0.85,28.5,0.1176,0.0033,306
0.85,29.5,0.1078,0.0033,306
0.85,30.5,0.1013,0.0033,306
0.86,-30.5,1.0,0.0035,282
0.86,-29.5,1.0,0.0035,282
0.86,-28.5,1.0,0.0035,282
0.86,-27.5,1.0,0.0035,282
0.86,-26.5,1.0,0.0035,282
0.86,-25.5,1.0,0.0035,282
0.86,-24.5,1.0,0.0035,282
0.86,-23.5,1.0,0.0035,282
0.86,-22.5,1.0,0.0035,282
0.86,-21.5,1.0,0.0035,282
0.86,-20.5,1.0,0.0035,282
0.86,-19.5,1.0,0.0035,282
0.86,-18.5,1.0,0.0035,282
0.86,-17.5,0.9858,0.0035,282
0.86,-16.5,0.9823,0.0035,282
0.86,-15.5,0.9823,0.0035,282
0.86,-14.5,0.9752,0.0035,282
0.86,-13.5,0.9716,0.0035,282
0.86,-12.5,0.9645,0.0035,282
0.86,-11.5,0.9574,0.0035,282
0.86,-10.5,0.9574,0.0035,282
0.86,-9.5,0.9468,0.0035,282
0.86,-8.5,0.9468,0.0035,282
0.86,-7.5,0.9433,0.0035,282
0.86,-6.5,0.9397,0.0035,282
0.86,-5.5,0.9362,0.0035,282
0.86,-4.5,0.9326,0.0035,282
0.86,-3.5,0.922,0.0035,282
0.86,-2.5,0.8972,0.0035,282
0.86,-1.5,0.8901,0.0035,282
0.86,-0.5,0.883,0.0035,282
0.86,0.5,0.8794,0.0035,282
0.86,1.5,0.8688,0.0035,282
0.86,2.5,0.8511,0.0035,282
0.86,3.5,0.7624,0.0035,282
0.86,4.5,0.7305,0.0035,282
0.86,5.5,0.7092,0.0035,282
0.86,6.5,0.6773,0.0035,282
0.86,7.5,0.6099,0.0035,282
0.86,8.5,0.5887,0.0035,282
0.86,9.5,0.5603,0.0035,282
0.86,10.5,0.5177,0.0035,282
0.86,11.5,0.5035,0.0035,282
0.86,12.5,0.4894,0.0035,282
0.86,13.5,0.4752,0.0035,282
0.86,14.5,0.4362,0.0035,282
0.86,15.5,0.422,0.0035,282
0.86,16.5,0.4007,0.0035,282
0.86,17.5,0.3617,0.0035,282
0.86,18.5,0.344,0.0035,282
0.86,19.5,0.3227,0.0035,282
0.86,20.5,0.3085,0.0035,282
0.86,21.5,0.2695,0.0035,282
0.86,22.5,0.2518,0.0035,282
0.86,23.5,0.2376,0.0035,282
0.86,24.5,0.2128,0.0035,282
0.86,25.5,0.195,0.0035,282
0.86,26.5,0.1773,0.0035,282
0.86,27.5,0.156,0.0035,282
0.86,28.5,0.1206,0.0035,282
0.86,29.5,0.1135,0.0035,282
0.86,30.5,0.1064,0.0035,282
0.87,-30.5,1.0,0.0041,246
0.87,-29.5,1.0,0.0041,246
0.87,-28.5,1.0,0.0041,246
0.87,-27.5,1.0,0.0041,246
0.87,-26.5,1.0,0.0041,246
0.87,-25.5,1.0,0.0041,246
0.87,-24.5,1.0,0.0041,246
0.87,-23.5,1.0,0.0041,246
0.87,-22.5,1.0,0.0041,246
0.87,-21.5,1.0,0.0041,246
0.87,-20.5,0.9959,0.0041,246
0.87,-19.5,0.9959,0.0041,246
0.87,-18.5,0.9959,0.0041,246
0.87,-17.5,0.9837,0.0041,246
0.87,-16.5,0.9837,0.0041,246
0.87,-15.5,0.9837,0.0041,246
0.87,-14.5,0.9756,0.0041,246
0.87,-13.5,0.9715,0.0041,246
0.87,-12.5,0.9675,0.0041,246
0.87,-11.5,0.9675,0.0041,246
0.87,-10.5,0.9675,0.0041,246
0.87,-9.5,0.9553,0.0041,246
0.87,-8.5,0.9553,0.0041,246
0.87,-7.5,0.9512,0.0041,246
0.87,-6.5,0.9472,0.0041,246
0.87,-5.5,0.9472,0.0041,246
0.87,-4.5,0.9472,0.0041,246
0.87,-3.5,0.935,0.0041,246
0.87,-2.5,0.9065,0.0041,246
0.87,-1.5,0.9024,0.0041,246
0.87,-0.5,0.8943,0.0041,246
0.87,0.5,0.8902,0.0041,246
0.87,1.5,0.878,0.0041,246
0.87,2.5,0.8618,0.0041,246
0.87,3.5,0.7764,0.0041,246
0.87,4.5,0.7439,0.0041,246
0.87,5.5,0.7195,0.0041,246
0.87,6.5,0.6829,0.0041,246
0.87,7.5,0.6179,0.0041,246
0.87,8.5,0.5976,0.0041,246
0.87,9.5,0.5691,0.0041,246
0.87,10.5,0.5366,0.0041,246
0.87,11.5,0.5244,0.0041,246
0.87,12.5,0.5041,0.0041,246
0.87,13.5,0.4919,0.0041,246
0.87,14.5,0.4512,0.0041,246
0.87,15.5,0.439,0.0041,246
0.87,16.5,0.4187,0.0041,246
0.87,17.5,0.3699,0.0041,246
0.87,18.5,0.3577,0.0041,246
0.87,19.5,0.3415,0.0041,246
0.87,20.5,0.3211,0.0041,246
0.87,21.5,0.2764,0.0041,246
0.87,22.5,0.2683,0.0041,246
0.87,23.5,0.2561,0.0041,246
0.87,24.5,0.2276,0.0041,246
0.87,25.5,0.2073,0.0041,246
0.87,26.5,0.187,0.0041,246
0.87,27.5,0.1626,0.0041,246
0.87,28.5,0.1301,0.0041,246
0.87,29.5,0.126,0.0041,246
0.87,30.5,0.1179,0.0041,246
0.88,-30.5,1.0,0.0,218
0.88,-29.5,1.0,0.0,218
0.88,-28.5,1.0,0.0,218
0.88,-27.5,1.0,0.0,218
0.88,-26.5,1.0,0.0,218
0.88,-25.5,1.0,0.0,218
0.88,-24.5,1.0,0.0,218
0.88,-23.5,1.0,0.0,218
0.88,-22.5,1.0,0.0,218
0.88,-21.5,1.0,0.0,218
0.88,-20.5,0.9954,0.0,218
0.88,-19.5,0.9954,0.0,218
0.88,-18.5,0.9954,0.0,218
0.88,-17.5,0.9862,0.0,218
0.88,-16.5,0.9862,0.0,218
0.88,-15.5,0.9862,0.0,218
0.88,-14.5,0.9817,0.0,218
0.88,-13.5,0.9771,0.0,218
0.88,-12.5,0.9725,0.0,218
0.88,-11.5,0.9725,0.0,218
0.88,-10.5,0.9725,0.0,218
0.88,-9.5,0.9587,0.0,218
0.88,-8.5,0.9587,0.0,218
0.88,-7.5,0.9541,0.0,218
0.88,-6.5,0.9495,0.0,218
0.88,-5.5,0.9495,0.0,218
0.88,-4.5,0.9495,0.0,218
0.88,-3.5,0.9404,0.0,218
0.88,-2.5,0.9037,0.0,218
0.88,-1.5,0.9037,0.0,218
0.88,-0.5,0.8945,0.0,218
0.88,0.5,0.8945,0.0,218
0.88,1.5,0.8853,0.0,218
0.88,2.5,0.8716,0.0,218
0.88,3.5,0.8028,0.0,218
0.88,4.5,0.7706,0.0,218
0.88,5.5,0.7477,0.0,218
0.88,6.5,0.7156,0.0,218
0.88,7.5,0.6468,0.0,218
0.88,8.5,0.6193,0.0,218
0.88,9.5,0.5872,0.0,218
0.88,10.5,0.555,0.0,218
0.88,11.5,0.5459,0.0,218
0.88,12.5,0.5275,0.0,218
0.88,13.5,0.5138,0.0,218
0.88,14.5,0.4679,0.0,218
0.88,15.5,0.4587,0.0,218
0.88,16.5,0.4404,0.0,218
0.88,17.5,0.3991,0.0,218
0.88,18.5,0.3761,0.0,218
0.88,19.5,0.3578,0.0,218
0.88,20.5,0.3349,0.0,218
0.88,21.5,0.2844,0.0,218
0.88,22.5,0.2798,0.0,218
0.88,23.5,0.2706,0.0,218
0.88,24.5,0.2431,0.0,218
0.88,25.5,0.2248,0.0,218
0.88,26.5,0.2018,0.0,218
0.88,27.5,0.1927,0.0,218
0.88,28.5,0.1514,0.0,218
0.88,29.5,0.1468,0.0,218
0.88,30.5,0.1376,0.0,218
0.89,-30.5,1.0,0.0,180
0.89,-29.5,1.0,0.0,180
0.89,-28.5,1.0,0.0,180
0.89,-27.5,1.0,0.0,180
0.89,-26.5,1.0,0.0,180
0.89,-25.5,1.0,0.0,180
0.89,-24.5,1.0,0.0,180
0.89,-23.5,1.0,0.0,180
0.89,-22.5,1.0,0.0,180
0.89,-21.5,1.0,0.0,180
0.89,-20.5,0.9944,0.0,180
0.89,-19.5,0.9944,0.0,180
0.89,-18.5,0.9944,0.0,180
0.89,-17.5,0.9833,0.0,180
0.89,-16.5,0.9833,0.0,180
0.89,-15.5,0.9833,0.0,180
0.89,-14.5,0.9778,0.0,180
0.89,-13.5,0.9722,0.0,180
0.89,-12.5,0.9722,0.0,180
0.89,-11.5,0.9722,0.0,180
0.89,-10.5,0.9722,0.0,180
0.89,-9.5,0.9556,0.0,180
0.89,-8.5,0.9556,0.0,180
0.89,-7.5,0.95,0.0,180
0.89,-6.5,0.95,0.0,180
0.89,-5.5,0.95,0.0,180
0.89,-4.5,0.95,0.0,180
0.89,-3.5,0.9444,0.0,180
0.89,-2.5,0.9111,0.0,180
0.89,-1.5,0.9111,0.0,180
0.89,-0.5,0.9056,0.0,180
0.89,0.5,0.9056,0.0,180
0.89,1.5,0.9,0.0,180
0.89,2.5,0.8944,0.0,180
0.89,3.5,0.8,0.0,180
0.89,4.5,0.7667,0.0,180
0.89,5.5,0.75,0.0,180
0.89,6.5,0.7222,0.0,180
0.89,7.5,0.6667,0.0,180
0.89,8.5,0.6333,0.0,180
0.89,9.5,0.6,0.0,180
0.89,10.5,0.5611,0.0,180
0.89,11.5,0.55,0.0,180
0.89,12.5,0.5333,0.0,180
0.89,13.5,0.5222,0.0,180
0.89,14.5,0.4833,0.0,180
0.89,15.5,0.4722,0.0,180
0.89,16.5,0.4444,0.0,180
0.89,17.5,0.3944,0.0,180
0.89,18.5,0.3667,0.0,180
0.89,19.5,0.3444,0.0,180
0.89,20.5,0.3278,0.0,180
0.89,21.5,0.2667,0.0,180
0.89,22.5,0.2611,0.0,180
0.89,23.5,0.2556,0.0,180
0.89,24.5,0.2333,0.0,180
0.89,25.5,0.2167,0.0,180
0.89,26.5,0.1944,0.0,180
0.89,27.5,0.1833,0.0,180
0.89,28.5,0.1444,0.0,180
0.89,29.5,0.1444,0.0,180
0.89,30.5,0.1389,0.0,180
0.9,-30.5,1.0,0.0,242
0.9,-29.5,1.0,0.0,242
0.9,-28.5,1.0,0.0,242
0.9,-27.5,1.0,0.0,242
0.9,-26.5,1.0,0.0,242
0.9,-25.5,1.0,0.0,242
0.9,-24.5,1.0,0.0,242
0.9,-23.5,1.0,0.0,242
0.9,-22.5,1.0,0.0,242
0.9,-21.5,1.0,0.0,242
0.9,-20.5,0.9959,0.0,242
0.9,-19.5,0.9959,0.0,242
0.9,-18.5,0.9959,0.0,242
0.9,-17.5,0.9876,0.0,242
0.9,-16.5,0.9876,0.0,242
0.9,-15.5,0.9876,0.0,242
0.9,-14.5,0.9835,0.0,242
0.9,-13.5,0.9793,0.0,242
0.9,-12.5,0.9752,0.0,242
0.9,-11.5,0.9752,0.0,242
0.9,-10.5,0.9752,0.0,242
0.9,-9.5,0.9628,0.0,242
0.9,-8.5,0.9628,0.0,242
0.9,-7.5,0.9587,0.0,242
0.9,-6.5,0.9545,0.0,242
0.9,-5.5,0.9545,0.0,242
0.9,-4.5,0.9545,0.0,242
0.9,-3.5,0.9463,0.0,242
0.9,-2.5,0.9132,0.0,242
0.9,-1.5,0.9132,0.0,242
0.9,-0.5,0.905,0.0,242
0.9,0.5,0.905,0.0,242
0.9,1.5,0.8926,0.0,242
0.9,2.5,0.8802,0.0,242
0.9,3.5,0.8058,0.0,242
0.9,4.5,0.7769,0.0,242
0.9,5.5,0.7562,0.0,242
0.9,6.5,0.7273,0.0,242
0.9,7.5,0.6612,0.0,242
0.9,8.5,0.6364,0.0,242
0.9,9.5,0.6074,0.0,242
0.9,10.5,0.5702,0.0,242
0.9,11.5,0.562,0.0,242
0.9,12.5,0.5455,0.0,242
0.9,13.5,0.5331,0.0,242
0.9,14.5,0.4917,0.0,242
0.9,15.5,0.4835,0.0,242
0.9,16.5,0.4587,0.0,242
0.9,17.5,0.4174,0.0,242
0.9,18.5,0.3967,0.0,242
0.9,19.5,0.3802,0.0,242
0.9,20.5,0.3595,0.0,242
0.9,21.5,0.3017,0.0,242
0.9,22.5,0.2975,0.0,242
0.9,23.5,0.2893,0.0,242
0.9,24.5,0.2645,0.0,242
0.9,25.5,0.2397,0.0,242
0.9,26.5,0.2107,0.0,242
0.9,27.5,0.2025,0.0,242
0.9,28.5,0.1653,0.0,242
0.9,29.5,0.1612,0.0,242
0.9,30.5,0.1529,0.0,242
0.91,-30.5,1.0,0.0,195
0.91,-29.5,1.0,0.0,195
0.91,-28.5,1.0,0.0,195
0.91,-27.5,1.0,0.0,195
0.91,-26.5,1.0,0.0,195
0.91,-25.5,1.0,0.0,195
0.91,-24.5,1.0,0.0,195
0.91,-23.5,1.0,0.0,195
0.91,-22.5,1.0,0.0,195
0.91,-21.5,1.0,0.0,195
0.91,-20.5,0.9949,0.0,195
0.91,-19.5,0.9949,0.0,195
0.91,-18.5,0.9949,0.0,195
0.91,-17.5,0.9846,0.0,195
0.91,-16.5,0.9846,0.0,195
0.91,-15.5,0.9846,0.0,195
0.91,-14.5,0.9795,0.0,195
0.91,-13.5,0.9744,0.0,195
0.91,-12.5,0.9744,0.0,195
0.91,-11.5,0.9744,0.0,195
0.91,-10.5,0.9744,0.0,195
0.91,-9.5,0.959,0.0,195
0.91,-8.5,0.959,0.0,195
0.91,-7.5,0.9538,0.0,195
0.91,-6.5,0.9538,0.0,195
0.91,-5.5,0.9538,0.0,195
0.91,-4.5,0.9538,0.0,195
0.91,-3.5,0.9487,0.0,195
0.91,-2.5,0.9179,0.0,195
0.91,-1.5,0.9179,0.0,195
0.91,-0.5,0.9128,0.0,195
0.91,0.5,0.9128,0.0,195
0.91,1.5,0.9026,0.0,195
0.91,2.5,0.8974,0.0,195
0.91,3.5,0.8051,0.0,195
0.91,4.5,0.7744,0.0,195
0.91,5.5,0.759,0.0,195
0.91,6.5,0.7333,0.0,195
0.91,7.5,0.6769,0.0,195
0.91,8.5,0.6462,0.0,195
0.91,9.5,0.6154,0.0,195
0.91,10.5,0.5744,0.0,195
0.91,11.5,0.5641,0.0,195
0.91,12.5,0.5487,0.0,195
0.91,13.5,0.5385,0.0,195
0.91,14.5,0.5026,0.0,195
0.91,15.5,0.4923,0.0,195
0.91,16.5,0.4564,0.0,195
0.91,17.5,0.4103,0.0,195
0.91,18.5,0.3846,0.0,195
0.91,19.5,0.3641,0.0,195
0.91,20.5,0.3487,0.0,195
0.91,21.5,0.2872,0.0,195
0.91,22.5,0.2821,0.0,195
0.91,23.5,0.2769,0.0,195
0.91,24.5,0.2564,0.0,195
0.91,25.5,0.2308,0.0,195
0.91,26.5,0.2,0.0,195
0.91,27.5,0.1897,0.0,195
0.91,28.5,0.1487,0.0,195
0.91,29.5,0.1487,0.0,195
0.91,30.5,0.1436,0.0,195
0.92,-30.5,1.0,0.0,149
0.92,-29.5,1.0,0.0,149
0.92,-28.5,1.0,0.0,149
0.92,-27.5,1.0,0.0,149
0.92,-26.5,1.0,0.0,149
0.92,-25.5,1.0,0.0,149
0.92,-24.5,1.0,0.0,149
0.92,-23.5,1.0,0.0,149
0.92,-22.5,1.0,0.0,149
0.92,-21.5,1.0,0.0,149
0.92,-20.5,0.9933,0.0,149
0.92,-19.5,0.9933,0.0,149
0.92,-18.5,0.9933,0.0,149
0.92,-17.5,0.9799,0.0,149
0.92,-16.5,0.9799,0.0,149
0.92,-15.5,0.9799,0.0,149
0.92,-14.5,0.9732,0.0,149
0.92,-13.5,0.9732,0.0,149
0.92,-12.5,0.9732,0.0,149
0.92,-11.5,0.9732,0.0,149
0.92,-10.5,0.9732,0.0,149
0.92,-9.5,0.953,0.0,149
0.92,-8.5,0.953,0.0,149
0.92,-7.5,0.9463,0.0,149
0.92,-6.5,0.9463,0.0,149
0.92,-5.5,0.9463,0.0,149
0.92,-4.5,0.9463,0.0,149
0.92,-3.5,0.9396,0.0,149
0.92,-2.5,0.9128,0.0,149
0.92,-1.5,0.9128,0.0,149
0.92,-0.5,0.9128,0.0,149
0.92,0.5,0.9128,0.0,149
0.92,1.5,0.8993,0.0,149
0.92,2.5,0.8926,0.0,149
0.92,3.5,0.7919,0.0,149
0.92,4.5,0.7718,0.0,149
0.92,5.5,0.7584,0.0,149
0.92,6.5,0.7383,0.0,149
0.92,7.5,0.6779,0.0,149
0.92,8.5,0.651,0.0,149
0.92,9.5,0.6174,0.0,149
0.92,10.5,0.5705,0.0,149
0.92,11.5,0.557,0.0,149
0.92,12.5,0.5369,0.0,149
0.92,13.5,0.5302,0.0,149
0.92,14.5,0.4966,0.0,149
0.92,15.5,0.4899,0.0,149
0.92,16.5,0.4497,0.0,149
0.92,17.5,0.4027,0.0,149
0.92,18.5,0.3758,0.0,149
0.92,19.5,0.3557,0.0,149
0.92,20.5,0.3423,0.0,149
0.92,21.5,0.2685,0.0,149
0.92,22.5,0.2685,0.0,149
0.92,23.5,0.2685,0.0,149
0.92,24.5,0.255,0.0,149
0.92,25.5,0.2215,0.0,149
0.92,26.5,0.1879,0.0,149
0.92,27.5,0.1745,0.0,149
0.92,28.5,0.1409,0.0,149
0.92,29.5,0.1409,0.0,149
0.92,30.5,0.1409,0.0,149
0.93,-30.5,1.0,0.0,108
0.93,-29.5,1.0,0.0,108
0.93,-28.5,1.0,0.0,108
0.93,-27.5,1.0,0.0,108
0.93,-26.5,1.0,0.0,108
0.93,-25.5,1.0,0.0,108
0.93,-24.5,1.0,0.0,108
0.93,-23.5,1.0,0.0,108
0.93,-22.5,1.0,0.0,108
0.93,-21.5,1.0,0.0,108
0.93,-20.5,0.9907,0.0,108
0.93,-19.5,0.9907,0.0,108
0.93,-18.5,0.9907,0.0,108
0.93,-17.5,0.9907,0.0,108
0.93,-16.5,0.9907,0.0,108
0.93,-15.5,0.9907,0.0,108
0.93,-14.5,0.9907,0.0,108
0.93,-13.5,0.9907,0.0,108
0.93,-12.5,0.9907,0.0,108
0.93,-11.5,0.9907,0.0,108
0.93,-10.5,0.9907,0.0,108
0.93,-9.5,0.9815,0.0,108
0.93,-8.5,0.9815,0.0,108
0.93,-7.5,0.9722,0.0,108
0.93,-6.5,0.9722,0.0,108
0.93,-5.5,0.9722,0.0,108
0.93,-4.5,0.9722,0.0,108
0.93,-3.5,0.963,0.0,108
0.93,-2.5,0.9259,0.0,108
0.93,-1.5,0.9259,0.0,108
0.93,-0.5,0.9259,0.0,108
0.93,0.5,0.9259,0.0,108
0.93,1.5,0.9167,0.0,108
0.93,2.5,0.9074,0.0,108
0.93,3.5,0.8333,0.0,108
0.93,4.5,0.8148,0.0,108
0.93,5.5,0.7963,0.0,108
0.93,6.5,0.7685,0.0,108
0.93,7.5,0.7315,0.0,108
0.93,8.5,0.7222,0.0,108
0.93,9.5,0.713,0.0,108
0.93,10.5,0.6481,0.0,108
0.93,11.5,0.6389,0.0,108
0.93,12.5,0.6204,0.0,108
0.93,13.5,0.6111,0.0,108
0.93,14.5,0.5833,0.0,108
0.93,15.5,0.5741,0.0,108
0.93,16.5,0.5185,0.0,108
0.93,17.5,0.463,0.0,108
0.93,18.5,0.4352,0.0,108
0.93,19.5,0.4074,0.0,108
0.93,20.5,0.3889,0.0,108
0.93,21.5,0.2963,0.0,108
0.93,22.5,0.2963,0.0,108
0.93,23.5,0.2963,0.0,108
0.93,24.5,0.287,0.0,108
0.93,25.5,0.2593,0.0,108
0.93,26.5,0.2222,0.0,108
0.93,27.5,0.2037,0.0,108
0.93,28.5,0.1759,0.0,108
0.93,29.5,0.1759,0.0,108
0.93,30.5,0.1759,0.0,108
0.94,-30.5,1.0,0.0,68
0.94,-29.5,1.0,0.0,68
0.94,-28.5,1.0,0.0,68
0.94,-27.5,1.0,0.0,68
0.94,-26.5,1.0,0.0,68
0.94,-25.5,1.0,0.0,68
0.94,-24.5,1.0,0.0,68
0.94,-23.5,1.0,0.0,68
0.94,-22.5,1.0,0.0,68
0.94,-21.5,1.0,0.0,68
0.94,-20.5,0.9853,0.0,68
0.94,-19.5,0.9853,0.0,68
0.94,-18.5,0.9853,0.0,68
0.94,-17.5,0.9853,0.0,68
0.94,-16.5,0.9853,0.0,68
0.94,-15.5,0.9853,0.0,68
0.94,-14.5,0.9853,0.0,68
0.94,-13.5,0.9853,0.0,68
0.94,-12.5,0.9853,0.0,68
0.94,-11.5,0.9853,0.0,68
0.94,-10.5,0.9853,0.0,68
0.94,-9.5,0.9853,0.0,68
0.94,-8.5,0.9853,0.0,68
0.94,-7.5,0.9853,0.0,68
0.94,-6.5,0.9853,0.0,68
0.94,-5.5,0.9853,0.0,68
0.94,-4.5,0.9853,0.0,68
0.94,-3.5,0.9706,0.0,68
0.94,-2.5,0.9412,0.0,68
0.94,-1.5,0.9412,0.0,68
0.94,-0.5,0.9412,0.0,68
0.94,0.5,0.9412,0.0,68
0.94,1.5,0.9265,0.0,68
0.94,2.5,0.9118,0.0,68
0.94,3.5,0.8529,0.0,68
0.94,4.5,0.8382,0.0,68
0.94,5.5,0.8235,0.0,68
0.94,6.5,0.7941,0.0,68
0.94,7.5,0.7794,0.0,68
0.94,8.5,0.7647,0.0,68
0.94,9.5,0.75,0.0,68
0.94,10.5,0.6912,0.0,68
0.94,11.5,0.6765,0.0,68
0.94,12.5,0.6471,0.0,68
0.94,13.5,0.6471,0.0,68
0.94,14.5,0.6029,0.0,68
0.94,15.5,0.6029,0.0,68
0.94,16.5,0.5441,0.0,68
0.94,17.5,0.5,0.0,68
0.94,18.5,0.4706,0.0,68
0.94,19.5,0.4706,0.0,68
0.94,20.5,0.4412,0.0,68
0.94,21.5,0.3676,0.0,68
0.94,22.5,0.3676,0.0,68
0.94,23.5,0.3676,0.0,68
0.94,24.5,0.3529,0.0,68
0.94,25.5,0.3235,0.0,68
0.94,26.5,0.2647,0.0,68
0.94,27.5,0.2647,0.0,68
0.94,28.5,0.2206,0.0,68
0.94,29.5,0.2206,0.0,68
0.94,30.5,0.2206,0.0,68
0.95,-30.5,1.0,0.0,46
0.95,-29.5,1.0,0.0,46
0.95,-28.5,1.0,0.0,46
0.95,-27.5,1.0,0.0,46
0.95,-26.5,1.0,0.0,46
0.95,-25.5,1.0,0.0,46
0.95,-24.5,1.0,0.0,46
0.95,-23.5,1.0,0.0,46
0.95,-22.5,1.0,0.0,46
0.95,-21.5,1.0,0.0,46
0.95,-20.5,1.0,0.0,46
0.95,-19.5,1.0,0.0,46
0.95,-18.5,1.0,0.0,46
0.95,-17.5,1.0,0.0,46
0.95,-16.5,1.0,0.0,46
0.95,-15.5,1.0,0.0,46
0.95,-14.5,1.0,0.0,46
0.95,-13.5,1.0,0.0,46
0.95,-12.5,1.0,0.0,46
0.95,-11.5,1.0,0.0,46
0.95,-10.5,1.0,0.0,46
0.95,-9.5,1.0,0.0,46
0.95,-8.5,1.0,0.0,46
0.95,-7.5,1.0,0.0,46
0.95,-6.5,1.0,0.0,46
0.95,-5.5,1.0,0.0,46
0.95,-4.5,1.0,0.0,46
0.95,-3.5,1.0,0.0,46
0.95,-2.5,0.9565,0.0,46
0.95,-1.5,0.9565,0.0,46
0.95,-0.5,0.9565,0.0,46
0.95,0.5,0.9565,0.0,46
0.95,1.5,0.9348,0.0,46
0.95,2.5,0.9348,0.0,46
0.95,3.5,0.8478,0.0,46
0.95,4.5,0.8261,0.0,46
0.95,5.5,0.8261,0.0,46
0.95,6.5,0.8043,0.0,46
0.95,7.5,0.7826,0.0,46
0.95,8.5,0.7609,0.0,46
0.95,9.5,0.7609,0.0,46
0.95,10.5,0.6957,0.0,46
0.95,11.5,0.6957,0.0,46
0.95,12.5,0.6957,0.0,46
0.95,13.5,0.6957,0.0,46
0.95,14.5,0.6522,0.0,46
0.95,15.5,0.6522,0.0,46
0.95,16.5,0.587,0.0,46
0.95,17.5,0.5435,0.0,46
0.95,18.5,0.5,0.0,46
0.95,19.5,0.5,0.0,46
0.95,20.5,0.5,0.0,46
0.95,21.5,0.413,0.0,46
0.95,22.5,0.413,0.0,46
0.95,23.5,0.413,0.0,46
0.95,24.5,0.413,0.0,46
0.95,25.5,0.3696,0.0,46
0.95,26.5,0.3043,0.0,46
0.95,27.5,0.3043,0.0,46
0.95,28.5,0.2391,0.0,46
0.95,29.5,0.2391,0.0,46
0.95,30.5,0.2391,0.0,46
0.96,-30.5,1.0,0.0,26
0.96,-29.5,1.0,0.0,26
0.96,-28.5,1.0,0.0,26
0.96,-27.5,1.0,0.0,26
0.96,-26.5,1.0,0.0,26
0.96,-25.5,1.0,0.0,26
0.96,-24.5,1.0,0.0,26
0.96,-23.5,1.0,0.0,26
0.96,-22.5,1.0,0.0,26
0.96,-21.5,1.0,0.0,26
0.96,-20.5,1.0,0.0,26
0.96,-19.5,1.0,0.0,26
0.96,-18.5,1.0,0.0,26
0.96,-17.5,1.0,0.0,26
0.96,-16.5,1.0,0.0,26
0.96,-15.5,1.0,0.0,26
0.96,-14.5,1.0,0.0,26
0.96,-13.5,1.0,0.0,26
0.96,-12.5,1.0,0.0,26
0.96,-11.5,1.0,0.0,26
0.96,-10.5,1.0,0.0,26
0.96,-9.5,1.0,0.0,26
0.96,-8.5,1.0,0.0,26
0.96,-7.5,1.0,0.0,26
0.96,-6.5,1.0,0.0,26
0.96,-5.5,1.0,0.0,26
0.96,-4.5,1.0,0.0,26
0.96,-3.5,1.0,0.0,26
0.96,-2.5,1.0,0.0,26
0.96,-1.5,1.0,0.0,26
0.96,-0.5,1.0,0.0,26
0.96,0.5,1.0,0.0,26
0.96,1.5,0.9615,0.0,26
0.96,2.5,0.9615,0.0,26
0.96,3.5,0.8462,0.0,26
0.96,4.5,0.8462,0.0,26
0.96,5.5,0.8462,0.0,26
0.96,6.5,0.8462,0.0,26
0.96,7.5,0.8077,0.0,26
0.96,8.5,0.8077,0.0,26
0.96,9.5,0.8077,0.0,26
0.96,10.5,0.7308,0.0,26
0.96,11.5,0.7308,0.0,26
0.96,12.5,0.7308,0.0,26
0.96,13.5,0.7308,0.0,26
0.96,14.5,0.7308,0.0,26
0.96,15.5,0.7308,0.0,26
0.96,16.5,0.6154,0.0,26
0.96,17.5,0.5769,0.0,26
0.96,18.5,0.5769,0.0,26
0.96,19.5,0.5769,0.0,26
0.96,20.5,0.5769,0.0,26
0.96,21.5,0.4615,0.0,26
0.96,22.5,0.4615,0.0,26
0.96,23.5,0.4615,0.0,26
0.96,24.5,0.4615,0.0,26
0.96,25.5,0.3846,0.0,26
0.96,26.5,0.3077,0.0,26
0.96,27.5,0.3077,0.0,26
0.96,28.5,0.2692,0.0,26
0.96,29.5,0.2692,0.0,26
0.96,30.5,0.2692,0.0,26
0.97,-30.5,1.0,0.0,15
0.97,-29.5,1.0,0.0,15
0.97,-28.5,1.0,0.0,15
0.97,-27.5,1.0,0.0,15
0.97,-26.5,1.0,0.0,15
0.97,-25.5,1.0,0.0,15
0.97,-24.5,1.0,0.0,15
0.97,-23.5,1.0,0.0,15
0.97,-22.5,1.0,0.0,15
0.97,-21.5,1.0,0.0,15
0.97,-20.5,1.0,0.0,15
0.97,-19.5,1.0,0.0,15
0.97,-18.5,1.0,0.0,15
0.97,-17.5,1.0,0.0,15
0.97,-16.5,1.0,0.0,15
0.97,-15.5,1.0,0.0,15
0.97,-14.5,1.0,0.0,15
0.97,-13.5,1.0,0.0,15
0.97,-12.5,1.0,0.0,15
0.97,-11.5,1.0,0.0,15
0.97,-10.5,1.0,0.0,15
0.97,-9.5,1.0,0.0,15
0.97,-8.5,1.0,0.0,15
0.97,-7.5,1.0,0.0,15
0.97,-6.5,1.0,0.0,15
0.97,-5.5,1.0,0.0,15
0.97,-4.5,1.0,0.0,15
0.97,-3.5,1.0,0.0,15
0.97,-2.5,1.0,0.0,15
0.97,-1.5,1.0,0.0,15
0.97,-0.5,1.0,0.0,15
0.97,0.5,1.0,0.0,15
0.97,1.5,0.9333,0.0,15
0.97,2.5,0.9333,0.0,15
0.97,3.5,0.8667,0.0,15
0.97,4.5,0.8667,0.0,15
0.97,5.5,0.8667,0.0,15
0.97,6.5,0.8667,0.0,15
0.97,7.5,0.8,0.0,15
0.97,8.5,0.8,0.0,15
0.97,9.5,0.8,0.0,15
0.97,10.5,0.7333,0.0,15
0.97,11.5,0.7333,0.0,15
0.97,12.5,0.7333,0.0,15
0.97,13.5,0.7333,0.0,15
0.97,14.5,0.7333,0.0,15
0.97,15.5,0.7333,0.0,15
0.97,16.5,0.6,0.0,15
0.97,17.5,0.6,0.0,15
0.97,18.5,0.6,0.0,15
0.97,19.5,0.6,0.0,15
0.97,20.5,0.6,0.0,15
0.97,21.5,0.5333,0.0,15
0.97,22.5,0.5333,0.0,15
0.97,23.5,0.5333,0.0,15
0.97,24.5,0.5333,0.0,15
0.97,25.5,0.4,0.0,15
0.97,26.5,0.2667,0.0,15
0.97,27.5,0.2667,0.0,15
0.97,28.5,0.2,0.0,15
0.97,29.5,0.2,0.0,15
0.97,30.5,0.2,0.0,15
