game_id,generated_utc,archived_probability,market,production,profile_4,profile_12,bounded_2,combined_4_2
2026_05_BAL_ATL,2026-10-10T13:03:18.705134+00:00,0.7097011510878918,0.6164383561643836,0.709701151087892,0.7085424229126246,0.7081678893616841,0.7088944765293479,0.7077191250380162
2026_05_CHI_GB,2026-10-10T13:03:18.705134+00:00,0.49856884026016274,0.4675324675324675,0.49856884026016296,0.49686197301700596,0.49626756599465627,0.4954159797142519,0.49399735083316654
2026_05_CIN_MIA,2026-10-10T13:03:18.705134+00:00,0.2579851567969552,0.2522172949002217,0.25798515679695516,0.2588080048046424,0.2588544995167537,0.25692427439271404,0.25768779993956625
2026_05_CLE_NYJ,2026-10-10T13:03:18.705134+00:00,0.5438206168822776,0.551441114716549,0.5438206168822775,0.5414380191709371,0.5395438179042856,0.5458708499777187,0.5436368654813187
2026_05_DEN_LAC,2026-10-10T13:03:18.705134+00:00,0.41344068614894,0.3690596562184025,0.41344068614893964,0.41106783478945463,0.40929234463534797,0.4144312474580964,0.41198888666644107
2026_05_DET_ARI,2026-10-10T13:03:18.705134+00:00,0.34285279803148805,0.31460674157303364,0.34285279803148816,0.3384253358090098,0.3347048305858071,0.3326293804382752,0.3281539455024272
2026_05_HOU_TEN,2026-10-10T13:03:18.705134+00:00,0.2421923744647326,0.2491874322860238,0.24219237446473255,0.24166950274853538,0.2408556042170774,0.2434522706272943,0.24283765444068292
2026_05_IND_PIT,2026-10-10T13:03:18.705134+00:00,0.5401720014638394,0.5720596355604638,0.5401720014638391,0.540942270858164,0.5415188060792692,0.539704574889244,0.5405162678482993
2026_05_LV_NE,2026-10-10T13:03:18.705134+00:00,0.611193219968726,0.6309403437815976,0.6111932199687258,0.6116816815079357,0.6116405841726711,0.6101706689450674,0.6109078045549159
2026_05_MIN_NO,2026-10-10T13:03:18.705134+00:00,0.48200288579085104,0.43650793650793646,0.48200288579085104,0.48258834733764966,0.4828277993938139,0.48312747344393636,0.4838784335852602
2026_05_NYG_WAS,2026-10-10T13:03:18.705134+00:00,0.576515359233271,0.6037569709421778,0.576515359233271,0.5748177395015792,0.573286570392622,0.5778863759588935,0.5762285635669326
2026_05_PHI_JAX,2026-10-10T13:03:18.705134+00:00,0.7953465162833812,0.7659021045164341,0.7953465162833812,0.7950438905882886,0.7946322162467665,0.7948264550417387,0.7949061585813656
2026_05_SF_SEA,2026-10-10T13:03:18.705134+00:00,0.9390388806510199,0.593369754159424,0.9390388806510197,0.9203633162830264,0.8967086180002231,0.9185898282734749,0.9120116368821343
