game_id,arm,pass_ho,pass_ad,pass_ao,pass_hd,site,d__for__rates_core__plays_per_game,d__for__rates_core__net_pass_yards_per_pass_play,d__for__rates_core__rush_yards_per_attempt,d__for__rates_core__first_down_rate,d__for__rates_core__fumbles_lost_per_game,d__for__rates_core__interception_pct,d__for__rates_core__penalty_yards_per_game,d__allowed__rates_core__plays_per_game,d__allowed__rates_core__net_pass_yards_per_pass_play,d__allowed__rates_core__rush_yards_per_attempt,d__allowed__rates_core__first_down_rate,d__allowed__rates_core__fumbles_lost_per_game,d__allowed__rates_core__interception_pct,d__allowed__rates_core__penalty_yards_per_game,d__avail__qb_delta,d__avail__OL_out_cs,d__avail__WRTE_out_cs,d__avail__RB_out_cs,d__avail__DL_out_cs,d__avail__LB_out_cs,d__avail__DB_out_cs,d__max_lead,d__max_deficit,pass_product,pass_1sd_pp,pass_1sd_pn,pass_1sd_np,pass_1sd_nn
2026_05_BAL_ATL,production,0.4181591734991499,0.16210188438322415,1.7042247994215804,-0.5891980123360838,-0.01808676918655686,-0.02152356453617771,-0.01505994465950856,0.009550505273064546,-0.027279221751212838,0.009328122158492888,0.20231235295054284,-0.015764537417723587,-0.006169644794748994,-0.0016263409751241281,0.0018466044054441452,-0.05095494156440941,-0.019542483306211406,-0.006725408124119144,-0.0018926337315339653,0.263271453298459,0.006622188176958098,0.035604373142988366,-0.0,-0.00919110024826566,0.0019530948655557456,-0.0024973840610211045,-0.003143123453733029,0.006341591586034398,0.08210189396716293,-0.0,-0.0,0.0,-0.0
2026_05_BAL_ATL,profile_4,0.40959567338803,0.16945998959138525,1.6128455408307645,-0.5749155521300053,-0.01866760689114644,-0.021086157491270532,-0.012434277150606951,0.009579910241724925,-0.027478823939249514,0.009272162758580364,0.20235650712137948,-0.015862561609867237,-0.006000732307401989,-0.0007794418046074564,0.0018454893409182464,-0.05217950795450188,-0.019255057880244626,-0.006754209405090571,-0.001895529991527314,0.26227943224108097,0.006887718853459101,0.03659971324857214,-0.0,-0.009501557934731765,0.0013443392774905895,-0.0025281131957384795,-0.002981532352148302,0.0069438931799584444,0.07415343641843561,-0.0,-0.0,0.0,-0.0
2026_05_BAL_ATL,profile_12,0.4000025231752381,0.17943337677375099,1.5094645553948696,-0.5450778954113467,-0.01893769238887432,-0.020635523691587814,-0.009738411180616934,0.009675360050702533,-0.027561953219375105,0.009232894029186048,0.20251664289751167,-0.01603605660342426,-0.005820341393084553,0.0005007623061577854,0.001833384280164102,-0.05312064206897695,-0.01924505404634298,-0.006794149875981153,-0.0018991881762732887,0.26063359881270975,0.007113927328033107,0.037761210775029266,-0.0,-0.009741049999858453,0.0008058318668300756,-0.0025449975828817375,-0.002860571858456774,0.007307679249239049,0.06959888499830924,-0.0,-0.0,0.0,-0.0
2026_05_BAL_ATL,bounded_2,0.4181591734991499,0.16210188438322415,1.7042247994215804,-0.5891980123360838,-0.01940014518737713,-0.020859922699036366,-0.013382516658127301,0.009189457459818333,-0.027563803495735735,0.009355299154318793,0.20175185065370752,-0.015280045482556497,-0.006315489518154054,-0.0031673888910503586,0.0017995065611228485,-0.05159806289582482,-0.020282657916610134,-0.00655321342448877,-0.0018917001696492066,0.2617981554339271,0.00658251170343438,0.03458752138534575,-0.0,-0.009187073457353154,0.0016238940052216765,-0.002496006435754977,-0.0032907012135172317,0.006633703025021981,0.08350970464125464,-0.0,-0.0,0.0,-0.0
2026_05_BAL_ATL,combined_4_2,0.40959567338803,0.16945998959138525,1.6128455408307645,-0.5749155521300053,-0.019537422760775826,-0.02051221570011518,-0.010945019287302491,0.009282627682907186,-0.02784872092866877,0.009310513489857484,0.20214992076261812,-0.015457783945254737,-0.0061556381759381535,-0.002426175961901925,0.0018024846161265795,-0.052719117768574665,-0.020095377407144822,-0.0065779749010419575,-0.0018960610825646028,0.26024663573075835,0.007075965775525863,0.035496778571412216,-0.0,-0.009451667514105276,0.0011060908428793942,-0.002510097344748808,-0.0031683750665368517,0.007068507103939674,0.07563620211348802,-0.0,-0.0,0.0,-0.0
2026_05_CHI_GB,production,0.6932426297235309,1.129912719204247,0.21178864774552938,-0.5670933810881813,-0.01808676918655686,0.08967143528195284,-1.3405639027378095e-05,0.05568025240341862,-0.0450833891527564,0.012222467772300537,0.056975910088210104,0.05755561929858541,-0.056171153719999894,-0.002488287339936115,0.02893394826429493,0.01676381101868987,-0.03457100104954649,-0.05906558060902768,-0.05648679792468711,0.01931636277409899,-0.008919230527325047,-0.008316769814948046,0.0001265395005229038,-0.0038670530042529596,0.0091458361034979,-0.0,-0.004402829844652066,0.006212956902163378,0.06919560206000716,-0.0,-0.0,0.0,-0.0
2026_05_CHI_GB,profile_4,0.6829205911128079,1.0898909710552775,0.21617378049369798,-0.5387443792149975,-0.01866760689114644,0.08784911084989437,-2.253280039032698e-05,0.05585168585433165,-0.045413264513610455,0.012149145194576211,0.05698834493972025,0.057913501229122005,-0.05463330030904317,-0.001142060488543932,0.02891647661784559,0.017166684595090707,-0.034062540351534505,-0.05931852650487008,-0.05657323855514605,0.019243577675738414,-0.009276865987463377,-0.008549269752876502,0.00011439561161470862,-0.003997674616107179,0.006295191757582748,-0.0,-0.004176475985136158,0.006803041235786391,0.06404305670251217,-0.0,-0.0,0.0,-0.0
2026_05_CHI_GB,profile_12,0.668262578344093,1.0360511351378796,0.22169673042165283,-0.49495181330649396,-0.01893769238887432,0.08597168113623387,-2.706717849130276e-05,0.05640816630261959,-0.045550649286536536,0.01209769209701528,0.05703344293521954,0.058546923671835234,-0.052990942261714406,0.0007036589350613928,0.02872680567340077,0.017476310981735844,-0.03404484339117924,-0.059669301812392286,-0.05668241929047489,0.019122822025363674,-0.009581539530112069,-0.008820582142772567,0.00010845921184749633,-0.004098438233620508,0.0037735013854058295,-0.0,-0.004007036738002424,0.007159448162877889,0.06240471463696856,-0.0,-0.0,0.0,-0.0
2026_05_CHI_GB,bounded_2,0.6932426297235309,1.129912719204247,0.21178864774552938,-0.5670933810881813,-0.01940014518737713,0.0869065718714527,-1.1912473229671424e-05,0.05357531315712041,-0.04555370717176388,0.01225807729262909,0.05681805947749366,0.05578676096580862,-0.057498988084890554,-0.004846077051986816,0.02819598479635635,0.016975393333003942,-0.035880383118958775,-0.057553288756435124,-0.056458935205844094,0.019208266147332006,-0.008865791451839291,-0.008079245003872854,0.00012996858004876637,-0.0038653587768508976,0.007604273956751289,-0.0,-0.0046095540712849945,0.00649914306796055,0.0703821070536586,-0.0,-0.0,0.0,-0.0
2026_05_CHI_GB,combined_4_2,0.6829205911128079,1.0898909710552775,0.21617378049369798,-0.5387443792149975,-0.019537422760775826,0.08545795560724445,-1.9834038752870135e-05,0.054118503427136935,-0.046024579970939436,0.012199395456002298,0.05693016536921664,0.05643567612409767,-0.05604363131563218,-0.003554902608461847,0.02824264714003545,0.017344212361176205,-0.035549080561968635,-0.057770755259933367,-0.056589089288229324,0.019094430343783667,-0.00953041023131543,-0.008291636967318822,0.00011630097067582831,-0.003976683777605171,0.005179536203263882,-0.0,-0.004438201842002734,0.006925127454774358,0.06532365612003523,-0.0,-0.0,0.0,-0.0
2026_05_CIN_MIA,production,-0.2917260372885667,1.0338147589683533,0.31248242200500514,1.4628083335722266,-0.01808676918655686,0.07212677600561132,-0.008813654078344143,-0.032180129673374275,-0.10034835753570476,0.015903892917805237,0.061442026553883484,-0.00395343058094193,0.001365312424870576,0.0016632224232821916,0.0374782217692776,0.019164802776465803,-0.04205538748758576,0.044451503848926696,0.04329177117529543,-0.012734592027667331,-0.0,0.01014436488651721,-0.008674520825510207,-0.018348332723496556,8.003035035870665e-05,0.022833699300848644,-0.006904617996103077,0.010619708093449028,-0.05811129896671767,-0.0,-0.0,0.0,-0.0
2026_05_CIN_MIA,profile_4,-0.27089036751661344,1.0183348059924602,0.3224496639372271,1.4162332993282123,-0.01866760689114644,0.07066099835069418,-0.007672751911028964,-0.032279208798245425,-0.10108260691835524,0.01580848547257328,0.061455436124270284,-0.003978013087147101,0.0013279329118900329,0.0007529085132737645,0.03745559069818003,0.0196253777988735,-0.041436848509022316,0.044641865567996805,0.04335801971710631,-0.012686607397012207,-0.0,0.010427956263808874,-0.007842034393988737,-0.018968104108203404,5.508587692074481e-05,0.02311465721711921,-0.00654964472049505,0.011628329829004889,-0.054500982298181684,-0.0,-0.0,0.0,-0.0
2026_05_CIN_MIA,profile_12,-0.24340215785752636,0.989901585263704,0.3330073519475501,1.3496245350993363,-0.01893769238887432,0.06915089703473228,-0.006322005799711322,-0.03260082395287615,-0.10138840327866958,0.015741534626873124,0.06150406917344325,-0.0040215221603913005,0.0012880132787758257,-0.0004574604552878497,0.03720990940870792,0.019979350331004057,-0.04141532027719511,0.04490585162843432,0.04344169639173228,-0.01260699748491116,-0.0,0.010758889058941897,-0.007435083021520531,-0.019446205747494193,3.3019904854581105e-05,0.023269031958643997,-0.006283926235728535,0.01223753050233918,-0.05371375227146079,-0.0,-0.0,0.0,-0.0
2026_05_CIN_MIA,bounded_2,-0.2917260372885667,1.0338147589683533,0.31248242200500514,1.4628083335722266,-0.01940014518737713,0.06990287177938567,-0.00783195922622076,-0.030963590326359886,-0.10139520963830365,0.01595022807766904,0.061271802657500415,-0.0038319296969035648,0.001397587153739281,0.003239217548735617,0.036522335685000705,0.019406688903689295,-0.04364824186341104,0.04331338505938678,0.04327041704490053,-0.0126633277602924,-0.0,0.009854644429325156,-0.00890959067829536,-0.01834029397976894,6.654095941536067e-05,0.022821103608593303,-0.007228807634540719,0.011108881540007318,-0.05910774013290318,-0.0,-0.0,0.0,-0.0
2026_05_CIN_MIA,combined_4_2,-0.27089036751661344,1.0183348059924602,0.3224496639372271,1.4162332993282123,-0.019537422760775826,0.06873768444321662,-0.006753783644656806,-0.03127752448743013,-0.10244329659213502,0.01587387118613788,0.061392696087117005,-0.003876502947308669,0.0013622128281629757,0.0023435855321310138,0.03658277754549984,0.01982833192550866,-0.04324521455766772,0.043477045739898024,0.04337016780010646,-0.012588279857471192,-0.0,0.010113709141238575,-0.007972650342269374,-0.018868507105380728,4.5323368181097954e-05,0.022949937448715277,-0.006960089167618413,0.011837009855005656,-0.05559077922198698,-0.0,-0.0,0.0,-0.0
2026_05_CLE_NYJ,production,-1.4244110472564002,-1.0098738648701593,-1.2520947273848593,0.3770402701806097,-0.01808676918655686,0.009318324939103695,-0.0034135551590210966,-0.005119880479870745,0.008086413078911931,-0.03565033379725768,-0.14023345816620814,0.014401582840019965,-0.011133396170130198,0.002806788727838262,0.010356867619724883,0.07433667881323605,0.030079388171830503,-0.11280194590426117,0.00422360893031203,0.012424695394562637,-0.009148770288336877,-0.015041717133028026,-0.011890103886901794,0.018563806763020132,0.00021144575179590433,-0.0,-0.0022383978217846573,0.004994025188675566,0.14633786328382978,-0.0,-0.0,0.0,-0.002144926927977517
2026_05_CLE_NYJ,profile_4,-1.3743300372101903,-0.9747664235433797,-1.2153459095799684,0.3729060616338697,-0.01866760689114644,0.009128955702969633,-0.0028925343142358483,-0.005135644035907941,0.008145581399718133,-0.035436467463597014,-0.14026406377174128,0.014491132154793748,-0.01082858613612032,0.0013167044713387679,0.010350613667525842,0.07612316302126367,0.029636988870644428,-0.11328501555269797,0.004230072235582669,0.01237787847116099,-0.009515609631904167,-0.01546221672332338,-0.010749020666936816,0.019190856446298102,0.00014554071807304503,-0.0,-0.0021233195643979024,0.005468339765770095,0.13339229872077163,-0.0,-0.0,0.0,-0.0
2026_05_CLE_NYJ,profile_12,-1.304604226282673,-0.916233195500296,-1.160914274781599,0.3675970597403833,-0.01893769238887432,0.008933860129142704,-0.0023188225413257263,-0.005186813225371676,0.008170223513931608,-0.035286389743031686,-0.14037506240002887,0.014649627292065018,-0.010503062774338236,-0.0008282446574488419,0.010282721209677381,0.077496156144992,0.029621591175355694,-0.11395491732722862,0.004238235855148568,0.012300205868372114,-0.009828124063063584,-0.015952912548061426,-0.010191215320348161,0.019674572682461165,8.72408851755896e-05,-0.0,-0.0020371766846839223,0.005754822546729613,0.12620238563177388,-0.0,-0.0,0.0,-0.0
2026_05_CLE_NYJ,bounded_2,-1.4244110472564002,-1.0098738648701593,-1.2520947273848593,0.3770402701806097,-0.01940014518737713,0.00903101052743771,-0.0030333417427396395,-0.004926328243786155,0.008170771993616939,-0.03575419917941481,-0.13984494419635413,0.013958978623052211,-0.011396579406606561,0.005466376099514893,0.010092714595194023,0.07527490977540754,0.031218649701302573,-0.10991380932812587,0.004221525589913003,0.012355165345015195,-0.009093955938091924,-0.01461212955278173,-0.012212312459169504,0.01855567361613285,0.00017580584273015138,-0.0,-0.002343496377698038,0.0052240639517231405,0.1488471355551509,-0.0,-0.0,0.0,-0.002555852670905143
2026_05_CLE_NYJ,combined_4_2,-1.3743300372101903,-0.9747664235433797,-1.2153459095799684,0.3729060616338697,-0.019537422760775826,0.008880475666257902,-0.002546094435167893,-0.004976275381959375,0.008255230416848067,-0.03558303676748992,-0.14012086777270036,0.01412135035186226,-0.01110812060866549,0.004098518604477145,0.010109417317957474,0.07691038404834491,0.030930391394875627,-0.11032912133404643,0.004231257420444657,0.012281943734889923,-0.009775678932481846,-0.014996261842909642,-0.01092805501656634,0.019090089823933093,0.00011974749099586102,-0.0,-0.0022563809382382905,0.005566473659569321,0.13605959957802724,-0.0,-0.0,0.0,-0.0
2026_05_DEN_LAC,production,-0.600212632321253,-1.4799090704085707,-0.3139997168332672,-0.09336997418972212,-0.01808676918655686,-0.013592913739167817,-0.004505954991173825,-0.02063708281564062,0.004256188878046662,0.04094650856372288,0.20151731539649095,0.020359416724572844,0.02900264725321742,0.0026876529132734825,0.02067284422316567,0.0015376173474836937,0.03737822884642216,0.08483197473529516,-0.2286443937999307,0.013148406151733327,-0.03298517480463628,-0.041347163346197126,0.0026000664524167497,-0.0,0.0,0.018495417143173994,0.00021857682605850283,0.002850070455484075,0.06578980145604624,-0.0,-0.0,0.0,-0.0
2026_05_DEN_LAC,profile_4,-0.5786239541104427,-1.4539822241701814,-0.3000057360240494,-0.08090679489628999,-0.01866760689114644,-0.013316675283389088,-0.003876033233223926,-0.020700622152679364,0.004287331431177516,0.040700870480429474,0.20156129605234704,0.02048601196324432,0.028208613001625138,0.0012739229992198655,0.02066036101064071,0.0015745698876445252,0.03682848022032755,0.08519526414385165,-0.22899428379683437,0.013098862247105386,-0.034307785329485814,-0.042503046354312894,0.0023505402726736973,-0.0,0.0,0.018722994540626536,0.0002073395741262767,0.0031207599117262954,0.06078909152079866,-0.0,-0.0,0.0,-0.0
2026_05_DEN_LAC,profile_12,-0.546734501786903,-1.3969018529450012,-0.27898968886596043,-0.061357891566442536,-0.01893769238887432,-0.01303208365096014,-0.0031517969350771217,-0.020906873608103765,0.004300301519574367,0.04052849737712841,0.20172080253444993,0.02071007542795996,0.027360620251688096,-0.000809605854937442,0.020524844148152668,0.0016029695697223935,0.03680934623479161,0.08569905944593222,-0.22943622003611594,0.013016665388679597,-0.035434531637009374,-0.043851887064406514,0.002228562283041365,-0.0,0.0,0.01884803889735784,0.00019892782664681884,0.0032842545035976223,0.0580891862756599,-0.0,-0.0,0.0,-0.0
2026_05_DEN_LAC,bounded_2,-0.600212632321253,-1.4799090704085707,-0.3139997168332672,-0.09336997418972212,-0.01940014518737713,-0.013173799784748114,-0.004004066355720814,-0.019856917430738714,0.004300590205437155,0.04106580407394608,0.20095901573517747,0.01973371024512539,0.029688243135537917,0.005234352519373639,0.020145581103880032,0.001557024189791052,0.038793935107509336,0.08265997028009954,-0.2285316125006973,0.013074826132089545,-0.03278754595751818,-0.04016629897447327,0.0026705253573517398,-0.0,0.0,0.018485214565860518,0.0002288395722742597,0.0029813526692111284,0.06691790679272995,-0.0,-0.0,0.0,-0.0
2026_05_DEN_LAC,combined_4_2,-0.5786239541104427,-1.4539822241701814,-0.3000057360240494,-0.08090679489628999,-0.019537422760775826,-0.01295421017007735,-0.003411799333569665,-0.020058243073190235,0.004345043907975692,0.04086921396049785,0.20135552152692646,0.019963254020129537,0.028936804074542556,0.003965352306934339,0.020178920603666044,0.0015908531643104788,0.03843573018382679,0.0829723029913049,-0.2290584435897464,0.012997339526709081,-0.0352454448258457,-0.041222214360063965,0.0023896905787374463,-0.0,0.0,0.018589570657434534,0.00022033285551797653,0.0031767645374204162,0.06200462493224866,-0.0,-0.0,0.0,-0.0
2026_05_DET_ARI,production,-1.0562182797131374,0.6828239406856551,1.1707391841391344,1.8404617380294657,-0.01808676918655686,0.009295974086034308,-0.02491966295812518,0.008393202955217548,-0.07668156592455078,-0.009839334869225147,0.19726146002455167,0.04023567223805665,0.033592892528669774,0.0026449179199827676,0.008787254474292626,-0.013739681057613631,0.030464132417794814,0.037064202404729366,-0.012386372424577465,0.0021315113144345925,-0.013545463687485142,-0.017149166271452274,-0.0,-0.004721316120179002,0.0,-4.091477085068815e-06,-0.0060630304100096335,0.010940830355444913,-0.22027758837721104,0.16466449574400854,-0.0,0.0,-0.0
2026_05_DET_ARI,profile_4,-1.046018783249318,0.686949002652061,1.1735315957957781,1.7831824944014556,-0.01866760689114644,0.009107059069301303,-0.0221271238607215,0.008419044715711041,-0.07724264528671912,-0.009780308704530368,0.19730451185049497,0.04048585840984105,0.03267318657752205,0.0011946291875511196,0.008781948326578776,-0.014069877719942761,0.030016074404916278,0.03722292831217461,-0.012405327045494501,0.0021234796646622126,-0.014088597775545726,-0.01762858077760719,-0.0,-0.00488079309683612,0.0,-4.141820783702308e-06,-0.005751323988891639,0.011979951130180551,-0.20915741965910437,0.1348450750953818,-0.0,0.0,-0.0
2026_05_DET_ARI,profile_12,-1.0218178849722195,0.6848153477443418,1.1677342232546912,1.699096483917407,-0.01893769238887432,0.008912431450019164,-0.01856470588400028,0.008502928195786724,-0.0774763206984426,-0.009738887915669035,0.19746064970634664,0.04092866795830619,0.03169098212339016,-0.0007234935916917558,0.008724345166443428,-0.014323648643200163,0.03000047975832556,0.03744304308735379,-0.012429268095422228,0.0021101545869513716,-0.01455129961914557,-0.01818802649864543,-0.0,-0.00500381620801924,0.0,-4.169482561548292e-06,-0.005517993302885499,0.012607573015897433,-0.20881229217691757,0.1175779481935151,-0.0,0.0,-0.0
2026_05_DET_ARI,bounded_2,-1.0562182797131374,0.6828239406856551,1.1707391841391344,1.8404617380294657,-0.01940014518737713,0.009009348824214657,-0.022144025903937853,0.008075905860826165,-0.07748152180315226,-0.009868001256535176,0.19671495112478182,0.03899910828512718,0.034386997583694914,0.005151123759182197,0.008563134602152326,-0.013913094699229255,0.03161796619573181,0.03611522517058453,-0.01238026271354709,0.002119583127658406,-0.013464306792362019,-0.016659390484775747,-0.0,-0.0047192476243151475,0.0,-4.089220114546681e-06,-0.006347705338813343,0.01144479559122046,-0.22405471366867685,0.12059107396118558,-0.0,0.0,-0.0
2026_05_DET_ARI,combined_4_2,-1.046018783249318,0.686949002652061,1.1735315957957781,1.7831824944014556,-0.019537422760775826,0.00885917503464225,-0.019476950247671328,0.008157785988569052,-0.07828242129785787,-0.009820761185866249,0.19710308308870117,0.0394527483977246,0.033516628358518014,0.0037185337007714634,0.00857730597912894,-0.014215380128802293,0.03132602078888528,0.036251687428617015,-0.012408802779478109,0.0021070216373774097,-0.01447365053741204,-0.01709734237918896,-0.0,-0.0048551652132548485,0.0,-4.112305322847593e-06,-0.006111740331393578,0.012194941292146736,-0.21333971331554638,0.0904815003953674,-0.0,0.0,-0.0
2026_05_HOU_TEN,production,-1.4872971280906364,-0.34705700183110794,0.11722234116336222,1.6330156520004058,-0.01808676918655686,0.05090333693229654,-0.017810477440158942,-0.02224910280143737,-0.033639026733150314,0.052448391098358575,0.11329509822329412,-0.05757624822863344,0.004834068459775634,0.0033337312886488764,-0.010386400598632316,0.04690937186102177,-0.03432827128450662,-0.042751644783867775,-0.05337194610679042,-0.015746143419873772,-0.003970704906360674,-0.011390974654338555,-0.0,0.009109521714943749,-0.0022029926982431764,-0.029912018425182287,-0.005199262647247044,0.01516796417245334,0.024873975336283518,-0.0,-0.0,0.0,-0.0
2026_05_HOU_TEN,profile_4,-1.4418057458846492,-0.330664841935998,0.1250204840364012,1.5733142407874456,-0.01866760689114644,0.04986886710058975,-0.01540346584369561,-0.0223176053729655,-0.0338851636427952,0.05213375322780182,0.11331982459837181,-0.05793425843024765,0.00470172137097056,0.0015334526022694659,-0.010380128813064618,0.04803671375167521,-0.033823380588577694,-0.04293472692709043,-0.05345362014107437,-0.015686811100895377,-0.00412991873897878,-0.011709415702847347,-0.0,0.009417223835477995,-0.0015163470369528478,-0.030280071724713725,-0.004931963385552713,0.016608562935983038,0.02083685399128289,-0.0,-0.0,0.0,-0.0
2026_05_HOU_TEN,profile_12,-1.3759328844803806,-0.3026622526662581,0.13509234939689563,1.4910504664745405,-0.01893769238887432,0.048803115928204986,-0.012593554345079984,-0.022539967703711472,-0.033987673461512005,0.051912960484930895,0.11340950077593273,-0.05856790790252673,0.004560380652283775,-0.0009467076112136358,-0.010312042757441305,0.04890312648401442,-0.03380580788204496,-0.04318861796128521,-0.05355678032249659,-0.015588374567485972,-0.004265554736605165,-0.012081015810278407,-0.0,0.009654590212614394,-0.00090893778379433,-0.030482301773030976,-0.004731874083970879,0.01747867479834855,0.016728749247816064,-0.0,-0.0,0.0,-0.0
2026_05_HOU_TEN,bounded_2,-1.4872971280906364,-0.34705700183110794,0.11722234116336222,1.6330156520004058,-0.01940014518737713,0.04933382069433361,-0.015826685716380677,-0.021407996526588778,-0.03398995510636707,0.05260119674152415,0.11298121643679805,-0.05580675590641728,0.004948341388103234,0.00649262584594693,-0.010121494332292421,0.047501432547598886,-0.035628459926120834,-0.0416570485160425,-0.05334561982201037,-0.015658026158452288,-0.0039469146479328195,-0.011065651342170997,-0.0,0.009105530665094636,-0.001831670698292618,-0.029895518138747947,-0.005443381449866488,0.015866643010536346,0.025300492269005184,-0.0,-0.0,0.0,-0.0
2026_05_HOU_TEN,combined_4_2,-1.4418057458846492,-0.330664841935998,0.1250204840364012,1.5733142407874456,-0.019537422760775826,0.048511491916493274,-0.013558587178694516,-0.02162504827539867,-0.034341297429494336,0.05234938442545923,0.11320413605307976,-0.05645590364712956,0.004823093929397611,0.004773192585193473,-0.010138244683467974,0.04853348122213145,-0.035299483509230026,-0.04181445068857826,-0.053468596817093456,-0.015565230485169933,-0.004242792755404139,-0.011356551718907386,-0.0,0.00936777623314655,-0.0012476147950773449,-0.030064289749021898,-0.005241033124661073,0.016906617376842747,0.021253505919815886,-0.0,-0.0,0.0,-0.0
2026_05_IND_PIT,production,-0.6809268118798099,1.1939514247666763,-0.32760682987108325,0.6778310349596658,-0.01808676918655686,0.00024867307715384753,-0.001341209243579773,-0.02339533106656932,-0.010600941667846408,-0.054694723522944154,-0.11681265289433508,0.04143748165616369,0.026063564717330664,-0.0007863366143758297,-0.0010198220657699876,-0.027573686149269392,0.04741897095856047,0.08789824635524299,0.01824334389232655,-0.012924991261686374,-0.0,-0.007332156238065591,-0.0012445934975932199,0.0022867241281599123,-0.006762692612908854,-0.023224271524281394,-0.003068396593117233,0.0013090868907536205,-0.04526180426563945,-0.0,-0.0,0.0,-0.0
2026_05_IND_PIT,profile_4,-0.6630917430619593,1.184476903782464,-0.3107939050662931,0.6711219740687498,-0.01866760689114644,0.0002436194831897525,-0.0012881078236311617,-0.023467362750458538,-0.010678508805628015,-0.05436660990535621,-0.11683814696702297,0.04169514070166452,0.02534999664461424,-0.0003826923109361185,-0.00101920625038207,-0.028236346301016832,0.04672154588145481,0.0882746669446633,0.018271261320923486,-0.012876289196432513,-0.0,-0.007537130754393796,-0.0011251509116166894,0.0023639652704865568,-0.0046548447090110625,-0.023510035247819677,-0.002910647273728663,0.001433419262239409,-0.042917731637206455,-0.0,-0.0,0.0,-0.0
2026_05_IND_PIT,profile_12,-0.6342640369646523,1.1594183988262898,-0.2867442927491139,0.6577973844902409,-0.01893769238887432,0.00023841307356144598,-0.0011573625534285032,-0.023701180733635818,-0.01071081356334942,-0.054136360744718455,-0.11693060738558114,0.04215117663995172,0.024587938142683542,0.00024920123709013344,-0.0010125210025682084,-0.02874563030567227,0.046697272021176996,0.08879667204607782,0.01830652304178925,-0.012795489009350422,-0.0,-0.007776322757575784,-0.001066762783649889,0.0024235503331052986,-0.0027902347751590875,-0.023667050581446723,-0.002792562581158268,0.0015085151696111149,-0.042539542890111304,-0.0,-0.0,0.0,-0.0
2026_05_IND_PIT,bounded_2,-0.6809268118798099,1.1939514247666763,-0.32760682987108325,0.6778310349596658,-0.01940014518737713,0.000241005673481348,-0.0011918207835450532,-0.0225108927169483,-0.010711532596756874,-0.05485407373809209,-0.11648902579350892,0.04016398246338214,0.02667968339411157,-0.0015314339951436435,-0.0009938113941028713,-0.027921703931331473,0.049214971896865245,0.08564773428967819,0.018234345167309315,-0.012852661497914572,-0.0,-0.007122751738004746,-0.0012783205951634059,0.002285722272050202,-0.005622817502074968,-0.023211460381718813,-0.0032124657338962587,0.0013693870930340623,-0.0460379136596481,-0.0,-0.0,0.0,-0.0
2026_05_IND_PIT,combined_4_2,-0.6630917430619593,1.184476903782464,-0.3107939050662931,0.6711219740687498,-0.019537422760775826,0.00023698843139190108,-0.0011338306845669853,-0.0227391265278711,-0.010822253977088825,-0.05459147645496448,-0.11671886655598156,0.04063117246664685,0.026004393982548973,-0.0011912100173604489,-0.0009954560810736853,-0.02852835000467138,0.04876054402808884,0.08597135633997223,0.01827638057684182,-0.012776491528270895,-0.0,-0.007309998841669486,-0.0011438912850830812,0.0023515526511560074,-0.003829897105493726,-0.023342497934814615,-0.0030930478560531327,0.0014591431601089038,-0.04377591088357371,-0.0,-0.0,0.0,-0.0
2026_05_LV_NE,production,1.1214163675816893,-0.3397110974063546,-0.7183592735150719,-0.7775091696491274,-0.01808676918655686,-0.007383040511115616,0.018929568305553604,-0.055574488165660844,0.05231104332101824,0.023805905320210704,0.0677143771521671,0.021571215010966947,0.025633958103259004,-0.0008692292867684002,0.009122718232218774,-0.006690477234282444,-0.028661287201269106,-0.005096944262557898,-0.010311152149968996,-0.03154346937011126,-0.008996077323531205,0.003601375130613212,-0.0039983513417887456,-0.007603788758749636,0.002350074857802353,-0.05398183425711178,0.008514923113648053,-0.00672144759799106,-0.07195918266553314,-0.0,-0.0,0.0,-0.0
2026_05_LV_NE,profile_4,1.0945114485429692,-0.3201291015015319,-0.6969755379817819,-0.741992019882726,-0.01866760689114644,-0.0072330005896626,0.01628966993609932,-0.05574559597997061,0.05269380345987347,0.023663093706741377,0.0677291556475643,0.02170534523432699,0.024932151797091174,-0.00040187040735126044,0.009117209516085243,-0.00685126504608721,-0.028239744935964338,-0.005118771714675663,-0.010326931102314458,-0.03142461187361529,-0.009356794118907722,0.0037020535806551636,-0.003614632943107165,-0.007860630116438432,0.0016175855008905822,-0.05464605530467448,0.008077162451015005,-0.0073598265517323125,-0.0645463008548207,-0.0,-0.0,0.0,-0.0
2026_05_LV_NE,profile_12,1.0584871616509754,-0.2890748511335184,-0.6640389040116662,-0.6873246424747076,-0.01893769238887432,-0.007078423609946102,0.013254337782040637,-0.05630101939766152,0.0528532134098183,0.023562877646303645,0.06778275343426604,0.021942745020326247,0.02418265433108513,0.00024926824455013397,0.009057407287671633,-0.006974837680536075,-0.02822507316922537,-0.00514904115709352,-0.010346861054359575,-0.031227418840775227,-0.009664092684597314,0.003819538820157975,-0.003427056637870118,-0.008058761681042319,0.0009696227475947161,-0.05501101726728409,0.007749472712214261,-0.00774540310114832,-0.05931661861752722,-0.0,-0.0,0.0,-0.0
2026_05_LV_NE,bounded_2,1.1214163675816893,-0.3397110974063546,-0.7183592735150719,-0.7775091696491274,-0.01940014518737713,-0.007155397243187105,0.016821128424285743,-0.05347354723627575,0.052856761527420026,0.02387526257974554,0.06752677583485238,0.020908266303520644,0.02623992127516294,-0.0016928720537682596,0.00889004232078838,-0.006774920244020318,-0.02974683793478221,-0.004966444109983311,-0.010306066063593817,-0.03136694842383825,-0.008942177824724097,0.00349852078132338,-0.004106702209831339,-0.0076004573983414914,0.001953961653737449,-0.05395205640277804,0.008914720734182001,-0.0070310562669335195,-0.07319307509554177,-0.0,-0.0,0.0,-0.0
2026_05_LV_NE,combined_4_2,1.0945114485429692,-0.3201291015015319,-0.6969755379817819,-0.741992019882726,-0.019537422760775826,-0.007036126345714775,0.014338650287016946,-0.054015705720293,0.05340312345493398,0.023760966983080573,0.06766001075152782,0.021151472589438808,0.025575762681689353,-0.00125090586154331,0.008904754706721713,-0.006922116803848247,-0.029472169644940087,-0.0049852099400297615,-0.010329824509739112,-0.031181055446757498,-0.00961252286318017,0.003590491961494993,-0.0036748378192694373,-0.007819355817466385,0.0013309114299251557,-0.054256636353338786,0.00858333135299506,-0.0074919047451411135,-0.06583696309884675,-0.0,-0.0,0.0,-0.0
2026_05_MIN_NO,production,-0.3698760595302603,-1.5036394554764536,-1.0570760820698097,-0.23892271806672535,-0.01808676918655686,-0.07333084842520463,0.009852711677545723,0.020414722172047487,0.06822729046797664,0.10143010383831914,-0.12689335507611432,-0.013285985482998914,-0.017157413084266666,0.0029052924285543915,-0.0245715396406791,0.16802497127589763,-0.02518185988740977,-0.07411907338493923,0.08827451852739628,0.024196882004881473,0.017041266595260313,0.03960452119016577,-0.008214263170600084,-0.009043044639821678,0.00910360827972587,-0.007557469226651359,-0.007724749208645684,0.01616360817250106,0.023253995523931054,-0.0,-0.0,0.0,-0.0
2026_05_MIN_NO,profile_4,-0.3613081309515308,-1.4429818419222415,-1.0115529694237884,-0.2214350422642277,-0.01866760689114644,-0.07184060132155733,0.00823863811822019,0.020477576884810427,0.06872650985866974,0.10082162469885059,-0.12692104923712996,-0.013368597992284409,-0.016687677561895896,0.0013460829964716226,-0.024556702216854447,0.17206300421644433,-0.024811492074304158,-0.07443648523839176,0.08840960327844095,0.02410570684642431,0.017724572313333697,0.04071168766504521,-0.0074259472771894645,-0.009348501292633022,0.006266125825814227,-0.0076504603262635,-0.007327612172043357,0.01769876962744253,0.022124739316465344,-0.0,-0.0,0.0,-0.0
2026_05_MIN_NO,profile_12,-0.3456520247601889,-1.350399148981687,-0.9507071393514646,-0.1942988918993509,-0.01893769238887432,-0.07030529062502917,0.006511983369340544,0.020681606020017385,0.06893442215152208,0.10039463293862391,-0.127021488807946,-0.013514815537696182,-0.016186021220800373,-0.0008366637898554882,-0.024395628204848207,0.1751664133794507,-0.024798601432940878,-0.07487665937181744,0.08858022503782038,0.02395444077953007,0.01830668789481715,0.0420036793317474,-0.007040588161875551,-0.009584135479762293,0.0037560785112472285,-0.007701555085070387,-0.00703033161921898,0.01862599671274006,0.021944168838249012,-0.0,-0.0,0.0,-0.0
2026_05_MIN_NO,bounded_2,-0.3698760595302603,-1.5036394554764536,-1.0570760820698097,-0.23892271806672535,-0.01940014518737713,-0.07106981871117947,0.008755283046092131,0.01964296292083442,0.06893904982542913,0.10172561513864291,-0.12654179959304065,-0.012877666948385706,-0.017562998535109953,0.0056582174981808795,-0.023944839874708957,0.17014567713720058,-0.026135626767453856,-0.07222135783476615,0.08823097617447319,0.02406147342130933,0.01693916479071932,0.03847342623109766,-0.008436860553567101,-0.009039082714807977,0.007569163777985116,-0.0075533003201875455,-0.008087446124591752,0.016908149156959713,0.023652734475397442,-0.0,-0.0,0.0,-0.0
2026_05_MIN_NO,combined_4_2,-0.3613081309515308,-1.4429818419222415,-1.0115529694237884,-0.2214350422642277,-0.019537422760775826,-0.06988517993113842,0.007251893456518616,0.019842119317766735,0.06965164876367591,0.10123863453101409,-0.12679147516123263,-0.013027460790894809,-0.017118461515279095,0.0041899654207142615,-0.023984466876767745,0.17384237871332534,-0.025894302700542705,-0.07249424799457418,0.08843437394844951,0.023918875586582213,0.01820899919746227,0.03948483837837124,-0.007549632930268929,-0.009299414536027364,0.005155621435982121,-0.007595941583403136,-0.00778680925143264,0.018016388731849405,0.022567143688466587,-0.0,-0.0,0.0,-0.0
2026_05_NYG_WAS,production,-0.4037291513257296,-0.012166362922081222,-0.54657678552409,1.3125925984683984,-0.01808676918655686,0.0023059215161363817,-0.0003545220061367229,-0.021101962579976045,-0.005235680188075021,-0.001985808421991654,-0.06991819785937231,-0.031286640210697124,-0.017005412788119654,0.0024776323520482547,0.019907631014629674,-0.010778893604951698,-0.012102881271991089,-0.08370737281463947,0.1178274701550151,-0.010883790910968229,-0.0,-0.03482045276645036,-0.0,0.015460782315374032,-0.00042944583349148593,-0.009800842409541736,-0.004357863053021054,0.005890556756737348,0.05532725907886715,-0.0,-0.0,0.0,-0.0
2026_05_NYG_WAS,profile_4,-0.3818536543069988,-0.002667896836902977,-0.5211035970844202,1.2875830287813042,-0.01866760689114644,0.002259060025584213,-0.00031113381740032636,-0.021166933231328566,-0.005273989683519245,-0.0019738955583147224,-0.06993345733319013,-0.03148118113189755,-0.01653983872867808,0.0011629604391795976,0.0198956098729744,-0.011037935621795576,-0.011924875449981677,-0.08406584616217778,0.11800777920385092,-0.010842780198897064,-0.0,-0.03579387794076379,-0.0,0.01598301780176129,-0.00029559286223048554,-0.009921437159643342,-0.004133820980967951,0.006450020682401722,0.049996827049188924,-0.0,-0.0,0.0,-0.0
2026_05_NYG_WAS,profile_12,-0.35192200308067395,0.012497091015847821,-0.4859392744130872,1.2446597010127722,-0.01893769238887432,0.0022107814900823417,-0.0002576743273576881,-0.021377830795355043,-0.0052899446227389875,-0.0019655358721713386,-0.06998879950442528,-0.03182550302970809,-0.0160426266422051,-0.0007318806835630654,0.01976510921880466,-0.011237021013250578,-0.011918679962331553,-0.08456296274239546,0.11823552250504873,-0.010774740513301649,-0.0,-0.036929802159845676,-0.0,0.016385878676429894,-0.00017718603627907831,-0.009987698981425411,-0.0039661122434357255,0.006787933091193063,0.04671549997873172,-0.0,-0.0,0.0,-0.0
2026_05_NYG_WAS,bounded_2,-0.4037291513257296,-0.012166362922081222,-0.54657678552409,1.3125925984683984,-0.01940014518737713,0.0022348224196693306,-0.00031503413591907743,-0.020304222855545832,-0.005290299744867184,-0.0019915939709240697,-0.06972449090119984,-0.03032510708993994,-0.01740740509188778,0.0048253258744745415,0.01939988474067484,-0.010914938043303945,-0.012561279792272836,-0.08156416222389894,0.11776935049177466,-0.010822883943250147,-0.0,-0.03382598957353639,-0.0,0.015454008660855407,-0.00035706126050145297,-0.009795435997150685,-0.004562475972710024,0.006161892270433617,0.056275961991014575,-0.0,-0.0,0.0,-0.0
2026_05_NYG_WAS,combined_4_2,-0.3818536543069988,-0.002667896836902977,-0.5211035970844202,1.2875830287813042,-0.019537422760775826,0.00219757092032888,-0.0002738692077659213,-0.020510083645627165,-0.005344983730079422,-0.001982059817301222,-0.06986206205901993,-0.030677850667927224,-0.01696680629737858,0.003619958084749427,0.019431990166168662,-0.011152083466842677,-0.012445294851408321,-0.08187235439767131,0.11804084271334202,-0.010758743240443328,-0.0,-0.034715227161650423,-0.0,0.015899094777085968,-0.0002432068776149696,-0.009850734972030529,-0.004392873790615938,0.006565771654682516,0.050996559274566616,-0.0,-0.0,0.0,-0.0
2026_05_PHI_JAX,production,0.6074720096310207,-0.9154880684373722,-0.48488600226047385,0.5211175023357513,-0.01808676918655686,-0.007283754041540776,0.017258291504841324,0.01823057290053953,0.12228991702635754,-0.02259325517421651,-0.06719560788429757,0.009133452406361377,0.023514343502109524,0.0025840844763359034,0.021611712918506346,0.0066257304151809285,0.013783811655333413,0.10891614289019973,-0.10125319738812394,-0.004230225655505027,0.03351249801371153,0.039657532975532934,0.015701217617757474,-0.0,-0.0001860031867431485,-0.023154227930432657,0.01071363031634949,-0.004162700458011941,-0.023242510123192874,-0.0,-0.0,0.0,-0.0
2026_05_PHI_JAX,profile_4,0.5961252031832039,-0.8826137870831672,-0.4580789968358255,0.5243151785186888,-0.01866760689114644,-0.00713573184355466,0.014702158504524568,0.01828670285486907,0.1231847128983182,-0.022457718248333886,-0.06721027315958464,0.00919024438635373,0.022870567988055028,0.001220910298518487,0.021598662773955463,0.006784962209529823,0.013581083175313638,0.10938257174861427,-0.10140814315491854,-0.004214285936727524,0.03485625268075376,0.04076618142443373,0.014194385034370345,-0.0,-0.0001280282868421142,-0.023439129800535956,0.010162831930516349,-0.00455805879777169,-0.021276762198801785,-0.0,-0.0,0.0,-0.0
2026_05_PHI_JAX,profile_12,0.5814701055299911,-0.8279945340469812,-0.4223997460029004,0.5238797851255191,-0.01893769238887432,-0.006983233601259484,0.011848082472498809,0.01846890313131062,0.12355737282468018,-0.022362607098576348,-0.06726346032618272,0.009290761656502965,0.022183044789388876,-0.0007733492838039849,0.021456991337935726,0.006907338974875724,0.013574027216243803,0.11002939673742344,-0.10160385080611116,-0.004187840810580516,0.03600101191324182,0.0420599024589675,0.01345778733779469,-0.0,-7.674347920981538e-05,-0.023595671581386757,0.009750526772487953,-0.004796852547994841,-0.020241874014373936,-0.0,-0.0,0.0,-0.0
2026_05_PHI_JAX,bounded_2,0.6074720096310207,-0.9154880684373722,-0.48488600226047385,0.5211175023357513,-0.01940014518737713,-0.007059172099953502,0.01533600413388854,0.01754138334545608,0.12356566742137656,-0.022659079441001467,-0.06700944380678521,0.008852753777923378,0.024070200936079717,0.005032647267131254,0.021060503851988627,0.006709356231154526,0.014305875676672661,0.10612749688333256,-0.10120325316266893,-0.00420655281765398,0.03331170973880547,0.038524924013482384,0.01612670312735469,-0.0,-0.0001546517095667956,-0.02314145542582974,0.011216662915773843,-0.004354446079653989,-0.023641052133164076,-0.0,-0.0,0.0,-0.0
2026_05_PHI_JAX,combined_4_2,0.5961252031832039,-0.8826137870831672,-0.4580789968358255,0.5243151785186888,-0.019537422760775826,-0.006941505146860892,0.012941275672719344,0.017719232212674792,0.124842922672663,-0.022550605953183773,-0.06714165799222031,0.008955729573966027,0.023460960129649974,0.0038003391663035766,0.02109535748366329,0.006855128302310301,0.014173781959168281,0.10652850221545024,-0.10143655576573368,-0.004181623117258679,0.03580890223302721,0.03953768996486867,0.014430804943845106,-0.0,-0.0001053386731137819,-0.02327209777423039,0.010799702800760003,-0.0046398569444031585,-0.021702210493768838,-0.0,-0.0,0.0,-0.0
2026_05_SF_SEA,production,1.5527896614384487,-0.11123632838545608,2.0816542032262824,-2.5000431917304478,-0.01808676918655686,-0.003457480790372685,-0.007617208043247642,0.016186652907126686,-0.06488760373753175,0.03942386171332566,0.1104796382065994,0.09233582831175444,0.006123911148704613,-0.0046133392681162915,0.01652673951941743,-0.09169493472141493,0.0009272241074098197,0.17349666902713304,-0.09828355959511945,-0.0107406776341117,-0.0024569962610529817,0.0334677461422929,0.0012048195532332287,0.04634737828971041,4.370712975978456e-05,0.031189177526688365,-0.001594571344523323,0.002851675666880662,0.3853826186347934,-0.0,1.7041526537497969,0.0,-0.0
2026_05_SF_SEA,profile_4,1.5022629927364932,-0.09954136830953124,2.017341681832442,-2.4365742513652235,-0.01866760689114644,-0.0033872170358352684,-0.0064699293768039085,0.016236489853742785,-0.06536238662542306,0.039187357987685294,0.11050375011448935,0.09290997424045125,0.005956250756764361,-0.0021637332002427886,0.016516759915278862,-0.09389857840648584,0.0009135867523274066,0.17423966130656615,-0.09843396098389134,-0.010700206180598396,-0.002555514735902109,0.03440335564860662,0.0010891940390781653,0.047912903574924004,3.0084156319635342e-05,0.0315729456674804,-0.0015125928464115373,0.003122517580336444,0.3545896100720565,-0.0,1.4433474977911562,0.0,-0.0
2026_05_SF_SEA,profile_12,1.4381284587973011,-0.08042095943579708,1.9333052838789364,-2.323209474598819,-0.01893769238887432,-0.003314828575119256,-0.005199670934753942,0.016398262753060427,-0.06556012173080727,0.03902139479262893,0.11059119777822812,0.09392616669276004,0.0057771970238405836,0.0013606306204917153,0.016408422046398738,-0.09559217727131439,0.0009131121045656668,0.17527001344743326,-0.09862392875869137,-0.010633061163270823,-0.0026394436973563775,0.0354951514289804,0.0010326718425641055,0.04912057502230105,1.8033224391325028e-05,0.03178381037037479,-0.0014512270935548288,0.0032861042553286096,0.34045292640179164,-0.0,1.1643600542756933,0.0,-0.0
2026_05_SF_SEA,bounded_2,1.5527896614384487,-0.11123632838545608,2.0,-2.0,-0.01940014518737713,-0.003350875357998922,-0.006768777431251816,0.015574731813027513,-0.0655645228827312,0.0395387210716209,0.11017355659534221,0.08949806891808376,0.006268674770817857,-0.008984733073802481,0.016105223247318574,-0.09285225070866897,0.0009623428654356349,0.16905452867540377,-0.09823508017535235,-0.010680571545040114,-0.0024422753040981883,0.03251191590333728,0.0012374688212110421,0.04632707264656928,3.6340142639289677e-05,0.031171972724406995,-0.0016694405853612377,0.002983031821132673,0.2981727884199621,-0.0,1.4957582570751458,0.0,-0.0
2026_05_SF_SEA,combined_4_2,1.5022629927364932,-0.09954136830953124,2.0,-2.0,-0.019537422760775826,-0.003295020749556745,-0.0056950235995943815,0.01573264116120328,-0.06624224051172667,0.039349441406060934,0.11039093650799667,0.09053911615855964,0.00611000835657558,-0.006735073032222062,0.016131876243042,-0.09486962233583457,0.0009534570447083868,0.16969330532997806,-0.09846154028607969,-0.010617274241948858,-0.002625359018684968,0.03336660834685025,0.001107335519353343,0.04766132431505846,2.4752538572714464e-05,0.031347950408008175,-0.0016073820084290477,0.0031785537488519893,0.2922103380336514,-0.0,1.41242304421258,0.0,-0.0
