arm,evaluation_season,evaluation_week,training_games,training_max_season,training_max_week
production,2021,1,446,2020,17
profile_4,2021,1,446,2020,17
profile_12,2021,1,446,2020,17
bounded_2,2021,1,446,2020,17
combined_4_2,2021,1,446,2020,17
production,2021,2,462,2021,1
profile_4,2021,2,462,2021,1
profile_12,2021,2,462,2021,1
bounded_2,2021,2,462,2021,1
combined_4_2,2021,2,462,2021,1
production,2021,3,478,2021,2
profile_4,2021,3,478,2021,2
profile_12,2021,3,478,2021,2
bounded_2,2021,3,478,2021,2
combined_4_2,2021,3,478,2021,2
production,2021,4,494,2021,3
profile_4,2021,4,494,2021,3
profile_12,2021,4,494,2021,3
bounded_2,2021,4,494,2021,3
combined_4_2,2021,4,494,2021,3
production,2021,5,510,2021,4
profile_4,2021,5,510,2021,4
profile_12,2021,5,510,2021,4
bounded_2,2021,5,510,2021,4
combined_4_2,2021,5,510,2021,4
production,2021,6,526,2021,5
profile_4,2021,6,526,2021,5
profile_12,2021,6,526,2021,5
bounded_2,2021,6,526,2021,5
combined_4_2,2021,6,526,2021,5
production,2021,7,540,2021,6
profile_4,2021,7,540,2021,6
profile_12,2021,7,540,2021,6
bounded_2,2021,7,540,2021,6
combined_4_2,2021,7,540,2021,6
production,2021,8,553,2021,7
profile_4,2021,8,553,2021,7
profile_12,2021,8,553,2021,7
bounded_2,2021,8,553,2021,7
combined_4_2,2021,8,553,2021,7
production,2021,9,568,2021,8
profile_4,2021,9,568,2021,8
profile_12,2021,9,568,2021,8
bounded_2,2021,9,568,2021,8
combined_4_2,2021,9,568,2021,8
production,2021,10,582,2021,9
profile_4,2021,10,582,2021,9
profile_12,2021,10,582,2021,9
bounded_2,2021,10,582,2021,9
combined_4_2,2021,10,582,2021,9
production,2021,11,595,2021,10
profile_4,2021,11,595,2021,10
profile_12,2021,11,595,2021,10
bounded_2,2021,11,595,2021,10
combined_4_2,2021,11,595,2021,10
production,2021,12,610,2021,11
profile_4,2021,12,610,2021,11
profile_12,2021,12,610,2021,11
bounded_2,2021,12,610,2021,11
combined_4_2,2021,12,610,2021,11
production,2021,13,625,2021,12
profile_4,2021,13,625,2021,12
profile_12,2021,13,625,2021,12
bounded_2,2021,13,625,2021,12
combined_4_2,2021,13,625,2021,12
production,2021,14,639,2021,13
profile_4,2021,14,639,2021,13
profile_12,2021,14,639,2021,13
bounded_2,2021,14,639,2021,13
combined_4_2,2021,14,639,2021,13
production,2021,15,653,2021,14
profile_4,2021,15,653,2021,14
profile_12,2021,15,653,2021,14
bounded_2,2021,15,653,2021,14
combined_4_2,2021,15,653,2021,14
production,2021,16,669,2021,15
profile_4,2021,16,669,2021,15
profile_12,2021,16,669,2021,15
bounded_2,2021,16,669,2021,15
combined_4_2,2021,16,669,2021,15
production,2021,17,685,2021,16
profile_4,2021,17,685,2021,16
profile_12,2021,17,685,2021,16
bounded_2,2021,17,685,2021,16
combined_4_2,2021,17,685,2021,16
production,2021,18,701,2021,17
profile_4,2021,18,701,2021,17
profile_12,2021,18,701,2021,17
bounded_2,2021,18,701,2021,17
combined_4_2,2021,18,701,2021,17
production,2022,1,717,2021,18
profile_4,2022,1,717,2021,18
profile_12,2022,1,717,2021,18
bounded_2,2022,1,717,2021,18
combined_4_2,2022,1,717,2021,18
production,2022,2,732,2022,1
profile_4,2022,2,732,2022,1
profile_12,2022,2,732,2022,1
bounded_2,2022,2,732,2022,1
combined_4_2,2022,2,732,2022,1
production,2022,3,748,2022,2
profile_4,2022,3,748,2022,2
profile_12,2022,3,748,2022,2
bounded_2,2022,3,748,2022,2
combined_4_2,2022,3,748,2022,2
production,2022,4,764,2022,3
profile_4,2022,4,764,2022,3
profile_12,2022,4,764,2022,3
bounded_2,2022,4,764,2022,3
combined_4_2,2022,4,764,2022,3
production,2022,5,780,2022,4
profile_4,2022,5,780,2022,4
profile_12,2022,5,780,2022,4
bounded_2,2022,5,780,2022,4
combined_4_2,2022,5,780,2022,4
production,2022,6,796,2022,5
profile_4,2022,6,796,2022,5
profile_12,2022,6,796,2022,5
bounded_2,2022,6,796,2022,5
combined_4_2,2022,6,796,2022,5
production,2022,7,810,2022,6
profile_4,2022,7,810,2022,6
profile_12,2022,7,810,2022,6
bounded_2,2022,7,810,2022,6
combined_4_2,2022,7,810,2022,6
production,2022,8,824,2022,7
profile_4,2022,8,824,2022,7
profile_12,2022,8,824,2022,7
bounded_2,2022,8,824,2022,7
combined_4_2,2022,8,824,2022,7
production,2022,9,839,2022,8
profile_4,2022,9,839,2022,8
profile_12,2022,9,839,2022,8
bounded_2,2022,9,839,2022,8
combined_4_2,2022,9,839,2022,8
production,2022,10,852,2022,9
profile_4,2022,10,852,2022,9
profile_12,2022,10,852,2022,9
bounded_2,2022,10,852,2022,9
combined_4_2,2022,10,852,2022,9
production,2022,11,866,2022,10
profile_4,2022,11,866,2022,10
profile_12,2022,11,866,2022,10
bounded_2,2022,11,866,2022,10
combined_4_2,2022,11,866,2022,10
production,2022,12,880,2022,11
profile_4,2022,12,880,2022,11
profile_12,2022,12,880,2022,11
bounded_2,2022,12,880,2022,11
combined_4_2,2022,12,880,2022,11
production,2022,13,896,2022,12
profile_4,2022,13,896,2022,12
profile_12,2022,13,896,2022,12
bounded_2,2022,13,896,2022,12
combined_4_2,2022,13,896,2022,12
production,2022,14,910,2022,13
profile_4,2022,14,910,2022,13
profile_12,2022,14,910,2022,13
bounded_2,2022,14,910,2022,13
combined_4_2,2022,14,910,2022,13
production,2022,15,923,2022,14
profile_4,2022,15,923,2022,14
profile_12,2022,15,923,2022,14
bounded_2,2022,15,923,2022,14
combined_4_2,2022,15,923,2022,14
production,2022,16,939,2022,15
profile_4,2022,16,939,2022,15
profile_12,2022,16,939,2022,15
bounded_2,2022,16,939,2022,15
combined_4_2,2022,16,939,2022,15
production,2022,17,955,2022,16
profile_4,2022,17,955,2022,16
profile_12,2022,17,955,2022,16
bounded_2,2022,17,955,2022,16
combined_4_2,2022,17,955,2022,16
production,2022,18,970,2022,17
profile_4,2022,18,970,2022,17
profile_12,2022,18,970,2022,17
bounded_2,2022,18,970,2022,17
combined_4_2,2022,18,970,2022,17
production,2023,1,986,2022,18
profile_4,2023,1,986,2022,18
profile_12,2023,1,986,2022,18
bounded_2,2023,1,986,2022,18
combined_4_2,2023,1,986,2022,18
production,2023,2,1002,2023,1
profile_4,2023,2,1002,2023,1
profile_12,2023,2,1002,2023,1
bounded_2,2023,2,1002,2023,1
combined_4_2,2023,2,1002,2023,1
production,2023,3,1018,2023,2
profile_4,2023,3,1018,2023,2
profile_12,2023,3,1018,2023,2
bounded_2,2023,3,1018,2023,2
combined_4_2,2023,3,1018,2023,2
production,2023,4,1034,2023,3
profile_4,2023,4,1034,2023,3
profile_12,2023,4,1034,2023,3
bounded_2,2023,4,1034,2023,3
combined_4_2,2023,4,1034,2023,3
production,2023,5,1050,2023,4
profile_4,2023,5,1050,2023,4
profile_12,2023,5,1050,2023,4
bounded_2,2023,5,1050,2023,4
combined_4_2,2023,5,1050,2023,4
production,2023,6,1064,2023,5
profile_4,2023,6,1064,2023,5
profile_12,2023,6,1064,2023,5
bounded_2,2023,6,1064,2023,5
combined_4_2,2023,6,1064,2023,5
production,2023,7,1079,2023,6
profile_4,2023,7,1079,2023,6
profile_12,2023,7,1079,2023,6
bounded_2,2023,7,1079,2023,6
combined_4_2,2023,7,1079,2023,6
production,2023,8,1092,2023,7
profile_4,2023,8,1092,2023,7
profile_12,2023,8,1092,2023,7
bounded_2,2023,8,1092,2023,7
combined_4_2,2023,8,1092,2023,7
production,2023,9,1108,2023,8
profile_4,2023,9,1108,2023,8
profile_12,2023,9,1108,2023,8
bounded_2,2023,9,1108,2023,8
combined_4_2,2023,9,1108,2023,8
production,2023,10,1122,2023,9
profile_4,2023,10,1122,2023,9
profile_12,2023,10,1122,2023,9
bounded_2,2023,10,1122,2023,9
combined_4_2,2023,10,1122,2023,9
production,2023,11,1136,2023,10
profile_4,2023,11,1136,2023,10
profile_12,2023,11,1136,2023,10
bounded_2,2023,11,1136,2023,10
combined_4_2,2023,11,1136,2023,10
production,2023,12,1150,2023,11
profile_4,2023,12,1150,2023,11
profile_12,2023,12,1150,2023,11
bounded_2,2023,12,1150,2023,11
combined_4_2,2023,12,1150,2023,11
production,2023,13,1166,2023,12
profile_4,2023,13,1166,2023,12
profile_12,2023,13,1166,2023,12
bounded_2,2023,13,1166,2023,12
combined_4_2,2023,13,1166,2023,12
production,2023,14,1179,2023,13
profile_4,2023,14,1179,2023,13
profile_12,2023,14,1179,2023,13
bounded_2,2023,14,1179,2023,13
combined_4_2,2023,14,1179,2023,13
production,2023,15,1194,2023,14
profile_4,2023,15,1194,2023,14
profile_12,2023,15,1194,2023,14
bounded_2,2023,15,1194,2023,14
combined_4_2,2023,15,1194,2023,14
production,2023,16,1210,2023,15
profile_4,2023,16,1210,2023,15
profile_12,2023,16,1210,2023,15
bounded_2,2023,16,1210,2023,15
combined_4_2,2023,16,1210,2023,15
production,2023,17,1226,2023,16
profile_4,2023,17,1226,2023,16
profile_12,2023,17,1226,2023,16
bounded_2,2023,17,1226,2023,16
combined_4_2,2023,17,1226,2023,16
production,2023,18,1242,2023,17
profile_4,2023,18,1242,2023,17
profile_12,2023,18,1242,2023,17
bounded_2,2023,18,1242,2023,17
combined_4_2,2023,18,1242,2023,17
production,2024,1,1258,2023,18
profile_4,2024,1,1258,2023,18
profile_12,2024,1,1258,2023,18
bounded_2,2024,1,1258,2023,18
combined_4_2,2024,1,1258,2023,18
production,2024,2,1274,2024,1
profile_4,2024,2,1274,2024,1
profile_12,2024,2,1274,2024,1
bounded_2,2024,2,1274,2024,1
combined_4_2,2024,2,1274,2024,1
production,2024,3,1290,2024,2
profile_4,2024,3,1290,2024,2
profile_12,2024,3,1290,2024,2
bounded_2,2024,3,1290,2024,2
combined_4_2,2024,3,1290,2024,2
production,2024,4,1306,2024,3
profile_4,2024,4,1306,2024,3
profile_12,2024,4,1306,2024,3
bounded_2,2024,4,1306,2024,3
combined_4_2,2024,4,1306,2024,3
production,2024,5,1322,2024,4
profile_4,2024,5,1322,2024,4
profile_12,2024,5,1322,2024,4
bounded_2,2024,5,1322,2024,4
combined_4_2,2024,5,1322,2024,4
production,2024,6,1336,2024,5
profile_4,2024,6,1336,2024,5
profile_12,2024,6,1336,2024,5
bounded_2,2024,6,1336,2024,5
combined_4_2,2024,6,1336,2024,5
production,2024,7,1350,2024,6
profile_4,2024,7,1350,2024,6
profile_12,2024,7,1350,2024,6
bounded_2,2024,7,1350,2024,6
combined_4_2,2024,7,1350,2024,6
production,2024,8,1365,2024,7
profile_4,2024,8,1365,2024,7
profile_12,2024,8,1365,2024,7
bounded_2,2024,8,1365,2024,7
combined_4_2,2024,8,1365,2024,7
production,2024,9,1381,2024,8
profile_4,2024,9,1381,2024,8
profile_12,2024,9,1381,2024,8
bounded_2,2024,9,1381,2024,8
combined_4_2,2024,9,1381,2024,8
production,2024,10,1396,2024,9
profile_4,2024,10,1396,2024,9
profile_12,2024,10,1396,2024,9
bounded_2,2024,10,1396,2024,9
combined_4_2,2024,10,1396,2024,9
production,2024,11,1410,2024,10
profile_4,2024,11,1410,2024,10
profile_12,2024,11,1410,2024,10
bounded_2,2024,11,1410,2024,10
combined_4_2,2024,11,1410,2024,10
production,2024,12,1424,2024,11
profile_4,2024,12,1424,2024,11
profile_12,2024,12,1424,2024,11
bounded_2,2024,12,1424,2024,11
combined_4_2,2024,12,1424,2024,11
production,2024,13,1437,2024,12
profile_4,2024,13,1437,2024,12
profile_12,2024,13,1437,2024,12
bounded_2,2024,13,1437,2024,12
combined_4_2,2024,13,1437,2024,12
production,2024,14,1453,2024,13
profile_4,2024,14,1453,2024,13
profile_12,2024,14,1453,2024,13
bounded_2,2024,14,1453,2024,13
combined_4_2,2024,14,1453,2024,13
production,2024,15,1466,2024,14
profile_4,2024,15,1466,2024,14
profile_12,2024,15,1466,2024,14
bounded_2,2024,15,1466,2024,14
combined_4_2,2024,15,1466,2024,14
production,2024,16,1482,2024,15
profile_4,2024,16,1482,2024,15
profile_12,2024,16,1482,2024,15
bounded_2,2024,16,1482,2024,15
combined_4_2,2024,16,1482,2024,15
production,2024,17,1498,2024,16
profile_4,2024,17,1498,2024,16
profile_12,2024,17,1498,2024,16
bounded_2,2024,17,1498,2024,16
combined_4_2,2024,17,1498,2024,16
production,2024,18,1514,2024,17
profile_4,2024,18,1514,2024,17
profile_12,2024,18,1514,2024,17
bounded_2,2024,18,1514,2024,17
combined_4_2,2024,18,1514,2024,17
production,2025,1,1530,2024,18
profile_4,2025,1,1530,2024,18
profile_12,2025,1,1530,2024,18
bounded_2,2025,1,1530,2024,18
combined_4_2,2025,1,1530,2024,18
production,2025,2,1546,2025,1
profile_4,2025,2,1546,2025,1
profile_12,2025,2,1546,2025,1
bounded_2,2025,2,1546,2025,1
combined_4_2,2025,2,1546,2025,1
production,2025,3,1562,2025,2
profile_4,2025,3,1562,2025,2
profile_12,2025,3,1562,2025,2
bounded_2,2025,3,1562,2025,2
combined_4_2,2025,3,1562,2025,2
production,2025,4,1578,2025,3
profile_4,2025,4,1578,2025,3
profile_12,2025,4,1578,2025,3
bounded_2,2025,4,1578,2025,3
combined_4_2,2025,4,1578,2025,3
production,2025,5,1593,2025,4
profile_4,2025,5,1593,2025,4
profile_12,2025,5,1593,2025,4
bounded_2,2025,5,1593,2025,4
combined_4_2,2025,5,1593,2025,4
production,2025,6,1607,2025,5
profile_4,2025,6,1607,2025,5
profile_12,2025,6,1607,2025,5
bounded_2,2025,6,1607,2025,5
combined_4_2,2025,6,1607,2025,5
production,2025,7,1622,2025,6
profile_4,2025,7,1622,2025,6
profile_12,2025,7,1622,2025,6
bounded_2,2025,7,1622,2025,6
combined_4_2,2025,7,1622,2025,6
production,2025,8,1637,2025,7
profile_4,2025,8,1637,2025,7
profile_12,2025,8,1637,2025,7
bounded_2,2025,8,1637,2025,7
combined_4_2,2025,8,1637,2025,7
production,2025,9,1650,2025,8
profile_4,2025,9,1650,2025,8
profile_12,2025,9,1650,2025,8
bounded_2,2025,9,1650,2025,8
combined_4_2,2025,9,1650,2025,8
production,2025,10,1664,2025,9
profile_4,2025,10,1664,2025,9
profile_12,2025,10,1664,2025,9
bounded_2,2025,10,1664,2025,9
combined_4_2,2025,10,1664,2025,9
production,2025,11,1678,2025,10
profile_4,2025,11,1678,2025,10
profile_12,2025,11,1678,2025,10
bounded_2,2025,11,1678,2025,10
combined_4_2,2025,11,1678,2025,10
production,2025,12,1693,2025,11
profile_4,2025,12,1693,2025,11
profile_12,2025,12,1693,2025,11
bounded_2,2025,12,1693,2025,11
combined_4_2,2025,12,1693,2025,11
production,2025,13,1707,2025,12
profile_4,2025,13,1707,2025,12
profile_12,2025,13,1707,2025,12
bounded_2,2025,13,1707,2025,12
combined_4_2,2025,13,1707,2025,12
production,2025,14,1723,2025,13
profile_4,2025,14,1723,2025,13
profile_12,2025,14,1723,2025,13
bounded_2,2025,14,1723,2025,13
combined_4_2,2025,14,1723,2025,13
production,2025,15,1737,2025,14
profile_4,2025,15,1737,2025,14
profile_12,2025,15,1737,2025,14
bounded_2,2025,15,1737,2025,14
combined_4_2,2025,15,1737,2025,14
production,2025,16,1753,2025,15
profile_4,2025,16,1753,2025,15
profile_12,2025,16,1753,2025,15
bounded_2,2025,16,1753,2025,15
combined_4_2,2025,16,1753,2025,15
production,2025,17,1769,2025,16
profile_4,2025,17,1769,2025,16
profile_12,2025,17,1769,2025,16
bounded_2,2025,17,1769,2025,16
combined_4_2,2025,17,1769,2025,16
production,2025,18,1785,2025,17
profile_4,2025,18,1785,2025,17
profile_12,2025,18,1785,2025,17
bounded_2,2025,18,1785,2025,17
combined_4_2,2025,18,1785,2025,17
