season,week,reference_games,max_reference_season,max_reference_week,arm
2019,2,16,2019,1,production
2019,3,32,2019,2,production
2019,4,48,2019,3,production
2019,5,63,2019,4,production
2019,6,78,2019,5,production
2019,7,92,2019,6,production
2019,8,106,2019,7,production
2019,9,121,2019,8,production
2019,10,135,2019,9,production
2019,11,148,2019,10,production
2019,12,162,2019,11,production
2019,13,176,2019,12,production
2019,14,192,2019,13,production
2019,15,208,2019,14,production
2019,16,224,2019,15,production
2019,17,240,2019,16,production
2020,1,256,2019,17,production
2020,2,272,2020,1,production
2020,3,288,2020,2,production
2020,4,304,2020,3,production
2020,5,319,2020,4,production
2020,6,333,2020,5,production
2020,7,347,2020,6,production
2020,8,361,2020,7,production
2020,9,375,2020,8,production
2020,10,389,2020,9,production
2020,11,403,2020,10,production
2020,12,417,2020,11,production
2020,13,433,2020,12,production
2020,14,448,2020,13,production
2020,15,464,2020,14,production
2020,16,480,2020,15,production
2020,17,496,2020,16,production
2021,1,512,2020,17,production
2021,2,528,2021,1,production
2021,3,544,2021,2,production
2021,4,560,2021,3,production
2021,5,576,2021,4,production
2021,6,592,2021,5,production
2021,7,606,2021,6,production
2021,8,619,2021,7,production
2021,9,634,2021,8,production
2021,10,648,2021,9,production
2021,11,662,2021,10,production
2021,12,677,2021,11,production
2021,13,692,2021,12,production
2021,14,706,2021,13,production
2021,15,720,2021,14,production
2021,16,736,2021,15,production
2021,17,752,2021,16,production
2021,18,768,2021,17,production
2022,1,784,2021,18,production
2022,2,800,2022,1,production
2022,3,816,2022,2,production
2022,4,832,2022,3,production
2022,5,848,2022,4,production
2022,6,864,2022,5,production
2022,7,878,2022,6,production
2022,8,892,2022,7,production
2022,9,907,2022,8,production
2022,10,920,2022,9,production
2022,11,934,2022,10,production
2022,12,948,2022,11,production
2022,13,964,2022,12,production
2022,14,979,2022,13,production
2022,15,992,2022,14,production
2022,16,1008,2022,15,production
2022,17,1024,2022,16,production
2022,18,1039,2022,17,production
2023,1,1055,2022,18,production
2023,2,1071,2023,1,production
2023,3,1087,2023,2,production
2023,4,1103,2023,3,production
2023,5,1119,2023,4,production
2023,6,1133,2023,5,production
2023,7,1148,2023,6,production
2023,8,1161,2023,7,production
2023,9,1177,2023,8,production
2023,10,1191,2023,9,production
2023,11,1205,2023,10,production
2023,12,1219,2023,11,production
2023,13,1235,2023,12,production
2023,14,1248,2023,13,production
2023,15,1263,2023,14,production
2023,16,1279,2023,15,production
2023,17,1295,2023,16,production
2023,18,1311,2023,17,production
2024,1,1071,2023,18,production
2024,2,1087,2024,1,production
2024,3,1103,2024,2,production
2024,4,1119,2024,3,production
2024,5,1135,2024,4,production
2024,6,1149,2024,5,production
2024,7,1163,2024,6,production
2024,8,1178,2024,7,production
2024,9,1194,2024,8,production
2024,10,1209,2024,9,production
2024,11,1223,2024,10,production
2024,12,1237,2024,11,production
2024,13,1250,2024,12,production
2024,14,1266,2024,13,production
2024,15,1279,2024,14,production
2024,16,1295,2024,15,production
2024,17,1311,2024,16,production
2024,18,1327,2024,17,production
2025,1,1087,2024,18,production
2025,2,1103,2025,1,production
2025,3,1119,2025,2,production
2025,4,1135,2025,3,production
2025,5,1151,2025,4,production
2025,6,1165,2025,5,production
2025,7,1180,2025,6,production
2025,8,1195,2025,7,production
2025,9,1208,2025,8,production
2025,10,1222,2025,9,production
2025,11,1236,2025,10,production
2025,12,1251,2025,11,production
2025,13,1265,2025,12,production
2025,14,1281,2025,13,production
2025,15,1295,2025,14,production
2025,16,1311,2025,15,production
2025,17,1327,2025,16,production
2025,18,1343,2025,17,production
2026,1,1087,2025,18,production
2026,2,1103,2026,1,production
2026,3,1119,2026,2,production
2026,4,1135,2026,3,production
2026,5,1151,2026,4,production
2026,6,1166,2026,5,production
2026,7,1180,2026,6,production
2026,8,1194,2026,7,production
2026,9,1208,2026,8,production
2026,10,1223,2026,9,production
2026,11,1237,2026,10,production
2026,12,1250,2026,11,production
2026,13,1266,2026,12,production
2026,14,1280,2026,13,production
2026,15,1295,2026,14,production
2026,16,1311,2026,15,production
2026,17,1327,2026,16,production
2026,18,1343,2026,17,production
2019,2,16,2019,1,profile_4
2019,3,32,2019,2,profile_4
2019,4,48,2019,3,profile_4
2019,5,63,2019,4,profile_4
2019,6,78,2019,5,profile_4
2019,7,92,2019,6,profile_4
2019,8,106,2019,7,profile_4
2019,9,121,2019,8,profile_4
2019,10,135,2019,9,profile_4
2019,11,148,2019,10,profile_4
2019,12,162,2019,11,profile_4
2019,13,176,2019,12,profile_4
2019,14,192,2019,13,profile_4
2019,15,208,2019,14,profile_4
2019,16,224,2019,15,profile_4
2019,17,240,2019,16,profile_4
2020,1,256,2019,17,profile_4
2020,2,272,2020,1,profile_4
2020,3,288,2020,2,profile_4
2020,4,304,2020,3,profile_4
2020,5,319,2020,4,profile_4
2020,6,333,2020,5,profile_4
2020,7,347,2020,6,profile_4
2020,8,361,2020,7,profile_4
2020,9,375,2020,8,profile_4
2020,10,389,2020,9,profile_4
2020,11,403,2020,10,profile_4
2020,12,417,2020,11,profile_4
2020,13,433,2020,12,profile_4
2020,14,448,2020,13,profile_4
2020,15,464,2020,14,profile_4
2020,16,480,2020,15,profile_4
2020,17,496,2020,16,profile_4
2021,1,512,2020,17,profile_4
2021,2,528,2021,1,profile_4
2021,3,544,2021,2,profile_4
2021,4,560,2021,3,profile_4
2021,5,576,2021,4,profile_4
2021,6,592,2021,5,profile_4
2021,7,606,2021,6,profile_4
2021,8,619,2021,7,profile_4
2021,9,634,2021,8,profile_4
2021,10,648,2021,9,profile_4
2021,11,662,2021,10,profile_4
2021,12,677,2021,11,profile_4
2021,13,692,2021,12,profile_4
2021,14,706,2021,13,profile_4
2021,15,720,2021,14,profile_4
2021,16,736,2021,15,profile_4
2021,17,752,2021,16,profile_4
2021,18,768,2021,17,profile_4
2022,1,784,2021,18,profile_4
2022,2,800,2022,1,profile_4
2022,3,816,2022,2,profile_4
2022,4,832,2022,3,profile_4
2022,5,848,2022,4,profile_4
2022,6,864,2022,5,profile_4
2022,7,878,2022,6,profile_4
2022,8,892,2022,7,profile_4
2022,9,907,2022,8,profile_4
2022,10,920,2022,9,profile_4
2022,11,934,2022,10,profile_4
2022,12,948,2022,11,profile_4
2022,13,964,2022,12,profile_4
2022,14,979,2022,13,profile_4
2022,15,992,2022,14,profile_4
2022,16,1008,2022,15,profile_4
2022,17,1024,2022,16,profile_4
2022,18,1039,2022,17,profile_4
2023,1,1055,2022,18,profile_4
2023,2,1071,2023,1,profile_4
2023,3,1087,2023,2,profile_4
2023,4,1103,2023,3,profile_4
2023,5,1119,2023,4,profile_4
2023,6,1133,2023,5,profile_4
2023,7,1148,2023,6,profile_4
2023,8,1161,2023,7,profile_4
2023,9,1177,2023,8,profile_4
2023,10,1191,2023,9,profile_4
2023,11,1205,2023,10,profile_4
2023,12,1219,2023,11,profile_4
2023,13,1235,2023,12,profile_4
2023,14,1248,2023,13,profile_4
2023,15,1263,2023,14,profile_4
2023,16,1279,2023,15,profile_4
2023,17,1295,2023,16,profile_4
2023,18,1311,2023,17,profile_4
2024,1,1071,2023,18,profile_4
2024,2,1087,2024,1,profile_4
2024,3,1103,2024,2,profile_4
2024,4,1119,2024,3,profile_4
2024,5,1135,2024,4,profile_4
2024,6,1149,2024,5,profile_4
2024,7,1163,2024,6,profile_4
2024,8,1178,2024,7,profile_4
2024,9,1194,2024,8,profile_4
2024,10,1209,2024,9,profile_4
2024,11,1223,2024,10,profile_4
2024,12,1237,2024,11,profile_4
2024,13,1250,2024,12,profile_4
2024,14,1266,2024,13,profile_4
2024,15,1279,2024,14,profile_4
2024,16,1295,2024,15,profile_4
2024,17,1311,2024,16,profile_4
2024,18,1327,2024,17,profile_4
2025,1,1087,2024,18,profile_4
2025,2,1103,2025,1,profile_4
2025,3,1119,2025,2,profile_4
2025,4,1135,2025,3,profile_4
2025,5,1151,2025,4,profile_4
2025,6,1165,2025,5,profile_4
2025,7,1180,2025,6,profile_4
2025,8,1195,2025,7,profile_4
2025,9,1208,2025,8,profile_4
2025,10,1222,2025,9,profile_4
2025,11,1236,2025,10,profile_4
2025,12,1251,2025,11,profile_4
2025,13,1265,2025,12,profile_4
2025,14,1281,2025,13,profile_4
2025,15,1295,2025,14,profile_4
2025,16,1311,2025,15,profile_4
2025,17,1327,2025,16,profile_4
2025,18,1343,2025,17,profile_4
2026,1,1087,2025,18,profile_4
2026,2,1103,2026,1,profile_4
2026,3,1119,2026,2,profile_4
2026,4,1135,2026,3,profile_4
2026,5,1151,2026,4,profile_4
2026,6,1166,2026,5,profile_4
2026,7,1180,2026,6,profile_4
2026,8,1194,2026,7,profile_4
2026,9,1208,2026,8,profile_4
2026,10,1223,2026,9,profile_4
2026,11,1237,2026,10,profile_4
2026,12,1250,2026,11,profile_4
2026,13,1266,2026,12,profile_4
2026,14,1280,2026,13,profile_4
2026,15,1295,2026,14,profile_4
2026,16,1311,2026,15,profile_4
2026,17,1327,2026,16,profile_4
2026,18,1343,2026,17,profile_4
2019,2,16,2019,1,profile_12
2019,3,32,2019,2,profile_12
2019,4,48,2019,3,profile_12
2019,5,63,2019,4,profile_12
2019,6,78,2019,5,profile_12
2019,7,92,2019,6,profile_12
2019,8,106,2019,7,profile_12
2019,9,121,2019,8,profile_12
2019,10,135,2019,9,profile_12
2019,11,148,2019,10,profile_12
2019,12,162,2019,11,profile_12
2019,13,176,2019,12,profile_12
2019,14,192,2019,13,profile_12
2019,15,208,2019,14,profile_12
2019,16,224,2019,15,profile_12
2019,17,240,2019,16,profile_12
2020,1,256,2019,17,profile_12
2020,2,272,2020,1,profile_12
2020,3,288,2020,2,profile_12
2020,4,304,2020,3,profile_12
2020,5,319,2020,4,profile_12
2020,6,333,2020,5,profile_12
2020,7,347,2020,6,profile_12
2020,8,361,2020,7,profile_12
2020,9,375,2020,8,profile_12
2020,10,389,2020,9,profile_12
2020,11,403,2020,10,profile_12
2020,12,417,2020,11,profile_12
2020,13,433,2020,12,profile_12
2020,14,448,2020,13,profile_12
2020,15,464,2020,14,profile_12
2020,16,480,2020,15,profile_12
2020,17,496,2020,16,profile_12
2021,1,512,2020,17,profile_12
2021,2,528,2021,1,profile_12
2021,3,544,2021,2,profile_12
2021,4,560,2021,3,profile_12
2021,5,576,2021,4,profile_12
2021,6,592,2021,5,profile_12
2021,7,606,2021,6,profile_12
2021,8,619,2021,7,profile_12
2021,9,634,2021,8,profile_12
2021,10,648,2021,9,profile_12
2021,11,662,2021,10,profile_12
2021,12,677,2021,11,profile_12
2021,13,692,2021,12,profile_12
2021,14,706,2021,13,profile_12
2021,15,720,2021,14,profile_12
2021,16,736,2021,15,profile_12
2021,17,752,2021,16,profile_12
2021,18,768,2021,17,profile_12
2022,1,784,2021,18,profile_12
2022,2,800,2022,1,profile_12
2022,3,816,2022,2,profile_12
2022,4,832,2022,3,profile_12
2022,5,848,2022,4,profile_12
2022,6,864,2022,5,profile_12
2022,7,878,2022,6,profile_12
2022,8,892,2022,7,profile_12
2022,9,907,2022,8,profile_12
2022,10,920,2022,9,profile_12
2022,11,934,2022,10,profile_12
2022,12,948,2022,11,profile_12
2022,13,964,2022,12,profile_12
2022,14,979,2022,13,profile_12
2022,15,992,2022,14,profile_12
2022,16,1008,2022,15,profile_12
2022,17,1024,2022,16,profile_12
2022,18,1039,2022,17,profile_12
2023,1,1055,2022,18,profile_12
2023,2,1071,2023,1,profile_12
2023,3,1087,2023,2,profile_12
2023,4,1103,2023,3,profile_12
2023,5,1119,2023,4,profile_12
2023,6,1133,2023,5,profile_12
2023,7,1148,2023,6,profile_12
2023,8,1161,2023,7,profile_12
2023,9,1177,2023,8,profile_12
2023,10,1191,2023,9,profile_12
2023,11,1205,2023,10,profile_12
2023,12,1219,2023,11,profile_12
2023,13,1235,2023,12,profile_12
2023,14,1248,2023,13,profile_12
2023,15,1263,2023,14,profile_12
2023,16,1279,2023,15,profile_12
2023,17,1295,2023,16,profile_12
2023,18,1311,2023,17,profile_12
2024,1,1071,2023,18,profile_12
2024,2,1087,2024,1,profile_12
2024,3,1103,2024,2,profile_12
2024,4,1119,2024,3,profile_12
2024,5,1135,2024,4,profile_12
2024,6,1149,2024,5,profile_12
2024,7,1163,2024,6,profile_12
2024,8,1178,2024,7,profile_12
2024,9,1194,2024,8,profile_12
2024,10,1209,2024,9,profile_12
2024,11,1223,2024,10,profile_12
2024,12,1237,2024,11,profile_12
2024,13,1250,2024,12,profile_12
2024,14,1266,2024,13,profile_12
2024,15,1279,2024,14,profile_12
2024,16,1295,2024,15,profile_12
2024,17,1311,2024,16,profile_12
2024,18,1327,2024,17,profile_12
2025,1,1087,2024,18,profile_12
2025,2,1103,2025,1,profile_12
2025,3,1119,2025,2,profile_12
2025,4,1135,2025,3,profile_12
2025,5,1151,2025,4,profile_12
2025,6,1165,2025,5,profile_12
2025,7,1180,2025,6,profile_12
2025,8,1195,2025,7,profile_12
2025,9,1208,2025,8,profile_12
2025,10,1222,2025,9,profile_12
2025,11,1236,2025,10,profile_12
2025,12,1251,2025,11,profile_12
2025,13,1265,2025,12,profile_12
2025,14,1281,2025,13,profile_12
2025,15,1295,2025,14,profile_12
2025,16,1311,2025,15,profile_12
2025,17,1327,2025,16,profile_12
2025,18,1343,2025,17,profile_12
2026,1,1087,2025,18,profile_12
2026,2,1103,2026,1,profile_12
2026,3,1119,2026,2,profile_12
2026,4,1135,2026,3,profile_12
2026,5,1151,2026,4,profile_12
2026,6,1166,2026,5,profile_12
2026,7,1180,2026,6,profile_12
2026,8,1194,2026,7,profile_12
2026,9,1208,2026,8,profile_12
2026,10,1223,2026,9,profile_12
2026,11,1237,2026,10,profile_12
2026,12,1250,2026,11,profile_12
2026,13,1266,2026,12,profile_12
2026,14,1280,2026,13,profile_12
2026,15,1295,2026,14,profile_12
2026,16,1311,2026,15,profile_12
2026,17,1327,2026,16,profile_12
2026,18,1343,2026,17,profile_12
2019,2,16,2019,1,bounded_2
2019,3,32,2019,2,bounded_2
2019,4,48,2019,3,bounded_2
2019,5,63,2019,4,bounded_2
2019,6,78,2019,5,bounded_2
2019,7,92,2019,6,bounded_2
2019,8,106,2019,7,bounded_2
2019,9,121,2019,8,bounded_2
2019,10,135,2019,9,bounded_2
2019,11,148,2019,10,bounded_2
2019,12,162,2019,11,bounded_2
2019,13,176,2019,12,bounded_2
2019,14,192,2019,13,bounded_2
2019,15,208,2019,14,bounded_2
2019,16,224,2019,15,bounded_2
2019,17,240,2019,16,bounded_2
2020,1,256,2019,17,bounded_2
2020,2,272,2020,1,bounded_2
2020,3,288,2020,2,bounded_2
2020,4,304,2020,3,bounded_2
2020,5,319,2020,4,bounded_2
2020,6,333,2020,5,bounded_2
2020,7,347,2020,6,bounded_2
2020,8,361,2020,7,bounded_2
2020,9,375,2020,8,bounded_2
2020,10,389,2020,9,bounded_2
2020,11,403,2020,10,bounded_2
2020,12,417,2020,11,bounded_2
2020,13,433,2020,12,bounded_2
2020,14,448,2020,13,bounded_2
2020,15,464,2020,14,bounded_2
2020,16,480,2020,15,bounded_2
2020,17,496,2020,16,bounded_2
2021,1,512,2020,17,bounded_2
2021,2,528,2021,1,bounded_2
2021,3,544,2021,2,bounded_2
2021,4,560,2021,3,bounded_2
2021,5,576,2021,4,bounded_2
2021,6,592,2021,5,bounded_2
2021,7,606,2021,6,bounded_2
2021,8,619,2021,7,bounded_2
2021,9,634,2021,8,bounded_2
2021,10,648,2021,9,bounded_2
2021,11,662,2021,10,bounded_2
2021,12,677,2021,11,bounded_2
2021,13,692,2021,12,bounded_2
2021,14,706,2021,13,bounded_2
2021,15,720,2021,14,bounded_2
2021,16,736,2021,15,bounded_2
2021,17,752,2021,16,bounded_2
2021,18,768,2021,17,bounded_2
2022,1,784,2021,18,bounded_2
2022,2,800,2022,1,bounded_2
2022,3,816,2022,2,bounded_2
2022,4,832,2022,3,bounded_2
2022,5,848,2022,4,bounded_2
2022,6,864,2022,5,bounded_2
2022,7,878,2022,6,bounded_2
2022,8,892,2022,7,bounded_2
2022,9,907,2022,8,bounded_2
2022,10,920,2022,9,bounded_2
2022,11,934,2022,10,bounded_2
2022,12,948,2022,11,bounded_2
2022,13,964,2022,12,bounded_2
2022,14,979,2022,13,bounded_2
2022,15,992,2022,14,bounded_2
2022,16,1008,2022,15,bounded_2
2022,17,1024,2022,16,bounded_2
2022,18,1039,2022,17,bounded_2
2023,1,1055,2022,18,bounded_2
2023,2,1071,2023,1,bounded_2
2023,3,1087,2023,2,bounded_2
2023,4,1103,2023,3,bounded_2
2023,5,1119,2023,4,bounded_2
2023,6,1133,2023,5,bounded_2
2023,7,1148,2023,6,bounded_2
2023,8,1161,2023,7,bounded_2
2023,9,1177,2023,8,bounded_2
2023,10,1191,2023,9,bounded_2
2023,11,1205,2023,10,bounded_2
2023,12,1219,2023,11,bounded_2
2023,13,1235,2023,12,bounded_2
2023,14,1248,2023,13,bounded_2
2023,15,1263,2023,14,bounded_2
2023,16,1279,2023,15,bounded_2
2023,17,1295,2023,16,bounded_2
2023,18,1311,2023,17,bounded_2
2024,1,1071,2023,18,bounded_2
2024,2,1087,2024,1,bounded_2
2024,3,1103,2024,2,bounded_2
2024,4,1119,2024,3,bounded_2
2024,5,1135,2024,4,bounded_2
2024,6,1149,2024,5,bounded_2
2024,7,1163,2024,6,bounded_2
2024,8,1178,2024,7,bounded_2
2024,9,1194,2024,8,bounded_2
2024,10,1209,2024,9,bounded_2
2024,11,1223,2024,10,bounded_2
2024,12,1237,2024,11,bounded_2
2024,13,1250,2024,12,bounded_2
2024,14,1266,2024,13,bounded_2
2024,15,1279,2024,14,bounded_2
2024,16,1295,2024,15,bounded_2
2024,17,1311,2024,16,bounded_2
2024,18,1327,2024,17,bounded_2
2025,1,1087,2024,18,bounded_2
2025,2,1103,2025,1,bounded_2
2025,3,1119,2025,2,bounded_2
2025,4,1135,2025,3,bounded_2
2025,5,1151,2025,4,bounded_2
2025,6,1165,2025,5,bounded_2
2025,7,1180,2025,6,bounded_2
2025,8,1195,2025,7,bounded_2
2025,9,1208,2025,8,bounded_2
2025,10,1222,2025,9,bounded_2
2025,11,1236,2025,10,bounded_2
2025,12,1251,2025,11,bounded_2
2025,13,1265,2025,12,bounded_2
2025,14,1281,2025,13,bounded_2
2025,15,1295,2025,14,bounded_2
2025,16,1311,2025,15,bounded_2
2025,17,1327,2025,16,bounded_2
2025,18,1343,2025,17,bounded_2
2026,1,1087,2025,18,bounded_2
2026,2,1103,2026,1,bounded_2
2026,3,1119,2026,2,bounded_2
2026,4,1135,2026,3,bounded_2
2026,5,1151,2026,4,bounded_2
2026,6,1166,2026,5,bounded_2
2026,7,1180,2026,6,bounded_2
2026,8,1194,2026,7,bounded_2
2026,9,1208,2026,8,bounded_2
2026,10,1223,2026,9,bounded_2
2026,11,1237,2026,10,bounded_2
2026,12,1250,2026,11,bounded_2
2026,13,1266,2026,12,bounded_2
2026,14,1280,2026,13,bounded_2
2026,15,1295,2026,14,bounded_2
2026,16,1311,2026,15,bounded_2
2026,17,1327,2026,16,bounded_2
2026,18,1343,2026,17,bounded_2
2019,2,16,2019,1,combined_4_2
2019,3,32,2019,2,combined_4_2
2019,4,48,2019,3,combined_4_2
2019,5,63,2019,4,combined_4_2
2019,6,78,2019,5,combined_4_2
2019,7,92,2019,6,combined_4_2
2019,8,106,2019,7,combined_4_2
2019,9,121,2019,8,combined_4_2
2019,10,135,2019,9,combined_4_2
2019,11,148,2019,10,combined_4_2
2019,12,162,2019,11,combined_4_2
2019,13,176,2019,12,combined_4_2
2019,14,192,2019,13,combined_4_2
2019,15,208,2019,14,combined_4_2
2019,16,224,2019,15,combined_4_2
2019,17,240,2019,16,combined_4_2
2020,1,256,2019,17,combined_4_2
2020,2,272,2020,1,combined_4_2
2020,3,288,2020,2,combined_4_2
2020,4,304,2020,3,combined_4_2
2020,5,319,2020,4,combined_4_2
2020,6,333,2020,5,combined_4_2
2020,7,347,2020,6,combined_4_2
2020,8,361,2020,7,combined_4_2
2020,9,375,2020,8,combined_4_2
2020,10,389,2020,9,combined_4_2
2020,11,403,2020,10,combined_4_2
2020,12,417,2020,11,combined_4_2
2020,13,433,2020,12,combined_4_2
2020,14,448,2020,13,combined_4_2
2020,15,464,2020,14,combined_4_2
2020,16,480,2020,15,combined_4_2
2020,17,496,2020,16,combined_4_2
2021,1,512,2020,17,combined_4_2
2021,2,528,2021,1,combined_4_2
2021,3,544,2021,2,combined_4_2
2021,4,560,2021,3,combined_4_2
2021,5,576,2021,4,combined_4_2
2021,6,592,2021,5,combined_4_2
2021,7,606,2021,6,combined_4_2
2021,8,619,2021,7,combined_4_2
2021,9,634,2021,8,combined_4_2
2021,10,648,2021,9,combined_4_2
2021,11,662,2021,10,combined_4_2
2021,12,677,2021,11,combined_4_2
2021,13,692,2021,12,combined_4_2
2021,14,706,2021,13,combined_4_2
2021,15,720,2021,14,combined_4_2
2021,16,736,2021,15,combined_4_2
2021,17,752,2021,16,combined_4_2
2021,18,768,2021,17,combined_4_2
2022,1,784,2021,18,combined_4_2
2022,2,800,2022,1,combined_4_2
2022,3,816,2022,2,combined_4_2
2022,4,832,2022,3,combined_4_2
2022,5,848,2022,4,combined_4_2
2022,6,864,2022,5,combined_4_2
2022,7,878,2022,6,combined_4_2
2022,8,892,2022,7,combined_4_2
2022,9,907,2022,8,combined_4_2
2022,10,920,2022,9,combined_4_2
2022,11,934,2022,10,combined_4_2
2022,12,948,2022,11,combined_4_2
2022,13,964,2022,12,combined_4_2
2022,14,979,2022,13,combined_4_2
2022,15,992,2022,14,combined_4_2
2022,16,1008,2022,15,combined_4_2
2022,17,1024,2022,16,combined_4_2
2022,18,1039,2022,17,combined_4_2
2023,1,1055,2022,18,combined_4_2
2023,2,1071,2023,1,combined_4_2
2023,3,1087,2023,2,combined_4_2
2023,4,1103,2023,3,combined_4_2
2023,5,1119,2023,4,combined_4_2
2023,6,1133,2023,5,combined_4_2
2023,7,1148,2023,6,combined_4_2
2023,8,1161,2023,7,combined_4_2
2023,9,1177,2023,8,combined_4_2
2023,10,1191,2023,9,combined_4_2
2023,11,1205,2023,10,combined_4_2
2023,12,1219,2023,11,combined_4_2
2023,13,1235,2023,12,combined_4_2
2023,14,1248,2023,13,combined_4_2
2023,15,1263,2023,14,combined_4_2
2023,16,1279,2023,15,combined_4_2
2023,17,1295,2023,16,combined_4_2
2023,18,1311,2023,17,combined_4_2
2024,1,1071,2023,18,combined_4_2
2024,2,1087,2024,1,combined_4_2
2024,3,1103,2024,2,combined_4_2
2024,4,1119,2024,3,combined_4_2
2024,5,1135,2024,4,combined_4_2
2024,6,1149,2024,5,combined_4_2
2024,7,1163,2024,6,combined_4_2
2024,8,1178,2024,7,combined_4_2
2024,9,1194,2024,8,combined_4_2
2024,10,1209,2024,9,combined_4_2
2024,11,1223,2024,10,combined_4_2
2024,12,1237,2024,11,combined_4_2
2024,13,1250,2024,12,combined_4_2
2024,14,1266,2024,13,combined_4_2
2024,15,1279,2024,14,combined_4_2
2024,16,1295,2024,15,combined_4_2
2024,17,1311,2024,16,combined_4_2
2024,18,1327,2024,17,combined_4_2
2025,1,1087,2024,18,combined_4_2
2025,2,1103,2025,1,combined_4_2
2025,3,1119,2025,2,combined_4_2
2025,4,1135,2025,3,combined_4_2
2025,5,1151,2025,4,combined_4_2
2025,6,1165,2025,5,combined_4_2
2025,7,1180,2025,6,combined_4_2
2025,8,1195,2025,7,combined_4_2
2025,9,1208,2025,8,combined_4_2
2025,10,1222,2025,9,combined_4_2
2025,11,1236,2025,10,combined_4_2
2025,12,1251,2025,11,combined_4_2
2025,13,1265,2025,12,combined_4_2
2025,14,1281,2025,13,combined_4_2
2025,15,1295,2025,14,combined_4_2
2025,16,1311,2025,15,combined_4_2
2025,17,1327,2025,16,combined_4_2
2025,18,1343,2025,17,combined_4_2
2026,1,1087,2025,18,combined_4_2
2026,2,1103,2026,1,combined_4_2
2026,3,1119,2026,2,combined_4_2
2026,4,1135,2026,3,combined_4_2
2026,5,1151,2026,4,combined_4_2
2026,6,1166,2026,5,combined_4_2
2026,7,1180,2026,6,combined_4_2
2026,8,1194,2026,7,combined_4_2
2026,9,1208,2026,8,combined_4_2
2026,10,1223,2026,9,combined_4_2
2026,11,1237,2026,10,combined_4_2
2026,12,1250,2026,11,combined_4_2
2026,13,1266,2026,12,combined_4_2
2026,14,1280,2026,13,combined_4_2
2026,15,1295,2026,14,combined_4_2
2026,16,1311,2026,15,combined_4_2
2026,17,1327,2026,16,combined_4_2
2026,18,1343,2026,17,combined_4_2
