game_id,generated_utc,archived_probability,market_probability,production,product_only,active_10,active_30,active_100,information_30
2026_05_BAL_ATL,2026-10-10T13:03:18.705134+00:00,0.7097011510878918,0.6164383561643836,0.7097011510878919,0.7146873236120341,0.7100288586214212,0.7105520915135518,0.7116908160803691,0.7127696299188128
2026_05_CHI_GB,2026-10-10T13:03:18.705134+00:00,0.49856884026016274,0.4675324675324675,0.49856884026016296,0.49869836282807817,0.49855352567317585,0.4985191088915968,0.49846394891035795,0.4987692768191064
2026_05_CIN_MIA,2026-10-10T13:03:18.705134+00:00,0.2579851567969552,0.2522172949002217,0.2579851567969551,0.2563516002052582,0.25791843843447987,0.2577947779500048,0.2574514014265758,0.2569511825947
2026_05_CLE_NYJ,2026-10-10T13:03:18.705134+00:00,0.5438206168822776,0.551441114716549,0.5438206168822776,0.5407610776542868,0.5436437455794704,0.54334474073844,0.5426815176341455,0.5426396124210517
2026_05_DEN_LAC,2026-10-10T13:03:18.705134+00:00,0.41344068614894,0.3690596562184025,0.41344068614893964,0.40816395434260283,0.4131045646935384,0.4125455577038308,0.41130806977523143,0.4106593825576007
2026_05_DET_ARI,2026-10-10T13:03:18.705134+00:00,0.34285279803148805,0.31460674157303364,0.342852798031488,0.3076014986989498,0.3397258699519878,0.3348314143819372,0.3252058356172169,0.3205796217879745
2026_05_HOU_TEN,2026-10-10T13:03:18.705134+00:00,0.2421923744647326,0.2491874322860238,0.2421923744647325,0.23925452539090408,0.2420857023270579,0.24188121606551308,0.2413074689530679,0.24076424094304488
2026_05_IND_PIT,2026-10-10T13:03:18.705134+00:00,0.5401720014638394,0.5720596355604638,0.5401720014638393,0.5414237144427506,0.5402659187407313,0.540416725531955,0.5407222775072131,0.5407659492617332
2026_05_LV_NE,2026-10-10T13:03:18.705134+00:00,0.611193219968726,0.6309403437815976,0.6111932199687258,0.6049383439019596,0.6106942992400619,0.609917100203235,0.6083409160510296,0.6071280341004586
2026_05_MIN_NO,2026-10-10T13:03:18.705134+00:00,0.48200288579085104,0.43650793650793646,0.48200288579085104,0.4745866187939187,0.48154429312701147,0.4807882777674721,0.4791013158073391,0.4779543221840794
2026_05_NYG_WAS,2026-10-10T13:03:18.705134+00:00,0.576515359233271,0.6037569709421778,0.576515359233271,0.5710698833386262,0.5761562846072659,0.5755720065971407,0.5743085682280082,0.5735599825247577
2026_05_PHI_JAX,2026-10-10T13:03:18.705134+00:00,0.7953465162833812,0.7659021045164341,0.7953465162833812,0.7861931904721924,0.7947363072825604,0.7937376385541732,0.7915503903903532,0.7899738542712123
2026_05_SF_SEA,2026-10-10T13:03:18.705134+00:00,0.9390388806510199,0.593369754159424,0.9390388806510197,0.7495654688462243,0.9310501309198856,0.9168419900991885,0.8803599014370642,0.8468586254992242
