season,week,reference_games,max_reference_season,max_reference_week
2019,2,16,2019,1
2019,3,32,2019,2
2019,4,48,2019,3
2019,5,63,2019,4
2019,6,78,2019,5
2019,7,92,2019,6
2019,8,106,2019,7
2019,9,121,2019,8
2019,10,135,2019,9
2019,11,148,2019,10
2019,12,162,2019,11
2019,13,176,2019,12
2019,14,192,2019,13
2019,15,208,2019,14
2019,16,224,2019,15
2019,17,240,2019,16
2020,1,256,2019,17
2020,2,272,2020,1
2020,3,288,2020,2
2020,4,304,2020,3
2020,5,319,2020,4
2020,6,333,2020,5
2020,7,347,2020,6
2020,8,361,2020,7
2020,9,375,2020,8
2020,10,389,2020,9
2020,11,403,2020,10
2020,12,417,2020,11
2020,13,433,2020,12
2020,14,448,2020,13
2020,15,464,2020,14
2020,16,480,2020,15
2020,17,496,2020,16
2021,1,512,2020,17
2021,2,528,2021,1
2021,3,544,2021,2
2021,4,560,2021,3
2021,5,576,2021,4
2021,6,592,2021,5
2021,7,606,2021,6
2021,8,619,2021,7
2021,9,634,2021,8
2021,10,648,2021,9
2021,11,662,2021,10
2021,12,677,2021,11
2021,13,692,2021,12
2021,14,706,2021,13
2021,15,720,2021,14
2021,16,736,2021,15
2021,17,752,2021,16
2021,18,768,2021,17
2022,1,784,2021,18
2022,2,800,2022,1
2022,3,816,2022,2
2022,4,832,2022,3
2022,5,848,2022,4
2022,6,864,2022,5
2022,7,878,2022,6
2022,8,892,2022,7
2022,9,907,2022,8
2022,10,920,2022,9
2022,11,934,2022,10
2022,12,948,2022,11
2022,13,964,2022,12
2022,14,979,2022,13
2022,15,992,2022,14
2022,16,1008,2022,15
2022,17,1024,2022,16
2022,18,1039,2022,17
2023,1,1055,2022,18
2023,2,1071,2023,1
2023,3,1087,2023,2
2023,4,1103,2023,3
2023,5,1119,2023,4
2023,6,1133,2023,5
2023,7,1148,2023,6
2023,8,1161,2023,7
2023,9,1177,2023,8
2023,10,1191,2023,9
2023,11,1205,2023,10
2023,12,1219,2023,11
2023,13,1235,2023,12
2023,14,1248,2023,13
2023,15,1263,2023,14
2023,16,1279,2023,15
2023,17,1295,2023,16
2023,18,1311,2023,17
2024,1,1071,2023,18
2024,2,1087,2024,1
2024,3,1103,2024,2
2024,4,1119,2024,3
2024,5,1135,2024,4
2024,6,1149,2024,5
2024,7,1163,2024,6
2024,8,1178,2024,7
2024,9,1194,2024,8
2024,10,1209,2024,9
2024,11,1223,2024,10
2024,12,1237,2024,11
2024,13,1250,2024,12
2024,14,1266,2024,13
2024,15,1279,2024,14
2024,16,1295,2024,15
2024,17,1311,2024,16
2024,18,1327,2024,17
2025,1,1087,2024,18
2025,2,1103,2025,1
2025,3,1119,2025,2
2025,4,1135,2025,3
2025,5,1151,2025,4
2025,6,1165,2025,5
2025,7,1180,2025,6
2025,8,1195,2025,7
2025,9,1208,2025,8
2025,10,1222,2025,9
2025,11,1236,2025,10
2025,12,1251,2025,11
2025,13,1265,2025,12
2025,14,1281,2025,13
2025,15,1295,2025,14
2025,16,1311,2025,15
2025,17,1327,2025,16
2025,18,1343,2025,17
2026,1,1087,2025,18
2026,2,1103,2026,1
2026,3,1119,2026,2
2026,4,1135,2026,3
2026,5,1151,2026,4
2026,6,1166,2026,5
2026,7,1180,2026,6
2026,8,1194,2026,7
2026,9,1208,2026,8
2026,10,1223,2026,9
2026,11,1237,2026,10
2026,12,1250,2026,11
2026,13,1266,2026,12
2026,14,1280,2026,13
2026,15,1295,2026,14
2026,16,1311,2026,15
2026,17,1327,2026,16
2026,18,1343,2026,17
